#
# There is insufficient memory for the Java Runtime Environment to continue.
# Native memory allocation (mmap) failed to map 65536 bytes. Error detail: Failed to commit metaspace.
# Possible reasons:
#   The system is out of physical RAM or swap space
#   This process is running with CompressedOops enabled, and the Java Heap may be blocking the growth of the native heap
# Possible solutions:
#   Reduce memory load on the system
#   Increase physical memory or swap space
#   Check if swap backing store is full
#   Decrease Java heap size (-Xmx/-Xms)
#   Decrease number of Java threads
#   Decrease Java thread stack sizes (-Xss)
#   Set larger code cache with -XX:ReservedCodeCacheSize=
#   JVM is running with Unscaled Compressed Oops mode in which the Java heap is
#     placed in the first 4GB address space. The Java Heap base address is the
#     maximum limit for the native heap growth. Please use -XX:HeapBaseMinAddress
#     to set the Java Heap base and to place the Java Heap above 4GB virtual address.
# This output file may be truncated or incomplete.
#
#  Out of Memory Error (virtualSpaceNode.cpp:113), pid=27816, tid=6848
#
# JRE version: OpenJDK Runtime Environment Temurin-21.0.9+10 (21.0.9+10) (build 21.0.9+10-LTS)
# Java VM: OpenJDK 64-Bit Server VM Temurin-21.0.9+10 (21.0.9+10-LTS, mixed mode, sharing, tiered, compressed oops, compressed class ptrs, parallel gc, windows-amd64)
# No core dump will be written. Minidumps are not enabled by default on client versions of Windows
#

---------------  S U M M A R Y ------------

Command Line: --add-modules=ALL-SYSTEM --add-opens=java.base/java.util=ALL-UNNAMED --add-opens=java.base/java.lang=ALL-UNNAMED --add-opens=java.base/sun.nio.fs=ALL-UNNAMED -Declipse.application=org.eclipse.jdt.ls.core.id1 -Dosgi.bundles.defaultStartLevel=4 -Declipse.product=org.eclipse.jdt.ls.core.product -Djava.import.generatesMetadataFilesAtProjectRoot=false -DDetectVMInstallationsJob.disabled=true -Dfile.encoding=utf8 -XX:+UseParallelGC -XX:GCTimeRatio=4 -XX:AdaptiveSizePolicyWeight=90 -Dsun.zip.disableMemoryMapping=true -Xmx2G -Xms100m -Xlog:disable -javaagent:c:\Users\arnav\.antigravity\extensions\redhat.java-1.52.0-win32-x64\lombok\lombok-1.18.39-4050.jar -XX:+HeapDumpOnOutOfMemoryError -XX:HeapDumpPath=c:\Users\arnav\AppData\Roaming\Antigravity\User\workspaceStorage\603311cd6a88f2ee341e435dc5e43a0b\redhat.java -Daether.dependencyCollector.impl=bf c:\Users\arnav\.antigravity\extensions\redhat.java-1.52.0-win32-x64\server\plugins\org.eclipse.equinox.launcher_1.7.100.v20251111-0406.jar -configuration c:\Users\arnav\AppData\Roaming\Antigravity\User\globalStorage\redhat.java\1.52.0\config_win -data c:\Users\arnav\AppData\Roaming\Antigravity\User\workspaceStorage\603311cd6a88f2ee341e435dc5e43a0b\redhat.java\jdt_ws --pipe=\\.\pipe\lsp-615d98ce56190c0cada386537d397863-sock

Host: 13th Gen Intel(R) Core(TM) i5-13500H, 16 cores, 15G,  Windows 11 , 64 bit Build 26100 (10.0.26100.7705)
Time: Thu Mar 19 17:11:32 2026 India Standard Time elapsed time: 6.546607 seconds (0d 0h 0m 6s)

---------------  T H R E A D  ---------------

Current thread (0x0000017afe391a50):  JavaThread "ForkJoinPool.commonPool-worker-1" daemon [_thread_in_vm, id=6848, stack(0x00000013bca00000,0x00000013bcb00000) (1024K)]

Stack: [0x00000013bca00000,0x00000013bcb00000]
Native frames: (J=compiled Java code, j=interpreted, Vv=VM code, C=native code)
V  [jvm.dll+0x6d6e29]
V  [jvm.dll+0x8b4b76]
V  [jvm.dll+0x8b712e]
V  [jvm.dll+0x8b7813]
V  [jvm.dll+0x283d86]
V  [jvm.dll+0x8b08be]
V  [jvm.dll+0x678824]
V  [jvm.dll+0x1e80ab]
V  [jvm.dll+0x1e7e6e]
V  [jvm.dll+0x67b122]
V  [jvm.dll+0x67af52]
V  [jvm.dll+0x6791fe]
V  [jvm.dll+0x2197a0]
V  [jvm.dll+0x21a218]
V  [jvm.dll+0x20f44e]
V  [jvm.dll+0x5b5a0f]
V  [jvm.dll+0x82dee6]
V  [jvm.dll+0x478438]
V  [jvm.dll+0x47e268]
C  [java.dll+0x17ec]

Java frames: (J=compiled Java code, j=interpreted, Vv=VM code)
J 1183  java.lang.ClassLoader.defineClass1(Ljava/lang/ClassLoader;Ljava/lang/String;[BIILjava/security/ProtectionDomain;Ljava/lang/String;)Ljava/lang/Class; java.base@21.0.9 (0 bytes) @ 0x0000017ae6b14291 [0x0000017ae6b141c0+0x00000000000000d1]
J 7008 c2 java.lang.ClassLoader.defineClass(Ljava/lang/String;[BIILjava/security/ProtectionDomain;)Ljava/lang/Class; java.base@21.0.9 (43 bytes) @ 0x0000017ae6e6bfb4 [0x0000017ae6e6b940+0x0000000000000674]
J 7125 c2 org.eclipse.osgi.internal.loader.classpath.ClasspathManager.defineClass(Ljava/lang/String;[BLorg/eclipse/osgi/internal/loader/classpath/ClasspathEntry;Lorg/eclipse/osgi/storage/bundlefile/BundleEntry;Ljava/util/List;)Ljava/lang/Class; (636 bytes) @ 0x0000017ae6e87190 [0x0000017ae6e85a00+0x0000000000001790]
J 4743 c2 org.eclipse.osgi.internal.loader.classpath.ClasspathManager.findClassImpl(Ljava/lang/String;Lorg/eclipse/osgi/internal/loader/classpath/ClasspathEntry;Ljava/util/List;)Ljava/lang/Class; (328 bytes) @ 0x0000017ae6d1f370 [0x0000017ae6d1cc40+0x0000000000002730]
J 4840 c2 org.eclipse.osgi.internal.loader.classpath.ClasspathManager.findLocalClass(Ljava/lang/String;)Ljava/lang/Class; (210 bytes) @ 0x0000017ae6cf7464 [0x0000017ae6cf6520+0x0000000000000f44]
J 6296 c2 org.eclipse.osgi.internal.loader.BundleLoader.findLocalClass(Ljava/lang/String;)Ljava/lang/Class; (159 bytes) @ 0x0000017ae6d94488 [0x0000017ae6d943e0+0x00000000000000a8]
J 5887 c2 org.eclipse.osgi.internal.loader.BundleLoader.findClass0(Ljava/lang/String;ZZ)Ljava/lang/Class; (490 bytes) @ 0x0000017ae6d7b928 [0x0000017ae6d79e60+0x0000000000001ac8]
J 4821 c2 org.eclipse.osgi.internal.loader.ModuleClassLoader.loadClass(Ljava/lang/String;Z)Ljava/lang/Class; (36 bytes) @ 0x0000017ae6cec1a8 [0x0000017ae6cec0c0+0x00000000000000e8]
J 4346 c2 java.lang.ClassLoader.loadClass(Ljava/lang/String;)Ljava/lang/Class; java.base@21.0.9 (7 bytes) @ 0x0000017ae6c8e8ec [0x0000017ae6c8e8a0+0x000000000000004c]
j  org.eclipse.osgi.internal.framework.EquinoxBundle.loadClass(Ljava/lang/String;)Ljava/lang/Class;+190
j  org.eclipse.core.internal.registry.osgi.RegistryStrategyOSGI.createExecutableExtension(Lorg/eclipse/core/runtime/spi/RegistryContributor;Ljava/lang/String;Ljava/lang/String;)Ljava/lang/Object;+66
j  org.eclipse.core.internal.registry.ExtensionRegistry.createExecutableExtension(Lorg/eclipse/core/runtime/spi/RegistryContributor;Ljava/lang/String;Ljava/lang/String;)Ljava/lang/Object;+7
j  org.eclipse.core.internal.registry.ConfigurationElement.createExecutableExtension(Ljava/lang/String;)Ljava/lang/Object;+315
j  org.eclipse.core.internal.registry.ConfigurationElementHandle.createExecutableExtension(Ljava/lang/String;)Ljava/lang/Object;+5
j  org.eclipse.jdt.ls.core.internal.handlers.WorkspaceExecuteCommandHandler$DelegateCommandHandlerDescriptor.getDelegateCommandHandler()Lorg/eclipse/jdt/ls/core/internal/IDelegateCommandHandler;+13
j  org.eclipse.jdt.ls.core.internal.handlers.WorkspaceExecuteCommandHandler$1.run()V+4
j  org.eclipse.core.runtime.SafeRunner.run(Lorg/eclipse/core/runtime/ISafeRunnable;)V+5
j  org.eclipse.jdt.ls.core.internal.handlers.WorkspaceExecuteCommandHandler.executeCommand(Lorg/eclipse/lsp4j/ExecuteCommandParams;Lorg/eclipse/core/runtime/IProgressMonitor;)Ljava/lang/Object;+279
j  org.eclipse.jdt.ls.core.internal.handlers.JDTLanguageServer.lambda$4(Lorg/eclipse/lsp4j/ExecuteCommandParams;Lorg/eclipse/core/runtime/IProgressMonitor;)Ljava/lang/Object;+6
j  org.eclipse.jdt.ls.core.internal.handlers.JDTLanguageServer$$Lambda+0x0000017a816f1690.apply(Ljava/lang/Object;)Ljava/lang/Object;+12
j  org.eclipse.jdt.ls.core.internal.BaseJDTLanguageServer.lambda$0(Ljava/util/function/Function;Lorg/eclipse/lsp4j/jsonrpc/CancelChecker;)Ljava/lang/Object;+6
j  org.eclipse.jdt.ls.core.internal.BaseJDTLanguageServer$$Lambda+0x0000017a816f18d8.apply(Ljava/lang/Object;)Ljava/lang/Object;+12
j  java.util.concurrent.CompletableFuture$UniApply.tryFire(I)Ljava/util/concurrent/CompletableFuture;+106 java.base@21.0.9
j  java.util.concurrent.CompletableFuture$Completion.exec()Z+2 java.base@21.0.9
j  java.util.concurrent.ForkJoinTask.doExec()I+10 java.base@21.0.9
j  java.util.concurrent.ForkJoinPool$WorkQueue.topLevelExec(Ljava/util/concurrent/ForkJoinTask;Ljava/util/concurrent/ForkJoinPool$WorkQueue;)V+19 java.base@21.0.9
j  java.util.concurrent.ForkJoinPool.scan(Ljava/util/concurrent/ForkJoinPool$WorkQueue;II)I+211 java.base@21.0.9
j  java.util.concurrent.ForkJoinPool.runWorker(Ljava/util/concurrent/ForkJoinPool$WorkQueue;)V+35 java.base@21.0.9
j  java.util.concurrent.ForkJoinWorkerThread.run()V+31 java.base@21.0.9
v  ~StubRoutines::call_stub 0x0000017ae635100d

Compiled method (n/a) 6565 1183     n 0       java.lang.ClassLoader::defineClass1 (native)
 total in heap  [0x0000017ae6b14010,0x0000017ae6b14498] = 1160
 relocation     [0x0000017ae6b14170,0x0000017ae6b141a8] = 56
 main code      [0x0000017ae6b141c0,0x0000017ae6b14496] = 726
 stub code      [0x0000017ae6b14496,0x0000017ae6b14498] = 2

[Constant Pool (empty)]

[MachCode]
[Entry Point]
  # {method} {0x0000017a80436820} 'defineClass1' '(Ljava/lang/ClassLoader;Ljava/lang/String;[BIILjava/security/ProtectionDomain;Ljava/lang/String;)Ljava/lang/Class;' in 'java/lang/ClassLoader'
  # parm0:    rdx:rdx   = 'java/lang/ClassLoader'
  # parm1:    r8:r8     = 'java/lang/String'
  # parm2:    r9:r9     = '[B'
  # parm3:    rdi       = int
  # parm4:    rsi       = int
  # parm5:    rcx:rcx   = 'java/security/ProtectionDomain'
  # parm6:    [sp+0xa0]   = 'java/lang/String'  (sp of caller)
  0x0000017ae6b141c0: 448b 5208 | 49bb 0000 | 0080 7a01 | 0000 4d03 | d349 3bc2 | 0f84 0600 

  0x0000017ae6b141d8: ;   {runtime_call ic_miss_stub}
  0x0000017ae6b141d8: 0000 e9a1 | a288 ff90 
[Verified Entry Point]
  0x0000017ae6b141e0: 8984 2400 | 80ff ff55 | 488b ec48 | 81ec 9000 | 0000 6690 | 4181 7f20 | 0300 0000 

  0x0000017ae6b141fc: ;   {runtime_call StubRoutines (final stubs)}
  0x0000017ae6b141fc: 7405 e8dd | 4787 ff48 | 837d 1000 | 488d 4510 | 480f 4445 | 1048 8944 | 2440 4889 | 4c24 7048 
  0x0000017ae6b1421c: 83f9 0048 | 8d44 2470 | 480f 4444 | 2470 4889 | 4424 3848 | 8974 2430 | 4889 7c24 | 284c 894c 
  0x0000017ae6b1423c: 2458 4983 | f900 488d | 4424 5848 | 0f44 4424 | 5848 8944 | 2420 4c89 | 4424 5049 | 83f8 004c 
  0x0000017ae6b1425c: 8d4c 2450 | 4c0f 444c | 2450 4889 | 5424 4848 | 83fa 004c | 8d44 2448 | 4c0f 4444 

  0x0000017ae6b14278: ;   {oop(a 'java/lang/Class'{0x0000000080000950} = 'java/lang/ClassLoader')}
  0x0000017ae6b14278: 2448 49be | 5009 0080 | 0000 0000 | 4c89 7424 | 784c 8d74 | 2478 498b | d6c5 f877 

  0x0000017ae6b14294: ;   {internal_word}
  0x0000017ae6b14294: 49ba 9142 | b1e6 7a01 | 0000 4d89 | 97a0 0300 | 0049 89a7 | 9803 0000 

  0x0000017ae6b142ac: ;   {external_word}
  0x0000017ae6b142ac: 49ba cf4d | f5b7 fd7f | 0000 4180 | 3a00 0f84 | 4e00 0000 | 5241 5041 

  0x0000017ae6b142c4: ;   {metadata({method} {0x0000017a80436820} 'defineClass1' '(Ljava/lang/ClassLoader;Ljava/lang/String;[BIILjava/security/ProtectionDomain;Ljava/lang/String;)Ljava/lang/Class;' in 'java/lang/ClassLoader')}
  0x0000017ae6b142c4: 5148 ba18 | 6843 807a | 0100 0049 | 8bcf 4883 | ec20 40f6 | c40f 0f84 | 1900 0000 | 4883 ec08 
  0x0000017ae6b142e4: ;   {runtime_call}
  0x0000017ae6b142e4: 48b8 40d5 | 9eb7 fd7f | 0000 ffd0 | 4883 c408 | e90c 0000 

  0x0000017ae6b142f8: ;   {runtime_call}
  0x0000017ae6b142f8: 0048 b840 | d59e b7fd | 7f00 00ff | d048 83c4 | 2041 5941 | 585a 498d | 8fb8 0300 | 0041 c787 
  0x0000017ae6b14318: 4404 0000 | 0400 0000 

  0x0000017ae6b14320: ;   {runtime_call}
  0x0000017ae6b14320: 48b8 ac16 | 3e65 fe7f | 0000 ffd0 | c5f8 7741 | c787 4404 | 0000 0500 | 0000 f083 | 4424 c000 
  0x0000017ae6b14340: 493b af48 | 0400 000f | 870e 0000 | 0041 83bf | 4004 0000 | 000f 842b | 0000 00c5 | f877 4889 
  0x0000017ae6b14360: 45f8 498b | cf4c 8be4 | 4883 ec20 | 4883 e4f0 

  0x0000017ae6b14370: ;   {runtime_call}
  0x0000017ae6b14370: 48b8 e04b | 6ab7 fd7f | 0000 ffd0 | 498b e44d | 33e4 488b | 45f8 41c7 | 8744 0400 | 0008 0000 
  0x0000017ae6b14390: 0041 83bf | c004 0000 | 020f 84ca 

  0x0000017ae6b1439c: ;   {external_word}
  0x0000017ae6b1439c: 0000 0049 | bacf 4df5 | b7fd 7f00 | 0041 803a | 000f 844c | 0000 0048 

  0x0000017ae6b143b4: ;   {metadata({method} {0x0000017a80436820} 'defineClass1' '(Ljava/lang/ClassLoader;Ljava/lang/String;[BIILjava/security/ProtectionDomain;Ljava/lang/String;)Ljava/lang/Class;' in 'java/lang/ClassLoader')}
  0x0000017ae6b143b4: 8945 f848 | ba18 6843 | 807a 0100 | 0049 8bcf | 4883 ec20 | 40f6 c40f | 0f84 1900 | 0000 4883 
  0x0000017ae6b143d4: ;   {runtime_call}
  0x0000017ae6b143d4: ec08 48b8 | 40d5 9eb7 | fd7f 0000 | ffd0 4883 | c408 e90c 

  0x0000017ae6b143e8: ;   {runtime_call}
  0x0000017ae6b143e8: 0000 0048 | b840 d59e | b7fd 7f00 | 00ff d048 | 83c4 2048 | 8b45 f849 | c787 9803 | 0000 0000 
  0x0000017ae6b14408: 0000 49c7 | 87a0 0300 | 0000 0000 | 00c5 f877 | 4885 c00f | 8425 0000 | 00a8 030f | 8508 0000 
  0x0000017ae6b14428: 0048 8b00 | e915 0000 | 00a8 010f | 8509 0000 | 0048 8b40 | fee9 0400 | 0000 488b | 40ff 498b 
  0x0000017ae6b14448: 8f28 0400 | 00c7 8100 | 0100 0000 | 0000 00c9 | 4983 7f08 | 000f 8501 | 0000 00c3 

  0x0000017ae6b14464: ;   {runtime_call StubRoutines (initial stubs)}
  0x0000017ae6b14464: e997 ca83 | ffc5 f877 | 4889 45f8 | 4c8b e448 | 83ec 2048 

  0x0000017ae6b14478: ;   {runtime_call}
  0x0000017ae6b14478: 83e4 f048 | b890 0c9f | b7fd 7f00 | 00ff d049 | 8be4 4d33 | e448 8b45 | f8e9 09ff | ffff f4f4 
[/MachCode]


Compiled method (c2) 6571 7008       4       java.lang.ClassLoader::defineClass (43 bytes)
 total in heap  [0x0000017ae6e6b410,0x0000017ae6e71278] = 24168
 relocation     [0x0000017ae6e6b570,0x0000017ae6e6b940] = 976
 main code      [0x0000017ae6e6b940,0x0000017ae6e6ed70] = 13360
 stub code      [0x0000017ae6e6ed70,0x0000017ae6e6eef0] = 384
 oops           [0x0000017ae6e6eef0,0x0000017ae6e6ef08] = 24
 metadata       [0x0000017ae6e6ef08,0x0000017ae6e6f190] = 648
 scopes data    [0x0000017ae6e6f190,0x0000017ae6e70488] = 4856
 scopes pcs     [0x0000017ae6e70488,0x0000017ae6e70cd8] = 2128
 dependencies   [0x0000017ae6e70cd8,0x0000017ae6e70d80] = 168
 handler table  [0x0000017ae6e70d80,0x0000017ae6e71188] = 1032
 nul chk table  [0x0000017ae6e71188,0x0000017ae6e71278] = 240

[Constant Pool (empty)]

[MachCode]
[Entry Point]
  # {method} {0x0000017a80436ba0} 'defineClass' '(Ljava/lang/String;[BIILjava/security/ProtectionDomain;)Ljava/lang/Class;' in 'java/lang/ClassLoader'
  # this:     rdx:rdx   = 'java/lang/ClassLoader'
  # parm0:    r8:r8     = 'java/lang/String'
  # parm1:    r9:r9     = '[B'
  # parm2:    rdi       = int
  # parm3:    rsi       = int
  # parm4:    rcx:rcx   = 'java/security/ProtectionDomain'
  #           [sp+0xc0]  (sp of caller)
  0x0000017ae6e6b940: 448b 5208 | 49bb 0000 | 0080 7a01 | 0000 4d03 | d349 3bc2 

  0x0000017ae6e6b954: ;   {runtime_call ic_miss_stub}
  0x0000017ae6e6b954: 0f85 262b | 53ff 6690 | 0f1f 4000 
[Verified Entry Point]
  0x0000017ae6e6b960: 8984 2400 | 80ff ff55 | 4881 ecb0 | 0000 0090 | 4181 7f20 | 0300 0000 | 0f85 e833 | 0000 4889 
  0x0000017ae6e6b980: 4c24 2089 | 7424 3c89 | 7c24 384c | 894c 2430 | 4889 5424 | 284c 8984 | 2488 0000 | 004d 85c0 
  0x0000017ae6e6b9a0: 0f84 f615 | 0000 418b | 6814 448b | 550c 4585 | d20f 8691 | 2200 0045 | 0fbe 4010 | 4585 c00f 
  0x0000017ae6e6b9c0: 85cd 1700 | 00c4 423a | f7c2 453b | c245 0f4f | c245 85c0 | 0f8e f215 | 0000 453b | d00f 82c5 
  0x0000017ae6e6b9e0: 2200 004c | 8bd5 488d | 7d10 418b | d0b8 2f00 | 0000 488b | df83 fa10 | 0f8c 7900 | 0000 83fa 
  0x0000017ae6e6ba00: 200f 8c36 | 0000 00c5 | f96e d0c4 | e27d 78d2 | c5fd efc0 | 8bca 83e1 | e083 e21f | c5fe 6f0b 
  0x0000017ae6e6ba20: c5f5 74ca | c4e2 7d17 | c10f 8369 | 0000 0048 | 83c3 2083 | e920 75e4 | e90d 0000 | 00c5 f96e 
  0x0000017ae6e6ba40: d0c5 f9ef | c0c4 e269 | 00d0 83fa | 100f 8c24 

  0x0000017ae6e6ba50: ;   {no_reloc}
  0x0000017ae6e6ba50: 0000 008b | ca83 e1f0 | 83e2 0fc5 | fa6f 0bc5 | f174 cac4 | e279 17c1 | 0f83 2a00 | 0000 4883 
  0x0000017ae6e6ba70: c310 83e9 | 1075 e485 | d20f 8412 | 0000 000f | b60b 3bc1 | 741c 4883 | c301 83ea | 0174 02eb 
  0x0000017ae6e6ba90: eebb ffff | ffff eb0d | c5fd d7c9 | 0fbc c148 | 03d8 482b | df83 fbff | 0f85 7a23 | 0000 4c8b 
  0x0000017ae6e6bab0: 9424 8800 | 0000 458b | 5214 4c8b | 9c24 8800 | 0000 4180 | 7b10 000f | 855c 2000 | 0041 8b6a 
  0x0000017ae6e6bad0: 0c85 ed0f | 868f 2100 | 0045 0fb6 | 5a10 4183 | fb5b 0f84 | 0c24 0000 | 4c8b 9424 | 8800 0000 
  0x0000017ae6e6baf0: 418b 6a14 

  0x0000017ae6e6baf4: ; implicit exception: dispatches to 0x0000017ae6e6e8bc
  0x0000017ae6e6baf4: 448b 550c | 4c8b 9c24 | 8800 0000 | 450f be43 | 10c4 423a | f7da 4183 | c3fb 4585 | db7c 6545 
  0x0000017ae6e6bb14: 85c0 0f85 | 5d15 0000 | 4183 fa04 | 0f86 1222 | 0000 807d | 106a 754c | 807d 1161 | 7546 807d 
  0x0000017ae6e6bb34: 1276 7540 | 807d 1361 | 753a 440f | be5d 1441 | 83fb 2e75 

  0x0000017ae6e6bb48: ;   {oop(a 'jdk/internal/loader/ClassLoaders$PlatformClassLoader'{0x00000000807343b8})}
  0x0000017ae6e6bb48: 2f49 bab8 | 4373 8000 | 0000 004c | 8b5c 2428 | 4d3b da0f | 8553 2a00 | 004c 8b94 | 2488 0000 
  0x0000017ae6e6bb68: ;   {oop(a 'jdk/internal/loader/ClassLoaders$PlatformClassLoader'{0x00000000807343b8})}
  0x0000017ae6e6bb68: 0048 beb8 | 4373 8000 | 0000 004d | 8bea eb0d | 488b 7424 | 284c 8bac | 2488 0000 | 004c 8b54 
  0x0000017ae6e6bb88: 2420 4d85 | d20f 84e1 | 1200 004c | 8954 2458 | 4d85 ed0f | 84eb 1200 | 004c 8b54 | 2458 458b 
  0x0000017ae6e6bba8: 5210 4489 | 9424 9000 | 0000 458b | 4514 418b | 480c 450f | be55 10c4 | 622a f7c9 | 418d 69ff 
  0x0000017ae6e6bbc8: 4585 d20f | 8583 2200 | 0044 8d51 | ff44 3bd5 | 440f 4fd5 | 4585 d20f | 8cd2 1300 | 0085 c90f 
  0x0000017ae6e6bbe8: 86e3 2000 | 0044 3bd1 | 0f83 da20 | 0000 4585 | d20f 8e05 | 2100 0041 | 8d5a ff45 | 33db 4489 
  0x0000017ae6e6bc08: 5c24 4043 | 0fbe 7c10 | 1083 ff2e | 0f84 9513 | 0000 41ff | ca44 3bd3 | 7fe9 4183 | fa02 7e4a 
  0x0000017ae6e6bc28: 0f1f 8400 | 0000 0000 | 4d63 da43 | 0fbe 5c18 | 1083 fb2e | 7456 470f | be5c 180f | 4183 fb2e 
  0x0000017ae6e6bc48: 744f 458d | 5afe 430f | be5c 1810 | 83fb 2e74 | 4445 8d5a | fd43 0fbe | 7c18 1083 | ff2e 7435 
  0x0000017ae6e6bc68: ;   {no_reloc}
  0x0000017ae6e6bc68: 4183 c2fc | 4183 fa02 | 7fbe 4183 | faff 7e14 | 430f be5c | 1010 83fb | 2e74 1d41 | ffca 4183 
  0x0000017ae6e6bc88: faff 7fec | 41ba ffff | ffff eb0c | 458b daeb | 0445 8d5a | ff45 8bd3 | 4183 faff | 0f84 ce22 
  0x0000017ae6e6bca8: 0000 4585 | d20f 8ce5 | 2100 0045 | 3bd1 0f8f | f422 0000 | 453b d10f | 840f 1200 | 0045 85d2 
  0x0000017ae6e6bcc8: 0f84 9d14 | 0000 498b | 9fb8 0100 | 004c 8bdb | 4983 c318 | 4d3b 9fc8 | 0100 000f | 83b7 1a00 
  0x0000017ae6e6bce8: 004d 899f | b801 0000 | 410f 0d8b | c000 0000 | 48c7 0301 

  0x0000017ae6e6bcfc: ;   {metadata('java/lang/String')}
  0x0000017ae6e6bcfc: 0000 00c7 | 4308 78e8 | 0000 4489 | 630c 4c89 | 6310 498b | e84d 8d58 | 1044 3bd1 | 0f85 9a00 
  0x0000017ae6e6bd1c: 0000 4c63 | d181 f900 | 0010 000f | 872c 1d00 | 0049 8bbf | b801 0000 | 4d8d 4a17 | 4983 e1f8 
  0x0000017ae6e6bd3c: 488b d749 | 03d1 493b | 97c8 0100 | 000f 830a | 1d00 0049 | 8997 b801 | 0000 0f0d | 8ac0 0000 
  0x0000017ae6e6bd5c: 0048 c707 | 0100 0000 | 0f0d 8a00 

  0x0000017ae6e6bd68: ;   {metadata({type array byte})}
  0x0000017ae6e6bd68: 0100 00c7 | 4708 1823 | 0000 894f | 0c0f 0d8a | 4001 0000 | 0f0d 8a80 | 0100 0048 | 8bd7 4883 
  0x0000017ae6e6bd88: c210 4983 | c207 49c1 | ea03 498b | cb4d 8bc2 | c5f8 7749 | ba60 7438 | e67a 0100 | 0041 ffd2 
  0x0000017ae6e6bda8: ;   {other}
  0x0000017ae6e6bda8: 0f1f 8400 | 0000 0000 | 4c8b f7e9 | e000 0000 | 4181 fa00 | 0010 000f | 8797 1f00 | 0048 89ac 
  0x0000017ae6e6bdc8: 2498 0000 | 004d 63ca | 413b ca8b | e941 0f4f | ea3b cd0f | 82f7 1f00 | 0044 3bd5 | 0f82 ee1f 
  0x0000017ae6e6bde8: 0000 4983 | c117 498b | f948 83e7 | f841 81fa | 0000 1000 | 0f87 1c1a | 0000 4d8b | b7b8 0100 
  0x0000017ae6e6be08: 004d 8bc6 | 4c03 c74d | 3b87 c801 | 0000 0f83 | 021a 0000 | 4d89 87b8 | 0100 0041 | 0f0d 88c0 
  0x0000017ae6e6be28: 0000 0049 | c706 0100 | 0000 410f | 0d88 0001 

  0x0000017ae6e6be38: ;   {metadata({type array byte})}
  0x0000017ae6e6be38: 0000 41c7 | 4608 1823 | 0000 4589 | 560c 410f | 0d88 4001 | 0000 410f | 0d88 8001 | 0000 498b 
  0x0000017ae6e6be58: d648 83c2 | 1049 c1e9 | 0385 ed0f | 8403 1f00 | 0041 3bea | 0f8c 6c11 | 0000 4883 | c7f0 48c1 
  0x0000017ae6e6be78: ef03 498b | cb4c 8bc7 | c5f8 7749 | ba60 7438 | e67a 0100 | 0041 ffd2 

  0x0000017ae6e6be90: ;   {other}
  0x0000017ae6e6be90: 0f1f 8400 | 0000 0000 | 4488 6310 | 4d8b de44 | 895b 144c | 8bd3 49c1 | ea09 49bb | 0000 cfed 
  0x0000017ae6e6beb0: 7a01 0000 | 4788 2413 | 448b 9424 | 9000 0000 

  0x0000017ae6e6bec0: ; implicit exception: dispatches to 0x0000017ae6e6e984
  0x0000017ae6e6bec0: 458b 5214 | 4585 d20f | 85be 0800 | 0044 8b9c | 2490 0000 | 0045 8b43 | 1045 85c0 | 0f85 0913 
  0x0000017ae6e6bee0: ;   {oop(a 'java/security/cert/Certificate'[0] {0x000000008079dcd0})}
  0x0000017ae6e6bee0: 0000 48bf | d0dc 7980 | 0000 0000 | 448b 562c | 4585 d20f | 848f 1d00 | 0048 897c | 2448 4c89 
  0x0000017ae6e6bf00: 6c24 2048 | 8bee 498b | d24c 8bc3 | 4c8b cfbf | 0100 0000 

  0x0000017ae6e6bf14: ;   {optimized virtual_call}
  0x0000017ae6e6bf14: c5f8 77e8 

  0x0000017ae6e6bf18: ; ImmutableOopMap {rbp=Oop [32]=Oop [40]=Oop [48]=Oop [72]=Oop [88]=Oop [136]=Oop }
                      ;*invokevirtual putVal {reexecute=0 rethrow=0 return_oop=1}
                      ; - java.util.concurrent.ConcurrentHashMap::putIfAbsent@4
                      ; - java.lang.ClassLoader::checkCerts@62
                      ; - java.lang.ClassLoader::preDefineClass@113
                      ; - java.lang.ClassLoader::defineClass@4
  0x0000017ae6e6bf18: 048e d2ff 

  0x0000017ae6e6bf1c: ;   {other}
  0x0000017ae6e6bf1c: 0f1f 8400 | 0c0b 0000 | 4c8b d048 | 85c0 7430 | 448b 4008 

  0x0000017ae6e6bf30: ;   {metadata('java/security/cert/Certificate'[])}
  0x0000017ae6e6bf30: 4181 f8a0 | 4210 000f | 854f 2700 | 004c 8b74 | 2448 458b | 460c 458b | 5a0c 4585 | c00f 87c3 
  0x0000017ae6e6bf50: 0900 0045 | 85db 0f87 | cc20 0000 | 4c8b 5424 | 5841 8b6a | 1044 8b5d | 0c45 85db | 0f84 130f 
  0x0000017ae6e6bf70: 0000 498b | d366 6690 

  0x0000017ae6e6bf78: ;   {optimized virtual_call}
  0x0000017ae6e6bf78: c5f8 77e8 

  0x0000017ae6e6bf7c: ; ImmutableOopMap {[40]=Oop [48]=Oop [88]=Oop [136]=Oop }
                      ;*invokevirtual toString {reexecute=0 rethrow=0 return_oop=1}
                      ; - java.lang.ClassLoader::defineClassSourceLocation@22
                      ; - java.lang.ClassLoader::defineClass@12
  0x0000017ae6e6bf7c: e030 fdff 

  0x0000017ae6e6bf80: ;   {other}
  0x0000017ae6e6bf80: 0f1f 8400 | 700b 0001 | 488b 5424 | 284c 8b84 | 2488 0000 | 004c 8b4c | 2430 8b7c | 2438 8b74 
  0x0000017ae6e6bfa0: 243c 488b | 4c24 5848 | 8904 2490 

  0x0000017ae6e6bfac: ;   {static_call}
  0x0000017ae6e6bfac: c5f8 77e8 

  0x0000017ae6e6bfb0: ; ImmutableOopMap {[40]=Oop [88]=Oop }
                      ;*invokestatic defineClass1 {reexecute=0 rethrow=0 return_oop=1}
                      ; - java.lang.ClassLoader::defineClass@27
  0x0000017ae6e6bfb0: 2c82 caff 

  0x0000017ae6e6bfb4: ;   {other}
  0x0000017ae6e6bfb4: 0f1f 8400 | a40b 0002 | 4889 4424 | 7844 8b50 | 3c45 85d2 | 0f85 5503 | 0000 4c8b | 5010 458b 
  0x0000017ae6e6bfd4: 5a08 4585 | db0f 8c79 | 1f00 0044 | 8b50 2c45 | 85d2 0f84 | ad0e 0000 | 498b ca44 | 8b49 1445 
  0x0000017ae6e6bff4: 8b59 0c44 | 0fbe 5110 | c442 2af7 | c341 8d68 | ff45 85d2 | 0f85 fa20 | 0000 418d | 7bff 3bfd 
  0x0000017ae6e6c014: 0f4f fd85 | ff0f 8ca3 | 0000 0045 | 85db 0f86 | f81e 0000 | 413b fb0f | 83ef 1e00 | 0085 ff0f 
  0x0000017ae6e6c034: 8eb7 1f00 | 0044 8d57 | ff41 0fbe | 5c39 1083 | fb2e 0f84 | 780f 0000 | ffcf 413b | fa7f ea83 
  0x0000017ae6e6c054: ff02 7e4f | 0f1f 8400 | 0000 0000 | 4c63 d743 | 0fbe 5411 | 1083 fa2e | 0f84 8308 | 0000 430f 
  0x0000017ae6e6c074: be5c 110f | 83fb 2e0f | 847c 0800 | 0044 8d57 | fe43 0fbe | 5c11 1083 | fb2e 7438 | 448d 57fd 
  0x0000017ae6e6c094: 430f be54 | 1110 83fa | 2e74 2983 | c7fc 83ff | 027f b983 | ffff 7e16 | 410f be5c 

  0x0000017ae6e6c0b0: ;   {no_reloc}
  0x0000017ae6e6c0b0: 3910 83fb | 2e0f 841b | 0f00 00ff | cf83 ffff | 7fea 41ba | ffff ffff | 4183 faff | 0f84 ea20 
  0x0000017ae6e6c0d0: 0000 4585 | d20f 8c71 | 2000 0045 | 3bd0 0f8f | fc20 0000 | 453b d00f | 84ba 0e00 | 0045 85d2 
  0x0000017ae6e6c0f0: 0f84 0b14 | 0000 498b | 9fb8 0100 | 004c 8bc3 | 4983 c018 | 4d3b 87c8 | 0100 000f | 83b7 1700 
  0x0000017ae6e6c110: 004d 8987 | b801 0000 | 410f 0d88 | c000 0000 | 48c7 0301 

  0x0000017ae6e6c124: ;   {metadata('java/lang/String')}
  0x0000017ae6e6c124: 0000 00c7 | 4308 78e8 | 0000 4489 | 630c 4c89 | 6310 4d8b | c14c 8984 | 2488 0000 | 0049 8d71 
  0x0000017ae6e6c144: 1045 3bd3 | 0f85 a000 | 0000 4963 | c341 81fb | 0000 1000 | 0f87 3b1a | 0000 498b | bfb8 0100 
  0x0000017ae6e6c164: 004c 8d50 | 1749 83e2 | f84c 8bc7 | 4d03 c24d | 3b87 c801 | 0000 0f83 | 191a 0000 | 4d89 87b8 
  0x0000017ae6e6c184: 0100 0041 | 0f0d 88c0 | 0000 0048 | c707 0100 | 0000 410f | 0d88 0001 

  0x0000017ae6e6c19c: ;   {metadata({type array byte})}
  0x0000017ae6e6c19c: 0000 c747 | 0818 2300 | 0044 895f | 0c41 0f0d | 8840 0100 | 0041 0f0d | 8880 0100 | 0048 8bd7 
  0x0000017ae6e6c1bc: 4883 c210 | 4883 c007 | 48c1 e803 | 488b ce4c | 8bc0 c5f8 | 7749 ba60 | 7438 e67a | 0100 0041 
  0x0000017ae6e6c1dc: ;   {other}
  0x0000017ae6e6c1dc: ffd2 0f1f | 8400 0000 | 0000 4c8b | efe9 de00 | 0000 4181 | fa00 0010 | 000f 874d | 1e00 0049 
  0x0000017ae6e6c1fc: 63ca 453b | da41 8beb | 410f 4fea | 443b dd0f | 82a8 1e00 | 0044 3bd5 | 0f82 9f1e | 0000 4883 
  0x0000017ae6e6c21c: c117 4c8b | d949 83e3 | f841 81fa | 0000 1000 | 0f87 1217 | 0000 4d8b | afb8 0100 | 004d 8bc5 
  0x0000017ae6e6c23c: 4d03 c34d | 3b87 c801 | 0000 0f83 | f816 0000 | 4d89 87b8 | 0100 0041 | 0f0d 88c0 | 0000 0049 
  0x0000017ae6e6c25c: c745 0001 | 0000 0041 | 0f0d 8800 

  0x0000017ae6e6c268: ;   {metadata({type array byte})}
  0x0000017ae6e6c268: 0100 0041 | c745 0818 | 2300 0045 | 8955 0c41 | 0f0d 8840 | 0100 0041 | 0f0d 8880 | 0100 004d 
  0x0000017ae6e6c288: 8bcd 4983 | c110 48c1 | e903 85ed | 0f84 b61d | 0000 413b | ea0f 8c2d | 0e00 0049 | 83c3 f049 
  0x0000017ae6e6c2a8: c1eb 0348 | 8bce 498b | d14d 8bc3 | c5f8 7749 | ba60 7438 | e67a 0100 | 0041 ffd2 

  0x0000017ae6e6c2c4: ;   {other}
  0x0000017ae6e6c2c4: 0f1f 8400 | 0000 0000 | 4488 6310 | 4d8b dd44 | 895b 144c | 8bd3 49c1 | ea09 49bb | 0000 cfed 
  0x0000017ae6e6c2e4: 7a01 0000 | 4788 2413 | 488b d390 

  0x0000017ae6e6c2f0: ;   {optimized virtual_call}
  0x0000017ae6e6c2f0: c5f8 77e8 

  0x0000017ae6e6c2f4: ; ImmutableOopMap {[40]=Oop [88]=Oop [120]=Oop }
                      ;*invokevirtual intern {reexecute=0 rethrow=0 return_oop=1}
                      ; - java.lang.Class::getPackageName@65
                      ; - java.lang.ClassLoader::postDefineClass@2
                      ; - java.lang.ClassLoader::defineClass@37
  0x0000017ae6e6c2f4: 4837 c5ff 

  0x0000017ae6e6c2f8: ;   {other}
  0x0000017ae6e6c2f8: 0f1f 8400 | e80e 0003 | 4c8b d04c | 8b5c 2478 | 4589 533c | 4d8b d349 | c1ea 0949 | bb00 00cf 
  0x0000017ae6e6c318: ed7a 0100 | 0047 8824 | 13eb 0349 | 8bc2 4c8b | 5424 2841 | 8b4a 3885 | c90f 84f9 | 1800 004c 
  0x0000017ae6e6c338: 8bc8 8b40 | 0c4c 8b54 | 2478 458b | 5a30 85c0 | 0f84 db03 | 0000 8b49 | 2885 c90f | 841b 0100 
  0x0000017ae6e6c358: 0044 8b41 | 0c45 85c0 | 0f86 6a1b | 0000 448b | d041 c1ea | 1044 33d0 | 41ff c841 | 81e2 ffff 
  0x0000017ae6e6c378: ff7f 4523 | c24d 63c0 | 428b 4c81 | 1085 c90f | 84e7 0000 | 008b 690c | 413b ea0f | 84c8 0200 
  0x0000017ae6e6c398: 0085 ed0f | 8c83 1e00 | 008b 4918 | 85c9 0f84 | c800 0000 | 488b f98b | 4f0c 498b | 9750 0400 
  0x0000017ae6e6c3b8: ; ImmutableOopMap {r11=NarrowOop r9=Oop rdi=Oop [40]=Oop [88]=Oop [120]=Oop }
                      ;*if_icmpne {reexecute=1 rethrow=0 return_oop=0}
                      ; - (reexecute) java.util.concurrent.ConcurrentHashMap::get@127
                      ; - java.lang.ClassLoader::getNamedPackage@5
                      ; - java.lang.ClassLoader::postDefineClass@9
                      ; - java.lang.ClassLoader::defineClass@37
                      ;   {poll}
  0x0000017ae6e6c3b8: 0085 0241 | 3bca 7412 | 448b 4718 | 4585 c00f | 84a7 0000 | 0049 8bf8 | ebdd 8b6f | 104c 8bc5 
  0x0000017ae6e6c3d8: 4d3b c10f | 8488 0000 | 0085 ed0f | 84ab 1f00 | 0048 897c | 2460 4489 | 5424 4444 | 895c 2434 
  0x0000017ae6e6c3f8: 4c89 4c24 | 504c 8b54 | 2458 4c89 | 5424 3844 | 8b5c 2440 | 4489 5c24 | 304c 8b54 | 2428 4c89 
  0x0000017ae6e6c418: 5424 204c | 8bc5 498b | d166 6690 

  0x0000017ae6e6c424: ;   {optimized virtual_call}
  0x0000017ae6e6c424: c5f8 77e8 

  0x0000017ae6e6c428: ; ImmutableOopMap {[32]=Oop [52]=NarrowOop [56]=Oop [80]=Oop [96]=Oop [120]=Oop }
                      ;*invokevirtual equals {reexecute=0 rethrow=0 return_oop=0}
                      ; - java.util.concurrent.ConcurrentHashMap::get@149
                      ; - java.lang.ClassLoader::getNamedPackage@5
                      ; - java.lang.ClassLoader::postDefineClass@9
                      ; - java.lang.ClassLoader::defineClass@37
  0x0000017ae6e6c428: 14d9 fbff 

  0x0000017ae6e6c42c: ;   {other}
  0x0000017ae6e6c42c: 0f1f 8400 | 1c10 0005 | 85c0 0f84 | 8c1f 0000 | 4c8b 5424 | 204c 8954 | 2428 448b | 5424 3044 
  0x0000017ae6e6c44c: 8954 2440 | 4c8b 5424 | 384c 8954 | 2458 4c8b | 4c24 5044 | 8b5c 2434 | 488b 7c24 | 608b 6f14 
  0x0000017ae6e6c46c: 85ed 0f85 | 4d02 0000 | 498b 87b8 | 0100 004c | 8bd0 4983 | c218 4d3b | 97c8 0100 | 000f 8360 
  0x0000017ae6e6c48c: 1500 004d | 8997 b801 | 0000 410f | 0d8a c000 | 0000 48c7 | 0001 0000 

  0x0000017ae6e6c4a4: ;   {metadata('java/lang/NamedPackage')}
  0x0000017ae6e6c4a4: 00c7 4008 | e8c0 0100 | 4489 600c | 4c89 6010 | 4c89 4c24 | 2044 895c | 2430 4889 | 4424 3848 
  0x0000017ae6e6c4c4: 8b54 2420 

  0x0000017ae6e6c4c8: ;   {optimized virtual_call}
  0x0000017ae6e6c4c8: c5f8 77e8 

  0x0000017ae6e6c4cc: ; ImmutableOopMap {[32]=Oop [40]=Oop [48]=NarrowOop [56]=Oop [88]=Oop [120]=Oop }
                      ;*invokevirtual isEmpty {reexecute=0 rethrow=0 return_oop=0}
                      ; - java.lang.NamedPackage::<init>@5
                      ; - java.lang.ClassLoader::getNamedPackage@22
                      ; - java.lang.ClassLoader::postDefineClass@9
                      ; - java.lang.ClassLoader::defineClass@37
  0x0000017ae6e6c4cc: b022 53ff 

  0x0000017ae6e6c4d0: ;   {other}
  0x0000017ae6e6c4d0: 0f1f 8400 | c010 0006 | 85c0 0f84 | fc09 0000 | 448b 5c24 | 3045 85db | 0f84 021c | 0000 4d8b 
  0x0000017ae6e6c4f0: d34c 8954 | 2448 498b | d266 6690 

  0x0000017ae6e6c4fc: ;   {optimized virtual_call}
  0x0000017ae6e6c4fc: c5f8 77e8 

  0x0000017ae6e6c500: ; ImmutableOopMap {[32]=Oop [40]=Oop [48]=NarrowOop [56]=Oop [72]=Oop [88]=Oop [120]=Oop }
                      ;*invokevirtual isNamed {reexecute=0 rethrow=0 return_oop=0}
                      ; - java.lang.NamedPackage::<init>@12
                      ; - java.lang.ClassLoader::getNamedPackage@22
                      ; - java.lang.ClassLoader::postDefineClass@9
                      ; - java.lang.ClassLoader::defineClass@37
  0x0000017ae6e6c500: 7c22 53ff 

  0x0000017ae6e6c504: ;   {other}
  0x0000017ae6e6c504: 0f1f 8400 | f410 0007 | 85c0 0f84 | c809 0000 | 498b 87b8 | 0100 004c | 8bd0 4983 | c228 4d3b 
  0x0000017ae6e6c524: 97c8 0100 | 000f 830a | 1500 004d | 8997 b801 | 0000 410f | 0d8a c000 | 0000 48c7 | 0001 0000 
  0x0000017ae6e6c544: ;   {metadata('java/lang/InternalError')}
  0x0000017ae6e6c544: 00c7 4008 | 3807 0100 | 4489 600c | 4c89 6010 | 4c89 6018 | 4c89 6020 | 4889 4424 | 6849 8b87 
  0x0000017ae6e6c564: b801 0000 | 4c8b d049 | 83c2 184d | 3b97 c801 | 0000 0f83 | 9d14 0000 | 4d89 97b8 | 0100 0041 
  0x0000017ae6e6c584: 0f0d 8ac0 | 0000 0048 | c700 0100 

  0x0000017ae6e6c590: ;   {metadata('java/lang/StringBuilder')}
  0x0000017ae6e6c590: 0000 c740 | 0840 8000 | 0044 8960 | 0c4c 8960 | 1048 8be8 | 488b d54c | 8b54 2468 | 4c89 5424 
  0x0000017ae6e6c5b0: 6066 6690 

  0x0000017ae6e6c5b4: ;   {optimized virtual_call}
  0x0000017ae6e6c5b4: c5f8 77e8 

  0x0000017ae6e6c5b8: ; ImmutableOopMap {rbp=Oop [32]=Oop [40]=Oop [48]=NarrowOop [56]=Oop [72]=Oop [88]=Oop [96]=Oop [104]=Oop [120]=Oop }
                      ;*invokespecial <init> {reexecute=0 rethrow=0 return_oop=0}
                      ; - java.lang.NamedPackage::<init>@26
                      ; - java.lang.ClassLoader::getNamedPackage@22
                      ; - java.lang.ClassLoader::postDefineClass@9
                      ; - java.lang.ClassLoader::defineClass@37
  0x0000017ae6e6c5b8: c421 53ff 

  0x0000017ae6e6c5bc: ;   {other}
  0x0000017ae6e6c5bc: 0f1f 8400 | ac11 0008 

  0x0000017ae6e6c5c4: ;   {oop("unnamed package in  "{0x0000000080003438})}
  0x0000017ae6e6c5c4: 49b8 3834 | 0080 0000 | 0000 488b | d54c 8b54 | 2460 4c89 | 5424 5090 

  0x0000017ae6e6c5dc: ;   {optimized virtual_call}
  0x0000017ae6e6c5dc: c5f8 77e8 

  0x0000017ae6e6c5e0: ; ImmutableOopMap {[32]=Oop [40]=Oop [48]=NarrowOop [56]=Oop [72]=Oop [80]=Oop [88]=Oop [96]=Oop [120]=Oop }
                      ;*invokevirtual append {reexecute=0 rethrow=0 return_oop=1}
                      ; - java.lang.NamedPackage::<init>@31
                      ; - java.lang.ClassLoader::getNamedPackage@22
                      ; - java.lang.ClassLoader::postDefineClass@9
                      ; - java.lang.ClassLoader::defineClass@37
  0x0000017ae6e6c5e0: 9c21 53ff 

  0x0000017ae6e6c5e4: ;   {other}
  0x0000017ae6e6c5e4: 0f1f 8400 | d411 0009 | 4885 c00f | 8497 1b00 | 0048 8bd0 | 4c8b 4424 | 484c 8b54 | 2450 4c89 
  0x0000017ae6e6c604: 5424 4090 

  0x0000017ae6e6c608: ;   {optimized virtual_call}
  0x0000017ae6e6c608: c5f8 77e8 

  0x0000017ae6e6c60c: ; ImmutableOopMap {[32]=Oop [40]=Oop [48]=NarrowOop [56]=Oop [64]=Oop [80]=Oop [88]=Oop [120]=Oop }
                      ;*invokevirtual append {reexecute=0 rethrow=0 return_oop=1}
                      ; - java.lang.NamedPackage::<init>@35
                      ; - java.lang.ClassLoader::getNamedPackage@22
                      ; - java.lang.ClassLoader::postDefineClass@9
                      ; - java.lang.ClassLoader::defineClass@37
  0x0000017ae6e6c60c: 7021 53ff 

  0x0000017ae6e6c610: ;   {other}
  0x0000017ae6e6c610: 0f1f 8400 | 0012 000a | 4885 c00f | 8483 1b00 | 0048 8bd0 

  0x0000017ae6e6c624: ;   {optimized virtual_call}
  0x0000017ae6e6c624: c5f8 77e8 

  0x0000017ae6e6c628: ; ImmutableOopMap {[32]=Oop [40]=Oop [48]=NarrowOop [56]=Oop [64]=Oop [88]=Oop [120]=Oop }
                      ;*invokevirtual toString {reexecute=0 rethrow=0 return_oop=1}
                      ; - java.lang.NamedPackage::<init>@38
                      ; - java.lang.ClassLoader::getNamedPackage@22
                      ; - java.lang.ClassLoader::postDefineClass@9
                      ; - java.lang.ClassLoader::defineClass@37
  0x0000017ae6e6c628: 5421 53ff 

  0x0000017ae6e6c62c: ;   {other}
  0x0000017ae6e6c62c: 0f1f 8400 | 1c12 000b | 488b 5424 | 404c 8bc0 

  0x0000017ae6e6c63c: ;   {optimized virtual_call}
  0x0000017ae6e6c63c: c5f8 77e8 

  0x0000017ae6e6c640: ; ImmutableOopMap {[32]=Oop [40]=Oop [48]=NarrowOop [56]=Oop [64]=Oop [88]=Oop [120]=Oop }
                      ;*invokespecial <init> {reexecute=0 rethrow=0 return_oop=0}
                      ; - java.lang.NamedPackage::<init>@41
                      ; - java.lang.ClassLoader::getNamedPackage@22
                      ; - java.lang.ClassLoader::postDefineClass@9
                      ; - java.lang.ClassLoader::defineClass@37
  0x0000017ae6e6c640: 3c21 53ff 

  0x0000017ae6e6c644: ;   {other}
  0x0000017ae6e6c644: 0f1f 8400 | 3412 000c | 488b 5424 | 40c5 f877 | 4881 c4b0 | 0000 005d 

  0x0000017ae6e6c65c: ;   {runtime_call _rethrow_Java}
  0x0000017ae6e6c65c: e99f 035f | ff8b 6910 | 4c8b c54d | 3bc1 744a | 85ed 0f84 | e41b 0000 | 4489 5424 | 3444 895c 
  0x0000017ae6e6c67c: 2430 4c89 | 4c24 204c | 8bc5 488b | e989 4c24 | 3849 8bd1 

  0x0000017ae6e6c690: ;   {optimized virtual_call}
  0x0000017ae6e6c690: c5f8 77e8 

  0x0000017ae6e6c694: ; ImmutableOopMap {rbp=Oop [32]=Oop [40]=Oop [48]=NarrowOop [56]=NarrowOop [88]=Oop [120]=Oop }
                      ;*invokevirtual equals {reexecute=0 rethrow=0 return_oop=0}
                      ; - java.util.concurrent.ConcurrentHashMap::get@73
                      ; - java.lang.ClassLoader::getNamedPackage@5
                      ; - java.lang.ClassLoader::postDefineClass@9
                      ; - java.lang.ClassLoader::defineClass@37
  0x0000017ae6e6c694: a8d6 fbff 

  0x0000017ae6e6c698: ;   {other}
  0x0000017ae6e6c698: 0f1f 8400 | 8812 000d | 85c0 0f84 | d20a 0000 | 4c8b 4c24 | 2044 8b5c | 2430 8b4c | 2438 8b69 
  0x0000017ae6e6c6b8: 1485 ed0f | 84b3 fdff | ff44 8b55 | 0849 bb00 | 0000 807a | 0100 004d | 03da 4d8b 

  0x0000017ae6e6c6d4: ;   {metadata('java/lang/NamedPackage')}
  0x0000017ae6e6c6d4: 5338 49bb | e8c0 0180 | 7a01 0000 | 4d3b d30f | 8527 1700 | 004c 8b54 | 2458 458b | 5210 418b 
  0x0000017ae6e6c6f4: 4a14 85c9 | 0f85 3301 | 0000 458b | 5a10 4585 | db0f 8505 | 0e00 0048 | 8b44 2478 | c5f8 7748 
  0x0000017ae6e6c714: 81c4 b000 

  0x0000017ae6e6c718: ;   {poll_return}
  0x0000017ae6e6c718: 0000 5d49 | 3ba7 4804 | 0000 0f87 | 2826 0000 | c345 0fb6 | 4111 4585 | c00f 8592 | 0900 0045 
  0x0000017ae6e6c738: 8b41 1448 | 8be9 498b | d041 8079 | 1000 0f85 | 920d 0000 | 4489 5c24 | 3489 4c24 | 304c 894c 
  0x0000017ae6e6c758: 2420 6690 

  0x0000017ae6e6c75c: ;   {static_call}
  0x0000017ae6e6c75c: c5f8 77e8 

  0x0000017ae6e6c760: ; ImmutableOopMap {rbp=Oop [32]=Oop [40]=Oop [48]=NarrowOop [52]=NarrowOop [88]=Oop [120]=Oop }
                      ;*invokestatic hashCode {reexecute=0 rethrow=0 return_oop=0}
                      ; - java.lang.String::hashCode@27
                      ; - java.util.concurrent.ConcurrentHashMap::get@1
                      ; - java.lang.ClassLoader::getNamedPackage@5
                      ; - java.lang.ClassLoader::postDefineClass@9
                      ; - java.lang.ClassLoader::defineClass@37
  0x0000017ae6e6c760: 1c26 53ff 

  0x0000017ae6e6c764: ;   {other}
  0x0000017ae6e6c764: 0f1f 8400 | 5413 000e | 85c0 0f84 | 500d 0000 | 4c8b 4c24 | 2041 8941 | 0c8b 4c24 | 3044 8b5c 
  0x0000017ae6e6c784: 2434 e9c3 | fbff ff45 | 8b42 0c45 | 8b5a 084d | 63c8 498b | ea49 c1e1 | 0241 81f8 | 0000 0400 
  0x0000017ae6e6c7a4: 0f87 2713 | 0000 498b | bfb8 0100 | 0049 8d49 | 1748 83e1 | f848 8bd7 | 4803 d149 | 3b97 c801 
  0x0000017ae6e6c7c4: 0000 0f83 | 0513 0000 | 4989 97b8 | 0100 000f | 0d8a c000 | 0000 48c7 | 0701 0000 | 0044 895f 
  0x0000017ae6e6c7e4: 0844 8947 | 0c0f 0d8a | 0001 0000 | 0f0d 8a40 | 0100 000f | 0d8a 8001 | 0000 498d | 4a10 488b 
  0x0000017ae6e6c804: d748 83c2 | 1049 83c1 | 0749 c1e9 | 034d 8bc1 | c5f8 7749 | ba60 7438 | e67a 0100 | 0041 ffd2 
  0x0000017ae6e6c824: ;   {other}
  0x0000017ae6e6c824: 0f1f 8400 | 0000 0000 | e9bb f6ff | ff44 8b49 | 0c44 8b41 | 0848 8be9 | 4963 f948 | c1e7 0241 
  0x0000017ae6e6c844: 81f9 0000 | 0400 0f87 | 0413 0000 | 498b 9fb8 | 0100 004c | 8d57 1749 | 83e2 f84c | 8bdb 4d03 
  0x0000017ae6e6c864: da4d 3b9f | c801 0000 | 0f83 e212 | 0000 4d89 | 9fb8 0100 | 0041 0f0d | 8bc0 0000 | 0048 c703 
  0x0000017ae6e6c884: 0100 0000 | 4489 4308 | 4489 4b0c | 410f 0d8b | 0001 0000 | 410f 0d8b | 4001 0000 | 410f 0d8b 
  0x0000017ae6e6c8a4: 8001 0000 | 488d 4910 | 488b d348 | 83c2 1048 | 83c7 0748 | c1ef 034c | 8bc7 c5f8 | 7749 ba60 
  0x0000017ae6e6c8c4: 7438 e67a | 0100 0041 

  0x0000017ae6e6c8cc: ;   {other}
  0x0000017ae6e6c8cc: ffd2 0f1f | 8400 0000 | 0000 488b | 5424 784c | 8bc3 6690 

  0x0000017ae6e6c8e0: ;   {optimized virtual_call}
  0x0000017ae6e6c8e0: c5f8 77e8 

  0x0000017ae6e6c8e4: ; ImmutableOopMap {[120]=Oop }
                      ;*invokevirtual setSigners {reexecute=0 rethrow=0 return_oop=0}
                      ; - java.lang.ClassLoader::setSigners@2
                      ; - java.lang.ClassLoader::postDefineClass@35
                      ; - java.lang.ClassLoader::defineClass@37
  0x0000017ae6e6c8e4: 981e 53ff 

  0x0000017ae6e6c8e8: ;   {other}
  0x0000017ae6e6c8e8: 0f1f 8400 | d814 000f | e916 feff | ff44 8bd7 | e9cb f7ff | ff44 8d57 | ffe9 c2f7 | ffff 41ff 
  0x0000017ae6e6c908: c145 3bc8 | 7c37 4533 | ede9 ae02 | 0000 453b | c30f 8509 | 1a00 0041 | 8d48 ff41 | 3bc8 0f83 
  0x0000017ae6e6c928: 6019 0000 | 4585 db0f | 8657 1900 | 0045 8d4b | ff45 3bcb | 0f83 7e19 | 0000 4533 | c943 8b54 
  0x0000017ae6e6c948: 8e10 8b72 | 0841 8b4a | 103b d174 | b18b 5908 

  0x0000017ae6e6c958: ;   {metadata('sun/security/x509/X509CertImpl')}
  0x0000017ae6e6c958: 81fe a8ad | 0501 0f85 | 8c1d 0000 | 488b fa8b | 7720 c5f9 | 6ece 488b 

  0x0000017ae6e6c970: ;   {metadata('sun/security/x509/X509CertImpl')}
  0x0000017ae6e6c970: e981 fba8 | ad05 010f | 85bf 1d00 | 008b 5d20 | 488b cec4 | e1f9 6ec1 | 488b f348 | 8bf9 483b 
  0x0000017ae6e6c990: fe0f 84cb | 0000 0048 | 85ff 0f84 | c900 0000 | 4885 f60f | 84c0 0000 | 008b 4f0c | 3b4e 0c0f 
  0x0000017ae6e6c9b0: 85b4 0000 | 0085 c90f | 84a5 0000 | 0048 8d7f | 1048 8d76 | 108b c183 | e01f 83e1 | e00f 844b 
  0x0000017ae6e6c9d0: 0000 0048 | 8d3c 0f48 | 8d34 0e48 | f7d9 c5fe | 6f1c 0fc5 | fe6f 140e | c5e5 efda | c4e2 7d17 
  0x0000017ae6e6c9f0: db0f 8572 | 0000 0048 | 83c1 2075 | e185 c00f | 845d 0000 | 00c5 fe6f | 5c07 e0c5 | fe6f 5406 
  0x0000017ae6e6ca10: e0c5 e5ef | dac4 e27d | 17db 754d | eb44 8bc8 | 83e1 fc74 | 1948 8d3c | 0f48 8d34 | 0e48 f7d9 
  0x0000017ae6e6ca30: 8b1c 0f3b | 1c0e 7531 | 4883 c104 | 75f2 a802 | 7412 0fb7 | 1f0f b70e | 3bd9 751d | 488d 7f02 
  0x0000017ae6e6ca50: 488d 7602 | a801 740a | 0fb6 1f0f | b60e 3bd9 | 7507 b801 | 0000 00eb | 0233 c0c5 | e5ef dbc5 
  0x0000017ae6e6ca70: ;   {no_reloc}
  0x0000017ae6e6ca70: edef d285 | c00f 858b | feff ffbb | 0100 0000 | 413b db0f | 8dc3 1800 | 0041 bd01 | 0000 0090 
  0x0000017ae6e6ca90: 438b 5caa | 103b d30f | 8469 feff | ff8b 4b08 

  0x0000017ae6e6caa0: ;   {metadata('sun/security/x509/X509CertImpl')}
  0x0000017ae6e6caa0: 488b eb81 | f9a8 ad05 | 010f 8590 | 1c00 008b | 4d20 488b | f1c4 e1f9 | 7ec7 483b | fe0f 84cb 
  0x0000017ae6e6cac0: 0000 0048 | 85ff 0f84 | c900 0000 | 4885 f60f | 84c0 0000 | 008b 4f0c | 3b4e 0c0f | 85b4 0000 
  0x0000017ae6e6cae0: 0085 c90f | 84a5 0000 | 0048 8d7f | 1048 8d76 | 108b c183 | e01f 83e1 | e00f 844b | 0000 0048 
  0x0000017ae6e6cb00: 8d3c 0f48 | 8d34 0e48 | f7d9 c5fe | 6f1c 0fc5 | fe6f 140e | c5e5 efda | c4e2 7d17 | db0f 8572 
  0x0000017ae6e6cb20: 0000 0048 | 83c1 2075 | e185 c00f | 845d 0000 | 00c5 fe6f | 5c07 e0c5 | fe6f 5406 | e0c5 e5ef 
  0x0000017ae6e6cb40: dac4 e27d | 17db 754d | eb44 8bc8 | 83e1 fc74 | 1948 8d3c | 0f48 8d34 | 0e48 f7d9 | 8b1c 0f3b 
  0x0000017ae6e6cb60: 1c0e 7531 | 4883 c104 | 75f2 a802 | 7412 0fb7 | 1f0f b70e | 3bd9 751d | 488d 7f02 | 488d 7602 
  0x0000017ae6e6cb80: a801 740a | 0fb6 1f0f | b60e 3bd9 | 7507 b801 | 0000 00eb | 0233 c0c5 | e5ef dbc5 | edef d285 
  0x0000017ae6e6cba0: ;   {no_reloc}
  0x0000017ae6e6cba0: c00f 855f | fdff ff41 | ffc5 453b | eb0f 8cdd | feff ffe9 | 9a17 0000 | 41ff c545 | 3beb 0f8d 
  0x0000017ae6e6cbc0: 98f3 ffff | 438b 54aa | 1044 8b4a | 0841 8b6e | 103b d574 | e38b 4d08 

  0x0000017ae6e6cbd8: ;   {metadata('sun/security/x509/X509CertImpl')}
  0x0000017ae6e6cbd8: 4181 f9a8 | ad05 010f | 85cb 1a00 | 0048 8bdd | 4c8b ca41 | 8b79 20c5 

  0x0000017ae6e6cbf0: ;   {metadata('sun/security/x509/X509CertImpl')}
  0x0000017ae6e6cbf0: f96e c781 | f9a8 ad05 | 010f 858d | 1b00 0044 | 8b4b 2048 | 8bef 498b | f148 8bfd | 483b fe0f 
  0x0000017ae6e6cc10: 84cb 0000 | 0048 85ff | 0f84 c900 | 0000 4885 | f60f 84c0 | 0000 008b | 4f0c 3b4e | 0c0f 85b4 
  0x0000017ae6e6cc30: 0000 0085 | c90f 84a5 | 0000 0048 | 8d7f 1048 | 8d76 108b | c183 e01f | 83e1 e00f | 844b 0000 
  0x0000017ae6e6cc50: 0048 8d3c | 0f48 8d34 | 0e48 f7d9 | c5fe 6f0c | 0fc5 fe6f | 140e c5f5 | efca c4e2 | 7d17 c90f 
  0x0000017ae6e6cc70: 8572 0000 | 0048 83c1 | 2075 e185 | c00f 845d | 0000 00c5 | fe6f 4c07 | e0c5 fe6f | 5406 e0c5 
  0x0000017ae6e6cc90: f5ef cac4 | e27d 17c9 | 754d eb44 | 8bc8 83e1 | fc74 1948 | 8d3c 0f48 | 8d34 0e48 | f7d9 8b1c 
  0x0000017ae6e6ccb0: 0f3b 1c0e | 7531 4883 | c104 75f2 | a802 7412 | 0fb7 1f0f | b70e 3bd9 | 751d 488d | 7f02 488d 
  0x0000017ae6e6ccd0: 7602 a801 | 740a 0fb6 | 1f0f b60e | 3bd9 7507 | b801 0000 | 00eb 0233 | c0c5 f5ef | c9c5 edef 
  0x0000017ae6e6ccf0: ;   {no_reloc}
  0x0000017ae6e6ccf0: d285 c00f | 85bf feff | ff41 b901 | 0000 0045 | 3bc8 0f8d | 2901 0000 | 0f1f 8400 | 0000 0000 
  0x0000017ae6e6cd10: 438b 7c8e | 103b d70f | 849b feff | ff8b 4f08 

  0x0000017ae6e6cd20: ;   {metadata('sun/security/x509/X509CertImpl')}
  0x0000017ae6e6cd20: 488b df81 | f9a8 ad05 | 010f 8560 | 1a00 008b | 4b20 488b | f148 8bfd | 483b fe0f | 84cb 0000 
  0x0000017ae6e6cd40: 0048 85ff | 0f84 c900 | 0000 4885 | f60f 84c0 | 0000 008b | 4f0c 3b4e | 0c0f 85b4 | 0000 0085 
  0x0000017ae6e6cd60: c90f 84a5 | 0000 0048 | 8d7f 1048 | 8d76 108b | c183 e01f | 83e1 e00f | 844b 0000 | 0048 8d3c 
  0x0000017ae6e6cd80: 0f48 8d34 | 0e48 f7d9 | c5fe 6f0c | 0fc5 fe6f | 140e c5f5 | efca c4e2 | 7d17 c90f | 8572 0000 
  0x0000017ae6e6cda0: 0048 83c1 | 2075 e185 | c00f 845d | 0000 00c5 | fe6f 4c07 | e0c5 fe6f | 5406 e0c5 | f5ef cac4 
  0x0000017ae6e6cdc0: e27d 17c9 | 754d eb44 | 8bc8 83e1 | fc74 1948 | 8d3c 0f48 | 8d34 0e48 | f7d9 8b1c | 0f3b 1c0e 
  0x0000017ae6e6cde0: 7531 4883 | c104 75f2 | a802 7412 | 0fb7 1f0f | b70e 3bd9 | 751d 488d | 7f02 488d | 7602 a801 
  0x0000017ae6e6ce00: 740a 0fb6 | 1f0f b60e | 3bd9 7507 | b801 0000 | 00eb 0233 | c0c5 f5ef | c9c5 edef | d285 c00f 
  0x0000017ae6e6ce20: ;   {no_reloc}
  0x0000017ae6e6ce20: 8593 fdff | ff41 ffc1 | 453b c80f | 8cdf feff | ffba 45ff | ffff 488b | 6c24 2848 | 8b4c 2458 
  0x0000017ae6e6ce40: 4889 4c24 | 404c 8974 | 2448 4c89 | 5424 5044 | 895c 2458 | 4489 6c24 | 5c44 894c | 2460 4489 
  0x0000017ae6e6ce60: 4424 6490 

  0x0000017ae6e6ce64: ;   {runtime_call UncommonTrapBlob}
  0x0000017ae6e6ce64: c5f8 77e8 

  0x0000017ae6e6ce68: ; ImmutableOopMap {rbp=Oop [32]=Oop [48]=Oop [64]=Oop [72]=Oop [80]=Oop [136]=Oop }
                      ;*if_icmpge {reexecute=1 rethrow=0 return_oop=0}
                      ; - (reexecute) java.lang.ClassLoader::compareCerts@152
                      ; - java.lang.ClassLoader::checkCerts@80
                      ; - java.lang.ClassLoader::preDefineClass@113
                      ; - java.lang.ClassLoader::defineClass@4
  0x0000017ae6e6ce68: 946b 53ff 

  0x0000017ae6e6ce6c: ;   {other}
  0x0000017ae6e6ce6c: 0f1f 8400 | 5c1a 0010 | 448b 5e34 | 4d8b d34c | 8954 2458 | e913 edff | ff33 c0e9 | fcf0 ffff 
  0x0000017ae6e6ce8c: 4533 d244 | 8954 2440 | e9c3 f0ff | ff48 8bd0 | 488b e890 

  0x0000017ae6e6cea0: ;   {optimized virtual_call}
  0x0000017ae6e6cea0: c5f8 77e8 

  0x0000017ae6e6cea4: ; ImmutableOopMap {rbp=Oop [40]=Oop [88]=Oop [120]=Oop }
                      ;*invokevirtual initClassName {reexecute=0 rethrow=0 return_oop=1}
                      ; - java.lang.Class::getName@14
                      ; - java.lang.Class::getPackageName@40
                      ; - java.lang.ClassLoader::postDefineClass@2
                      ; - java.lang.ClassLoader::defineClass@37
  0x0000017ae6e6cea4: 18ce c5ff 

  0x0000017ae6e6cea8: ;   {other}
  0x0000017ae6e6cea8: 0f1f 8400 | 981a 0011 | 488b c848 | 85c0 0f85 | 33f1 ffff | baf6 ffff | ff66 6690 

  0x0000017ae6e6cec4: ;   {runtime_call UncommonTrapBlob}
  0x0000017ae6e6cec4: c5f8 77e8 

  0x0000017ae6e6cec8: ; ImmutableOopMap {}
                      ;*invokevirtual lastIndexOf {reexecute=0 rethrow=0 return_oop=0}
                      ; - java.lang.Class::getPackageName@47
                      ; - java.lang.ClassLoader::postDefineClass@2
                      ; - java.lang.ClassLoader::defineClass@37
  0x0000017ae6e6cec8: 346b 53ff 

  0x0000017ae6e6cecc: ;   {other}
  0x0000017ae6e6cecc: 0f1f 8400 | bc1a 0012 | 498b dde9 | dcef ffff | 488b 5424 | 2066 6690 

  0x0000017ae6e6cee4: ;   {optimized virtual_call}
  0x0000017ae6e6cee4: c5f8 77e8 

  0x0000017ae6e6cee8: ; ImmutableOopMap {[32]=Oop [40]=Oop [48]=NarrowOop [56]=Oop [88]=Oop [120]=Oop }
                      ;*invokevirtual intern {reexecute=0 rethrow=0 return_oop=1}
                      ; - java.lang.NamedPackage::<init>@47
                      ; - java.lang.ClassLoader::getNamedPackage@22
                      ; - java.lang.ClassLoader::postDefineClass@9
                      ; - java.lang.ClassLoader::defineClass@37
  0x0000017ae6e6cee8: 9418 53ff 

  0x0000017ae6e6ceec: ;   {other}
  0x0000017ae6e6ceec: 0f1f 8400 | dc1a 0013 | 4c8b 4424 | 3844 8b4c | 2430 4589 | 4810 4c8b | d045 8950 | 0c4d 8bd0 
  0x0000017ae6e6cf0c: 49c1 ea09 | 49bb 0000 | cfed 7a01 | 0000 4788 | 2413 4c8b | 5424 2845 | 8b5a 3845 | 85db 0f84 
  0x0000017ae6e6cf2c: c413 0000 | 498b d34c | 8b44 2420 | 4c8b 4c24 | 3866 6690 

  0x0000017ae6e6cf40: ;   {optimized virtual_call}
  0x0000017ae6e6cf40: c5f8 77e8 

  0x0000017ae6e6cf44: ; ImmutableOopMap {[40]=Oop [48]=NarrowOop [56]=Oop [88]=Oop [120]=Oop }
                      ;*invokevirtual putIfAbsent {reexecute=0 rethrow=0 return_oop=1}
                      ; - java.lang.ClassLoader::getNamedPackage@32
                      ; - java.lang.ClassLoader::postDefineClass@9
                      ; - java.lang.ClassLoader::defineClass@37
  0x0000017ae6e6cf44: 3818 53ff 

  0x0000017ae6e6cf48: ;   {other}
  0x0000017ae6e6cf48: 0f1f 8400 | 381b 0014 | 4885 c00f | 8490 f7ff | ff44 8b58 | 0849 ba00 | 0000 807a | 0100 004d 
  0x0000017ae6e6cf68: 03d3 4d8b 

  0x0000017ae6e6cf6c: ;   {metadata('java/lang/NamedPackage')}
  0x0000017ae6e6cf6c: 5238 49bb | e8c0 0180 | 7a01 0000 | 4d3b d30f | 858f 1300 | 0048 8be8 | ba54 ffff | ff66 6690 
  0x0000017ae6e6cf8c: ;   {runtime_call UncommonTrapBlob}
  0x0000017ae6e6cf8c: c5f8 77e8 

  0x0000017ae6e6cf90: ; ImmutableOopMap {rbp=Oop [40]=Oop [48]=NarrowOop [56]=Oop [88]=Oop [120]=Oop }
                      ;*ifnull {reexecute=1 rethrow=0 return_oop=0}
                      ; - (reexecute) java.lang.ClassLoader::getNamedPackage@42
                      ; - java.lang.ClassLoader::postDefineClass@9
                      ; - java.lang.ClassLoader::defineClass@37
  0x0000017ae6e6cf90: 6c6a 53ff 

  0x0000017ae6e6cf94: ;   {other}
  0x0000017ae6e6cf94: 0f1f 8400 | 841b 0015 | 4533 ed48 | 8bf2 e9de | ebff ff48 | 8bd9 e93d | f3ff ff45 | 8bda e9e6 
  0x0000017ae6e6cfb4: ecff ff45 | 33d2 4489 | 5424 40e9 | c8ec ffff | 448b d7e9 | fcf0 ffff | bbff ffff | ffe9 cfea 
  0x0000017ae6e6cfd4: ffff 448b | d7e9 eaf0 | ffff 4c63 | c54d 8d50 | 1049 8bca | 4883 e1f8 | 498b fe48 | 03f9 49c1 
  0x0000017ae6e6cff4: ea03 4d2b | ca49 8bc9 | 4833 c048 | 83f9 087f | 1048 ffc9 | 784f 4889 | 04cf 48ff | c97d f7eb 
  0x0000017ae6e6d014: 44c5 fdef | c0e9 0d00 | 0000 c5fe | 7f07 c5fe | 7f47 2048 | 83c7 4048 | 83e9 087d | ed48 83c1 
  0x0000017ae6e6d034: 047c 0cc5 | fe7f 0748 | 83c7 2048 | 83e9 0448 | 83c1 047e | 1048 ffc9 | c5f9 d607 | 4883 c708 
  0x0000017ae6e6d054: 48ff c97d | f349 8bcb | c5f8 7749 | bac0 6d38 | e67a 0100 | 0041 ffd2 

  0x0000017ae6e6d06c: ;   {other}
  0x0000017ae6e6d06c: 0f1f 8400 | 0000 0000 | e91f eeff | ff44 0fb7 | 5d10 4183 | fb6a 0f85 | f0ea ffff | 440f b75d 
  0x0000017ae6e6d08c: 1241 83fb | 610f 85e1 | eaff ff44 | 0fb7 5d14 | 4183 fb76 | 0f85 d2ea | ffff 440f | b75d 1641 
  0x0000017ae6e6d0ac: 83fb 610f | 85c3 eaff | ff44 0fb7 | 5d18 4183 | fb2e 0f84 | 85ea ffff | e9af eaff | ff33 c0e9 
  0x0000017ae6e6d0cc: 7ef2 ffff | 4c63 c54d | 8d50 104d | 8bda 4983 | e3f8 498b | fd49 03fb | 49c1 ea03 | 492b ca48 
  0x0000017ae6e6d0ec: 33c0 4883 | f908 7f10 | 48ff c978 | 4f48 8904 | cf48 ffc9 | 7df7 eb44 | c5fd efc0 | e90d 0000 
  0x0000017ae6e6d10c: 00c5 fe7f | 07c5 fe7f | 4720 4883 | c740 4883 | e908 7ded | 4883 c104 | 7c0c c5fe | 7f07 4883 
  0x0000017ae6e6d12c: c720 4883 | e904 4883 | c104 7e10 | 48ff c9c5 | f9d6 0748 | 83c7 0848 | ffc9 7df3 | 488b ce49 
  0x0000017ae6e6d14c: 8bd1 c5f8 | 7749 bac0 | 6d38 e67a | 0100 0041 

  0x0000017ae6e6d15c: ;   {other}
  0x0000017ae6e6d15c: ffd2 0f1f | 8400 0000 | 0000 e961 

  0x0000017ae6e6d168: ;   {oop(""{0x0000000080002420})}
  0x0000017ae6e6d168: f1ff ff48 | bb20 2400 | 8000 0000 | 00e9 3eed | ffff 4c8b | 4c24 2044 | 8b5c 2430 | 448b 5424 
  0x0000017ae6e6d188: 348b 4c24 | 38e9 0ff2 | ffff 488b | 9424 8800 | 0000 4889 | 5424 5048 | 8954 2458 

  0x0000017ae6e6d1a4: ;   {optimized virtual_call}
  0x0000017ae6e6d1a4: c5f8 77e8 

  0x0000017ae6e6d1a8: ; ImmutableOopMap {rbp=NarrowOop [32]=Oop [40]=Oop [48]=Oop [80]=Oop [88]=Oop [136]=Oop }
                      ;*invokevirtual length {reexecute=0 rethrow=0 return_oop=0}
                      ; - java.lang.String::indexOf@30
                      ; - java.lang.String::indexOf@3
                      ; - java.lang.ClassLoader::checkName@16
                      ; - java.lang.ClassLoader::preDefineClass@1
                      ; - java.lang.ClassLoader::defineClass@4
  0x0000017ae6e6d1a8: d415 53ff 

  0x0000017ae6e6d1ac: ;   {other}
  0x0000017ae6e6d1ac: 0f1f 8400 | 9c1d 0016 | 488b d541 | b82f 0000 | 0045 33c9 | 8bf8 488b | 6c24 284c | 8b54 2450 
  0x0000017ae6e6d1cc: 4c89 5424 | 4866 6690 

  0x0000017ae6e6d1d4: ;   {static_call}
  0x0000017ae6e6d1d4: c5f8 77e8 

  0x0000017ae6e6d1d8: ; ImmutableOopMap {rbp=Oop [32]=Oop [40]=Oop [48]=Oop [72]=Oop [80]=Oop [136]=Oop }
                      ;*invokestatic indexOf {reexecute=0 rethrow=0 return_oop=0}
                      ; - java.lang.String::indexOf@33
                      ; - java.lang.String::indexOf@3
                      ; - java.lang.ClassLoader::checkName@16
                      ; - java.lang.ClassLoader::preDefineClass@1
                      ; - java.lang.ClassLoader::defineClass@4
  0x0000017ae6e6d1d8: a41b 53ff 

  0x0000017ae6e6d1dc: ;   {other}
  0x0000017ae6e6d1dc: 0f1f 8400 | cc1d 0017 | 8bd8 e9ba | e8ff ff49 | 8b87 b801 | 0000 4c8b | d049 83c2 | 184d 3b97 
  0x0000017ae6e6d1fc: c801 0000 | 0f83 e611 | 0000 4d89 | 97b8 0100 | 0041 0f0d | 8ac0 0000 | 0048 c700 | 0100 0000 
  0x0000017ae6e6d21c: ;   {metadata('java/util/ArrayList')}
  0x0000017ae6e6d21c: c740 08e8 | a20b 0044 | 8960 0c44 

  0x0000017ae6e6d228: ;   {oop(a 'java/lang/Object'[0] {0x00000000800007f0})}
  0x0000017ae6e6d228: 8960 10c7 | 4014 f007 | 0080 488b | c845 8b50 | 0c45 85d2 | 0f86 d700 | 0000 4533 | c9eb 2c66 
  0x0000017ae6e6d248: 0f1f 8400 | 0000 0000 | 4c8b 5424 | 204c 8954 | 2428 488b | 7424 484c | 8b6c 2450 | 488b 5c24 
  0x0000017ae6e6d268: 604c 8b5c | 2468 488b | 4c24 7045 | 8b50 0c45 | 3bca 0f83 | 7813 0000 | 478b 4488 | 1045 8b50 
  0x0000017ae6e6d288: 1045 8b52 | 1044 894c | 2478 4889 | 4c24 704c | 895c 2468 | 4889 5c24 | 604c 896c | 2450 4889 
  0x0000017ae6e6d2a8: 7424 484c | 8b5c 2428 | 4c89 5c24 | 204d 8bc2 | 488b d190 

  0x0000017ae6e6d2bc: ;   {optimized virtual_call}
  0x0000017ae6e6d2bc: c5f8 77e8 

  0x0000017ae6e6d2c0: ; ImmutableOopMap {[32]=Oop [48]=Oop [72]=Oop [80]=Oop [88]=Oop [96]=Oop [104]=Oop [112]=Oop [136]=Oop [144]=NarrowOop }
                      ;*invokevirtual addAll {reexecute=0 rethrow=0 return_oop=0}
                      ; - java.security.CodeSource::getCertificates@57
                      ; - java.lang.ClassLoader::checkCerts@34
                      ; - java.lang.ClassLoader::preDefineClass@113
                      ; - java.lang.ClassLoader::defineClass@4
  0x0000017ae6e6d2c0: bc14 53ff 

  0x0000017ae6e6d2c4: ;   {other}
  0x0000017ae6e6d2c4: 0f1f 8400 | b41e 0018 | 498b 8f50 | 0400 0044 | 8b94 2490 | 0000 0045 | 8b42 1044 | 8b4c 2478 
  0x0000017ae6e6d2e4: ; ImmutableOopMap {r8=NarrowOop [32]=Oop [48]=Oop [72]=Oop [80]=Oop [88]=Oop [96]=Oop [104]=Oop [112]=Oop [136]=Oop [144]=NarrowOop }
                      ;*goto {reexecute=1 rethrow=0 return_oop=0}
                      ; - (reexecute) java.security.CodeSource::getCertificates@64
                      ; - java.lang.ClassLoader::checkCerts@34
                      ; - java.lang.ClassLoader::preDefineClass@113
                      ; - java.lang.ClassLoader::defineClass@4
                      ;   {poll}
  0x0000017ae6e6d2e4: 41ff c185 | 0145 8b50 | 0c45 3bca | 0f8c 5aff | ffff 4c8b | 5424 204c | 8954 2428 | 488b 7424 
  0x0000017ae6e6d304: 484c 8b6c | 2450 488b | 5c24 604c | 8b5c 2468 | 488b 4c24 | 7049 8b87 | b801 0000 | 4c8b d049 
  0x0000017ae6e6d324: 83c2 104d | 3b97 c801 | 0000 0f83 | 2011 0000 | 4d89 97b8 | 0100 0041 | 0f0d 8ac0 | 0000 0048 
  0x0000017ae6e6d344: c700 0100 | 0000 410f | 0d8a 0001 

  0x0000017ae6e6d350: ;   {metadata('java/security/cert/Certificate'[])}
  0x0000017ae6e6d350: 0000 c740 | 08a0 4210 | 0041 0f0d | 8a40 0100 | 0044 8960 | 0c41 0f0d | 8a80 0100 | 0048 8bac 
  0x0000017ae6e6d370: 2488 0000 | 004c 8b54 | 2428 4c89 | 5424 2048 | 8974 2448 | 4c89 6c24 | 5044 8b84 | 2490 0000 
  0x0000017ae6e6d390: 0044 8944 | 2444 4889 | 5c24 604c | 895c 2468 | 4889 4c24 | 704c 8bc0 | 488b 5424 | 7066 6690 
  0x0000017ae6e6d3b0: ;   {optimized virtual_call}
  0x0000017ae6e6d3b0: c5f8 77e8 

  0x0000017ae6e6d3b4: ; ImmutableOopMap {rbp=Oop [32]=Oop [48]=Oop [68]=NarrowOop [72]=Oop [80]=Oop [88]=Oop [96]=Oop [104]=Oop }
                      ;*invokevirtual toArray {reexecute=0 rethrow=0 return_oop=1}
                      ; - java.security.CodeSource::getCertificates@73
                      ; - java.lang.ClassLoader::checkCerts@34
                      ; - java.lang.ClassLoader::preDefineClass@113
                      ; - java.lang.ClassLoader::defineClass@4
  0x0000017ae6e6d3b4: c813 53ff 

  0x0000017ae6e6d3b8: ;   {other}
  0x0000017ae6e6d3b8: 0f1f 8400 | a81f 001a | 488b c844 

  0x0000017ae6e6d3c4: ;   {metadata('java/security/cert/Certificate'[])}
  0x0000017ae6e6d3c4: 8b58 0841 | 81fb a042 | 1000 0f85 | 1014 0000 | 448b 410c | 4c8b 5424 | 684d 63c8 | 49c1 ea09 
  0x0000017ae6e6d3e4: 49bb 0000 | cfed 7a01 | 0000 4788 | 2413 49c1 | e102 4c8b | d144 8b5c | 2444 4589 | 5314 4181 
  0x0000017ae6e6d404: f800 0004 | 000f 87a2 | 1000 0049 | 8b9f b801 | 0000 4d8d | 5117 4983 | e2f8 4c8b | db4d 03da 
  0x0000017ae6e6d424: 4d3b 9fc8 | 0100 000f | 8380 1000 | 004d 899f | b801 0000 | 410f 0d8b | c000 0000 | 48c7 0301 
  0x0000017ae6e6d444: 0000 0041 | 0f0d 8b00 

  0x0000017ae6e6d44c: ;   {metadata('java/security/cert/Certificate'[])}
  0x0000017ae6e6d44c: 0100 00c7 | 4308 a042 | 1000 4489 | 430c 410f | 0d8b 4001 | 0000 410f | 0d8b 8001 | 0000 4883 
  0x0000017ae6e6d46c: c110 488b | d348 83c2 | 1049 83c1 | 0749 c1e9 | 034d 8bc1 | c5f8 7749 | ba60 7438 | e67a 0100 
  0x0000017ae6e6d48c: 0041 ffd2 

  0x0000017ae6e6d490: ;   {other}
  0x0000017ae6e6d490: 0f1f 8400 | 0000 0000 | 4c8b d348 | 89ac 2488 | 0000 004c | 8b5c 2420 | 4c89 5c24 | 2848 8b74 
  0x0000017ae6e6d4b0: 2448 4c8b | 6c24 5048 | 8b5c 2460 | 498b fae9 | 28ea ffff | 4c8b 4c24 | 2041 c641 | 1101 33c0 
  0x0000017ae6e6d4d0: 8b4c 2430 | 448b 5c24 | 34e9 70ee | ffff 4489 | 5c24 3489 | 4c24 304c | 894c 2420 

  0x0000017ae6e6d4ec: ;   {static_call}
  0x0000017ae6e6d4ec: c5f8 77e8 

  0x0000017ae6e6d4f0: ; ImmutableOopMap {rbp=Oop [32]=Oop [40]=Oop [48]=NarrowOop [52]=NarrowOop [88]=Oop [120]=Oop }
                      ;*invokestatic hashCode {reexecute=0 rethrow=0 return_oop=0}
                      ; - java.lang.String::hashCode@37
                      ; - java.util.concurrent.ConcurrentHashMap::get@1
                      ; - java.lang.ClassLoader::getNamedPackage@5
                      ; - java.lang.ClassLoader::postDefineClass@9
                      ; - java.lang.ClassLoader::defineClass@37
  0x0000017ae6e6d4f0: 8c18 53ff 

  0x0000017ae6e6d4f4: ;   {other}
  0x0000017ae6e6d4f4: 0f1f 8400 | e420 001b | e96b f2ff 

  0x0000017ae6e6d500: ;   {oop(""{0x0000000080002420})}
  0x0000017ae6e6d500: ff48 bb20 | 2400 8000 | 0000 00e9 | dced ffff | 498b 87b8 | 0100 004c | 8bc0 4983 | c018 498b 
  0x0000017ae6e6d520: ca4d 3b87 | c801 0000 | 0f83 bc0f | 0000 4d89 | 87b8 0100 | 0041 0f0d | 88c0 0000 | 0048 c700 
  0x0000017ae6e6d540: 0100 0000 

  0x0000017ae6e6d544: ;   {metadata('java/util/ArrayList')}
  0x0000017ae6e6d544: c740 08e8 | a20b 0044 | 8960 0c44 | 8960 1041 

  0x0000017ae6e6d554: ;   {oop(a 'java/lang/Object'[0] {0x00000000800007f0})}
  0x0000017ae6e6d554: 8b7b 0cc7 | 4014 f007 | 0080 4c8b | c885 ff0f | 86b3 0000 | 0045 33c0 | eb1b 6690 | 4889 6c24 
  0x0000017ae6e6d574: 2844 8b4c | 2420 4489 | 4c24 4048 | 8b4c 2438 | 4c8b 4c24 | 4841 8b7b | 0c44 3bc7 | 0f83 c210 
  0x0000017ae6e6d594: 0000 438b | 5c83 1044 | 8b5b 1045 | 8b5b 1044 | 8944 2444 | 4c89 4c24 | 4848 894c | 2438 4489 
  0x0000017ae6e6d5b4: 5424 2444 | 8b44 2440 | 4489 4424 | 2048 8b6c | 2428 4d8b | c349 8bd1 

  0x0000017ae6e6d5cc: ;   {optimized virtual_call}
  0x0000017ae6e6d5cc: c5f8 77e8 

  0x0000017ae6e6d5d0: ; ImmutableOopMap {rbp=Oop [36]=NarrowOop [56]=Oop [72]=Oop [120]=Oop }
                      ;*invokevirtual addAll {reexecute=0 rethrow=0 return_oop=0}
                      ; - java.security.CodeSource::getCertificates@57
                      ; - java.lang.ClassLoader::postDefineClass@24
                      ; - java.lang.ClassLoader::defineClass@37
  0x0000017ae6e6d5d0: ac11 53ff 

  0x0000017ae6e6d5d4: ;   {other}
  0x0000017ae6e6d5d4: 0f1f 8400 | c421 001c | 498b 8f50 | 0400 0044 | 8b54 2424 | 458b 5a10 | 448b 4424 

  0x0000017ae6e6d5f0: ; ImmutableOopMap {r10=NarrowOop r11=NarrowOop rbp=Oop [56]=Oop [72]=Oop [120]=Oop }
                      ;*goto {reexecute=1 rethrow=0 return_oop=0}
                      ; - (reexecute) java.security.CodeSource::getCertificates@64
                      ; - java.lang.ClassLoader::postDefineClass@24
                      ; - java.lang.ClassLoader::defineClass@37
  0x0000017ae6e6d5f0: 4441 ffc0 

  0x0000017ae6e6d5f4: ;   {poll}
  0x0000017ae6e6d5f4: 8501 458b | 4b0c 453b | c10f 8c6d | ffff ff48 | 896c 2428 | 448b 4424 | 2044 8944 | 2440 488b 
  0x0000017ae6e6d614: 4c24 384c | 8b4c 2448 | 498b 87b8 | 0100 004c | 8bd8 4983 | c310 4d3b | 9fc8 0100 | 000f 8310 
  0x0000017ae6e6d634: 0f00 004d | 899f b801 | 0000 410f | 0d8b c000 | 0000 48c7 | 0001 0000 | 0041 0f0d | 8b00 0100 
  0x0000017ae6e6d654: ;   {metadata('java/security/cert/Certificate'[])}
  0x0000017ae6e6d654: 00c7 4008 | a042 1000 | 410f 0d8b | 4001 0000 | 4489 600c | 410f 0d8b | 8001 0000 | 4c8b 5c24 
  0x0000017ae6e6d674: 284c 895c | 2420 4c8b | 5c24 784c | 895c 2430 | 4489 5424 | 3848 8be9 | 4c89 4c24 | 484c 8bc0 
  0x0000017ae6e6d694: 488b 5424 | 4866 6690 

  0x0000017ae6e6d69c: ;   {optimized virtual_call}
  0x0000017ae6e6d69c: c5f8 77e8 

  0x0000017ae6e6d6a0: ; ImmutableOopMap {rbp=Oop [32]=Oop [48]=Oop [56]=NarrowOop }
                      ;*invokevirtual toArray {reexecute=0 rethrow=0 return_oop=1}
                      ; - java.security.CodeSource::getCertificates@73
                      ; - java.lang.ClassLoader::postDefineClass@24
                      ; - java.lang.ClassLoader::defineClass@37
  0x0000017ae6e6d6a0: dc10 53ff 

  0x0000017ae6e6d6a4: ;   {other}
  0x0000017ae6e6d6a4: 0f1f 8400 | 9422 001e | 4c8b d044 

  0x0000017ae6e6d6b0: ;   {metadata('java/security/cert/Certificate'[])}
  0x0000017ae6e6d6b0: 8b40 0841 | 81f8 a042 | 1000 0f85 | 7011 0000 | 4c89 5424 | 4045 8b5a | 0c4c 8bd5 | 4963 eb49 
  0x0000017ae6e6d6d0: c1ea 0949 | b800 00cf | ed7a 0100 | 0047 8824 | 1048 c1e5 | 024c 8b54 | 2440 4d8b | c244 8b54 
  0x0000017ae6e6d6f0: 2438 4589 | 4214 4181 | fb00 0004 | 000f 878a | 0e00 0049 | 8b9f b801 | 0000 4c8d | 5517 4983 
  0x0000017ae6e6d710: e2f8 4c8b | c34d 03c2 | 4d3b 87c8 | 0100 000f | 8368 0e00 | 004d 8987 | b801 0000 | 410f 0d88 
  0x0000017ae6e6d730: c000 0000 | 48c7 0301 | 0000 0041 | 0f0d 8800 

  0x0000017ae6e6d740: ;   {metadata('java/security/cert/Certificate'[])}
  0x0000017ae6e6d740: 0100 00c7 | 4308 a042 | 1000 4489 | 5b0c 410f | 0d88 4001 | 0000 410f | 0d88 8001 | 0000 488b 
  0x0000017ae6e6d760: 4c24 4048 | 83c1 1048 | 8bd3 4883 | c210 4883 | c507 48c1 | ed03 4c8b | c5c5 f877 | 49ba 6074 
  0x0000017ae6e6d780: 38e6 7a01 | 0000 41ff 

  0x0000017ae6e6d788: ;   {other}
  0x0000017ae6e6d788: d20f 1f84 | 0000 0000 | 004c 8b5c | 2430 4c89 | 5c24 78e9 | 36f1 ffff | 4489 5424 | 6889 4c24 
  0x0000017ae6e6d7a8: 6444 8944 | 2460 448b | 9424 9000 | 0000 4489 | 5424 444c | 896c 2450 | 4889 7424 | 484c 8b54 
  0x0000017ae6e6d7c8: 2428 4c89 | 5424 2048 | 8bac 2488 

  0x0000017ae6e6d7d4: ;   {metadata('java/lang/String')}
  0x0000017ae6e6d7d4: 0000 0048 | ba78 e800 | 807a 0100 | 0066 6690 

  0x0000017ae6e6d7e4: ;   {runtime_call _new_instance_Java}
  0x0000017ae6e6d7e4: c5f8 77e8 

  0x0000017ae6e6d7e8: ; ImmutableOopMap {rbp=Oop [32]=Oop [48]=Oop [68]=NarrowOop [72]=Oop [80]=Oop [88]=Oop [96]=NarrowOop [136]=Oop [144]=NarrowOop }
                      ;*new {reexecute=0 rethrow=0 return_oop=1}
                      ; - java.lang.StringLatin1::newString@7
                      ; - java.lang.String::substring@41
                      ; - java.lang.ClassLoader::checkCerts@21
                      ; - java.lang.ClassLoader::preDefineClass@113
                      ; - java.lang.ClassLoader::defineClass@4
  0x0000017ae6e6d7e8: 9490 5eff 

  0x0000017ae6e6d7ec: ;   {other}
  0x0000017ae6e6d7ec: 0f1f 8400 | dc23 001f | 4c8b 5424 | 204c 8954 | 2428 488b | 7424 484c | 8b6c 2450 | 448b 4424 
  0x0000017ae6e6d80c: 608b 4c24 | 6444 8b54 | 2468 488b | d8e9 f0e4 | ffff 4889 | bc24 8000 | 0000 4c89 | 4c24 784c 
  0x0000017ae6e6d82c: 895c 2470 | 4889 5c24 | 6844 8954 | 2460 448b | 9424 9000 | 0000 4489 | 5424 444c | 896c 2450 
  0x0000017ae6e6d84c: 4889 7424 | 484c 8b94 | 2488 0000 | 004c 8954 

  0x0000017ae6e6d85c: ;   {metadata({type array byte})}
  0x0000017ae6e6d85c: 2420 48ba | 1823 0080 | 7a01 0000 | 448b 4424 | 6066 6690 

  0x0000017ae6e6d870: ;   {runtime_call _new_array_nozero_Java}
  0x0000017ae6e6d870: c5f8 77e8 

  0x0000017ae6e6d874: ; ImmutableOopMap {[32]=Oop [40]=Oop [48]=Oop [68]=NarrowOop [72]=Oop [80]=Oop [88]=Oop [104]=Oop [152]=Oop [112]=Derived_oop_[152] }
                      ;*newarray {reexecute=0 rethrow=0 return_oop=1}
                      ; - java.util.Arrays::copyOfRangeByte@10
                      ; - java.util.Arrays::copyOfRange@13
                      ; - java.lang.StringLatin1::newString@16
                      ; - java.lang.String::substring@41
                      ; - java.lang.ClassLoader::checkCerts@21
                      ; - java.lang.ClassLoader::preDefineClass@113
                      ; - java.lang.ClassLoader::defineClass@4
  0x0000017ae6e6d874: 0881 5eff 

  0x0000017ae6e6d878: ;   {other}
  0x0000017ae6e6d878: 0f1f 8400 | 6824 0020 | 4c8b 5424 | 204c 8994 | 2488 0000 | 0048 8b74 | 2448 4c8b | 6c24 5044 
  0x0000017ae6e6d898: 8b5c 2444 | 4489 9c24 | 9000 0000 | 448b 5424 | 6048 8b5c | 2468 4c8b | 5c24 704c | 8b4c 2478 
  0x0000017ae6e6d8b8: 488b bc24 | 8000 0000 | 4c8b f0e9 | 8ee5 ffff | 4489 5424 | 4844 895c | 2444 4489 | 4c24 244c 
  0x0000017ae6e6d8d8: 8b54 2478 | 4c89 5424 | 384c 8b54 | 2458 4c89 | 5424 3044 | 8b5c 2440 | 4489 5c24 | 2048 8b6c 
  0x0000017ae6e6d8f8: ;   {metadata('java/lang/String')}
  0x0000017ae6e6d8f8: 2428 48ba | 78e8 0080 | 7a01 0000 

  0x0000017ae6e6d904: ;   {runtime_call _new_instance_Java}
  0x0000017ae6e6d904: c5f8 77e8 

  0x0000017ae6e6d908: ; ImmutableOopMap {rbp=Oop [36]=NarrowOop [48]=Oop [56]=Oop [120]=Oop }
                      ;*new {reexecute=0 rethrow=0 return_oop=1}
                      ; - java.lang.StringLatin1::newString@7
                      ; - java.lang.String::substring@41
                      ; - java.lang.Class::getPackageName@62
                      ; - java.lang.ClassLoader::postDefineClass@2
                      ; - java.lang.ClassLoader::defineClass@37
  0x0000017ae6e6d908: 748f 5eff 

  0x0000017ae6e6d90c: ;   {other}
  0x0000017ae6e6d90c: 0f1f 8400 | fc24 0021 | 4889 6c24 | 2844 8b54 | 2420 4489 | 5424 404c | 8b54 2430 | 4c89 5424 
  0x0000017ae6e6d92c: 5844 8b4c | 2424 448b | 5c24 4444 | 8b54 2448 | 488b d8e9 | f2e7 ffff | 4c89 5c24 | 7048 894c 
  0x0000017ae6e6d94c: 2468 4889 | 7424 6048 | 895c 2450 | 4489 5424 | 344c 8b54 | 2478 4c89 | 5424 484c | 8b54 2458 
  0x0000017ae6e6d96c: 4c89 5424 | 3844 8b54 | 2440 4489 | 5424 304c | 8b54 2428 | 4c89 5424 

  0x0000017ae6e6d984: ;   {metadata({type array byte})}
  0x0000017ae6e6d984: 2048 ba18 | 2300 807a | 0100 0044 | 8b44 2434 | 4c8b 5424 | 484c 8954 | 2440 6690 

  0x0000017ae6e6d9a0: ;   {runtime_call _new_array_nozero_Java}
  0x0000017ae6e6d9a0: c5f8 77e8 

  0x0000017ae6e6d9a4: ; ImmutableOopMap {[32]=Oop [56]=Oop [64]=Oop [72]=Oop [80]=Oop [120]=Oop [136]=Oop [96]=Derived_oop_[136] }
                      ;*newarray {reexecute=0 rethrow=0 return_oop=1}
                      ; - java.util.Arrays::copyOfRangeByte@10
                      ; - java.util.Arrays::copyOfRange@13
                      ; - java.lang.StringLatin1::newString@16
                      ; - java.lang.String::substring@41
                      ; - java.lang.Class::getPackageName@62
                      ; - java.lang.ClassLoader::postDefineClass@2
                      ; - java.lang.ClassLoader::defineClass@37
  0x0000017ae6e6d9a4: d87f 5eff 

  0x0000017ae6e6d9a8: ;   {other}
  0x0000017ae6e6d9a8: 0f1f 8400 | 9825 0022 | 4c8b 5424 | 204c 8954 | 2428 448b | 5c24 3044 | 895c 2440 | 4c8b 5424 
  0x0000017ae6e6d9c8: 384c 8954 | 2458 448b | 5424 3448 | 8b5c 2450 | 488b 7424 | 6048 8b4c | 2468 4c8b | 5c24 704c 
  0x0000017ae6e6d9e8: 8be8 e998 | e8ff ff44 | 895c 2430 | 4c89 4c24 

  0x0000017ae6e6d9f8: ;   {metadata('java/lang/NamedPackage')}
  0x0000017ae6e6d9f8: 2048 bae8 | c001 807a | 0100 0090 

  0x0000017ae6e6da04: ;   {runtime_call _new_instance_Java}
  0x0000017ae6e6da04: c5f8 77e8 

  0x0000017ae6e6da08: ; ImmutableOopMap {[32]=Oop [40]=Oop [48]=NarrowOop [88]=Oop [120]=Oop }
                      ;*new {reexecute=0 rethrow=0 return_oop=1}
                      ; - java.lang.ClassLoader::getNamedPackage@16
                      ; - java.lang.ClassLoader::postDefineClass@9
                      ; - java.lang.ClassLoader::defineClass@37
  0x0000017ae6e6da08: 748e 5eff 

  0x0000017ae6e6da0c: ;   {other}
  0x0000017ae6e6da0c: 0f1f 8400 | fc25 0023 | e9a5 eaff 

  0x0000017ae6e6da18: ;   {metadata('java/lang/StringBuilder')}
  0x0000017ae6e6da18: ff48 ba40 | 8000 807a | 0100 0090 

  0x0000017ae6e6da24: ;   {runtime_call _new_instance_Java}
  0x0000017ae6e6da24: c5f8 77e8 

  0x0000017ae6e6da28: ; ImmutableOopMap {[32]=Oop [40]=Oop [48]=NarrowOop [56]=Oop [72]=Oop [88]=Oop [104]=Oop [120]=Oop }
                      ;*new {reexecute=0 rethrow=0 return_oop=1}
                      ; - java.lang.NamedPackage::<init>@22
                      ; - java.lang.ClassLoader::getNamedPackage@22
                      ; - java.lang.ClassLoader::postDefineClass@9
                      ; - java.lang.ClassLoader::defineClass@37
  0x0000017ae6e6da28: 548e 5eff 

  0x0000017ae6e6da2c: ;   {other}
  0x0000017ae6e6da2c: 0f1f 8400 | 1c26 0024 | e968 ebff 

  0x0000017ae6e6da38: ;   {metadata('java/lang/InternalError')}
  0x0000017ae6e6da38: ff48 ba38 | 0701 807a | 0100 0090 

  0x0000017ae6e6da44: ;   {runtime_call _new_instance_Java}
  0x0000017ae6e6da44: c5f8 77e8 

  0x0000017ae6e6da48: ; ImmutableOopMap {[32]=Oop [40]=Oop [48]=NarrowOop [56]=Oop [72]=Oop [88]=Oop [120]=Oop }
                      ;*new {reexecute=0 rethrow=0 return_oop=1}
                      ; - java.lang.NamedPackage::<init>@18
                      ; - java.lang.ClassLoader::getNamedPackage@22
                      ; - java.lang.ClassLoader::postDefineClass@9
                      ; - java.lang.ClassLoader::defineClass@37
  0x0000017ae6e6da48: 348e 5eff 

  0x0000017ae6e6da4c: ;   {other}
  0x0000017ae6e6da4c: 0f1f 8400 | 3c26 0025 | e903 ebff | ff4c 8954 | 2478 4c89 | 5c24 7048 | 895c 2468 | 4489 4424 
  0x0000017ae6e6da6c: 6044 8b84 | 2490 0000 | 0044 8944 | 2444 4c89 | 6c24 5048 | 8974 2448 | 4c8b 9424 | 8800 0000 
  0x0000017ae6e6da8c: 4c89 5424 

  0x0000017ae6e6da90: ;   {metadata({type array byte})}
  0x0000017ae6e6da90: 2048 ba18 | 2300 807a | 0100 0044 | 8bc1 6690 

  0x0000017ae6e6daa0: ;   {runtime_call _new_array_nozero_Java}
  0x0000017ae6e6daa0: c5f8 77e8 

  0x0000017ae6e6daa4: ; ImmutableOopMap {rbp=Oop [112]=Derived_oop_rbp [32]=Oop [40]=Oop [48]=Oop [68]=NarrowOop [72]=Oop [80]=Oop [88]=Oop [96]=NarrowOop [104]=Oop [136]=Oop [144]=NarrowOop }
                      ;*invokevirtual clone {reexecute=1 rethrow=0 return_oop=1}
                      ; - (reexecute) java.util.Arrays::copyOfRange@18
                      ; - java.lang.StringLatin1::newString@16
                      ; - java.lang.String::substring@41
                      ; - java.lang.ClassLoader::checkCerts@21
                      ; - java.lang.ClassLoader::preDefineClass@113
                      ; - java.lang.ClassLoader::defineClass@4
  0x0000017ae6e6daa4: d87e 5eff 

  0x0000017ae6e6daa8: ;   {other}
  0x0000017ae6e6daa8: 0f1f 8400 | 9826 0026 | 488b 7424 | 484c 8b6c | 2450 488b | 5c24 684c | 8b5c 2470 | 4c8b 5424 
  0x0000017ae6e6dac8: 7848 8bf8 | e9b2 e2ff | ff4c 894c | 2468 4489 | 5424 4448 | 895c 2460 | 4c89 6c24 | 5048 8974 
  0x0000017ae6e6dae8: 2448 48ba | 0000 0080 | 7a01 0000 | 4903 d390 

  0x0000017ae6e6daf8: ;   {runtime_call _new_array_Java}
  0x0000017ae6e6daf8: c5f8 77e8 

  0x0000017ae6e6dafc: ; ImmutableOopMap {rbp=Oop [40]=Oop [48]=Oop [68]=NarrowOop [72]=Oop [80]=Oop [88]=Oop [96]=Oop [136]=Oop }
                      ;*invokevirtual clone {reexecute=1 rethrow=0 return_oop=1}
                      ; - (reexecute) java.security.CodeSource::getCertificates@11
                      ; - java.lang.ClassLoader::checkCerts@34
                      ; - java.lang.ClassLoader::preDefineClass@113
                      ; - java.lang.ClassLoader::defineClass@4
  0x0000017ae6e6dafc: 0064 5eff 

  0x0000017ae6e6db00: ;   {other}
  0x0000017ae6e6db00: 0f1f 8400 | f026 0027 | 488b 7424 | 484c 8b6c | 2450 488b | 5c24 6044 | 8b54 2444 | 4c8b 4c24 
  0x0000017ae6e6db20: 6848 8bf8 | e9d5 ecff | ff49 8bd2 | 4533 c048 | 8b6c 2428 | 4c89 5c24 | 4866 6690 

  0x0000017ae6e6db3c: ;   {static_call}
  0x0000017ae6e6db3c: c5f8 77e8 

  0x0000017ae6e6db40: ; ImmutableOopMap {rbp=Oop [32]=Oop [40]=Oop [48]=Oop [72]=Oop [136]=Oop }
                      ;*invokestatic charAt {reexecute=0 rethrow=0 return_oop=0}
                      ; - java.lang.String::charAt@21
                      ; - java.lang.ClassLoader::checkName@25
                      ; - java.lang.ClassLoader::preDefineClass@1
                      ; - java.lang.ClassLoader::defineClass@4
  0x0000017ae6e6db40: 3c12 53ff 

  0x0000017ae6e6db44: ;   {other}
  0x0000017ae6e6db44: 0f1f 8400 | 3427 0028 | 448b d8e9 | 8adf ffff | 4889 7c24 | 4089 4c24 | 384c 8b54 | 2428 4c89 
  0x0000017ae6e6db64: 5424 2048 | ba00 0000 | 807a 0100 | 0049 03d0 | 458b c190 

  0x0000017ae6e6db78: ;   {runtime_call _new_array_Java}
  0x0000017ae6e6db78: c5f8 77e8 

  0x0000017ae6e6db7c: ; ImmutableOopMap {rbp=Oop [32]=Oop [56]=NarrowOop [120]=Oop }
                      ;*invokevirtual clone {reexecute=1 rethrow=0 return_oop=1}
                      ; - (reexecute) java.security.CodeSource::getCertificates@11
                      ; - java.lang.ClassLoader::postDefineClass@24
                      ; - java.lang.ClassLoader::defineClass@37
  0x0000017ae6e6db7c: 8063 5eff 

  0x0000017ae6e6db80: ;   {other}
  0x0000017ae6e6db80: 0f1f 8400 | 7027 0029 | 8b4c 2438 | 488b 7c24 | 4048 8bd8 | e90f edff | ff48 8944 | 2460 4889 
  0x0000017ae6e6dba0: 7424 5048 | 895c 2448 | 458b d344 | 894c 2444 | 4c8b 5c24 | 784c 895c | 2438 4c8b | 5c24 584c 
  0x0000017ae6e6dbc0: 895c 2430 | 4c8b 5c24 | 284c 895c 

  0x0000017ae6e6dbcc: ;   {metadata({type array byte})}
  0x0000017ae6e6dbcc: 2420 48ba | 1823 0080 | 7a01 0000 | 458b c24c | 8b54 2438 | 4c89 5424 | 2866 6690 

  0x0000017ae6e6dbe8: ;   {runtime_call _new_array_nozero_Java}
  0x0000017ae6e6dbe8: c5f8 77e8 

  0x0000017ae6e6dbec: ; ImmutableOopMap {[32]=Oop [40]=Oop [48]=Oop [56]=Oop [68]=NarrowOop [72]=Oop [136]=Oop [80]=Derived_oop_[136] }
                      ;*invokevirtual clone {reexecute=1 rethrow=0 return_oop=1}
                      ; - (reexecute) java.util.Arrays::copyOfRange@18
                      ; - java.lang.StringLatin1::newString@16
                      ; - java.lang.String::substring@41
                      ; - java.lang.Class::getPackageName@62
                      ; - java.lang.ClassLoader::postDefineClass@2
                      ; - java.lang.ClassLoader::defineClass@37
  0x0000017ae6e6dbec: 907d 5eff 

  0x0000017ae6e6dbf0: ;   {other}
  0x0000017ae6e6dbf0: 0f1f 8400 | e027 002a | 4c8b d04c | 8b5c 2420 | 4c89 5c24 | 284c 8b5c | 2430 4c89 | 5c24 584c 
  0x0000017ae6e6dc10: 8b5c 2438 | 4c89 5c24 | 7848 8b5c | 2448 488b | 7424 5048 | 8b44 2460 | 498b fae9 | 89e5 ffff 
  0x0000017ae6e6dc30: baf6 ffff | ff48 8be8 

  0x0000017ae6e6dc38: ;   {runtime_call UncommonTrapBlob}
  0x0000017ae6e6dc38: c5f8 77e8 

  0x0000017ae6e6dc3c: ; ImmutableOopMap {rbp=Oop }
                      ;*invokevirtual get {reexecute=0 rethrow=0 return_oop=0}
                      ; - java.lang.ClassLoader::getNamedPackage@5
                      ; - java.lang.ClassLoader::postDefineClass@9
                      ; - java.lang.ClassLoader::defineClass@37
  0x0000017ae6e6dc3c: c05d 53ff 

  0x0000017ae6e6dc40: ;   {other}
  0x0000017ae6e6dc40: 0f1f 8400 | 3028 002b | ba45 ffff | ff48 8b6c | 2428 4c89 | 4424 4890 

  0x0000017ae6e6dc58: ;   {runtime_call UncommonTrapBlob}
  0x0000017ae6e6dc58: c5f8 77e8 

  0x0000017ae6e6dc5c: ; ImmutableOopMap {rbp=Oop [32]=Oop [48]=Oop [72]=Oop [136]=Oop }
                      ;*ifeq {reexecute=1 rethrow=0 return_oop=0}
                      ; - (reexecute) java.lang.ClassLoader::checkName@8
                      ; - java.lang.ClassLoader::preDefineClass@1
                      ; - java.lang.ClassLoader::defineClass@4
  0x0000017ae6e6dc5c: a05d 53ff 

  0x0000017ae6e6dc60: ;   {other}
  0x0000017ae6e6dc60: 0f1f 8400 | 5028 002c | bae4 ffff | ff4c 895c | 2440 4489 | 5424 5890 

  0x0000017ae6e6dc78: ;   {runtime_call UncommonTrapBlob}
  0x0000017ae6e6dc78: c5f8 77e8 

  0x0000017ae6e6dc7c: ; ImmutableOopMap {[32]=Oop [40]=Oop [48]=Oop [64]=Oop [88]=NarrowOop }
                      ;*invokestatic checkIndex {reexecute=0 rethrow=0 return_oop=0}
                      ; - java.lang.String::checkIndex@5
                      ; - java.lang.StringLatin1::charAt@3
                      ; - java.lang.String::charAt@12
                      ; - java.lang.ClassLoader::checkName@25
                      ; - java.lang.ClassLoader::preDefineClass@1
                      ; - java.lang.ClassLoader::defineClass@4
  0x0000017ae6e6dc7c: 805d 53ff 

  0x0000017ae6e6dc80: ;   {other}
  0x0000017ae6e6dc80: 0f1f 8400 | 7028 002d | baf6 ffff | ff48 8beb | 4889 7c24 | 2066 6690 

  0x0000017ae6e6dc98: ;   {runtime_call UncommonTrapBlob}
  0x0000017ae6e6dc98: c5f8 77e8 

  0x0000017ae6e6dc9c: ; ImmutableOopMap {rbp=Oop [32]=Oop }
                      ;*invokevirtual putIfAbsent {reexecute=0 rethrow=0 return_oop=0}
                      ; - java.lang.ClassLoader::checkCerts@62
                      ; - java.lang.ClassLoader::preDefineClass@113
                      ; - java.lang.ClassLoader::defineClass@4
  0x0000017ae6e6dc9c: 605d 53ff 

  0x0000017ae6e6dca0: ;   {other}
  0x0000017ae6e6dca0: 0f1f 8400 | 9028 002e | bace ffff | ff4c 8b94 | 2488 0000 | 004c 8954 | 2440 4489 | 4424 6090 
  0x0000017ae6e6dcc0: ;   {runtime_call UncommonTrapBlob}
  0x0000017ae6e6dcc0: c5f8 77e8 

  0x0000017ae6e6dcc4: ; ImmutableOopMap {rbp=NarrowOop [32]=Oop [40]=Oop [48]=Oop [64]=Oop }
                      ;*invokestatic indexOfChar {reexecute=0 rethrow=0 return_oop=0}
                      ; - java.lang.StringLatin1::indexOf@33
                      ; - java.lang.String::indexOf@17
                      ; - java.lang.String::indexOf@3
                      ; - java.lang.ClassLoader::checkName@16
                      ; - java.lang.ClassLoader::preDefineClass@1
                      ; - java.lang.ClassLoader::defineClass@4
  0x0000017ae6e6dcc4: 385d 53ff 

  0x0000017ae6e6dcc8: ;   {other}
  0x0000017ae6e6dcc8: 0f1f 8400 | b828 002f | ba76 ffff | ff41 8be8 | 4489 5424 | 244c 8b54 | 2458 4c89 | 5424 4848 
  0x0000017ae6e6dce8: 8974 2450 | 4c89 6c24 | 5866 6690 

  0x0000017ae6e6dcf4: ;   {runtime_call UncommonTrapBlob}
  0x0000017ae6e6dcf4: c5f8 77e8 

  0x0000017ae6e6dcf8: ; ImmutableOopMap {rbp=NarrowOop [40]=Oop [48]=Oop [72]=Oop [80]=Oop [88]=Oop [136]=Oop [144]=NarrowOop }
                      ;*iflt {reexecute=1 rethrow=0 return_oop=0}
                      ; - (reexecute) java.lang.StringLatin1::lastIndexOf@19
                      ; - java.lang.String::lastIndexOf@13
                      ; - java.lang.String::lastIndexOf@8
                      ; - java.lang.ClassLoader::checkCerts@3
                      ; - java.lang.ClassLoader::preDefineClass@113
                      ; - java.lang.ClassLoader::defineClass@4
  0x0000017ae6e6dcf8: 045d 53ff 

  0x0000017ae6e6dcfc: ;   {other}
  0x0000017ae6e6dcfc: 0f1f 8400 | ec28 0030 | ba6e ffff | ff41 8be8 | 4489 5424 | 244c 8b54 | 2458 4c89 | 5424 4848 
  0x0000017ae6e6dd1c: 8974 2450 | 4c89 6c24 | 5866 6690 

  0x0000017ae6e6dd28: ;   {runtime_call UncommonTrapBlob}
  0x0000017ae6e6dd28: c5f8 77e8 

  0x0000017ae6e6dd2c: ; ImmutableOopMap {rbp=NarrowOop [40]=Oop [48]=Oop [72]=Oop [80]=Oop [88]=Oop [136]=Oop [144]=NarrowOop }
                      ;*iflt {reexecute=1 rethrow=0 return_oop=0}
                      ; - (reexecute) java.lang.StringLatin1::lastIndexOf@19
                      ; - java.lang.String::lastIndexOf@13
                      ; - java.lang.String::lastIndexOf@8
                      ; - java.lang.ClassLoader::checkCerts@3
                      ; - java.lang.ClassLoader::preDefineClass@113
                      ; - java.lang.ClassLoader::defineClass@4
  0x0000017ae6e6dd2c: d05c 53ff 

  0x0000017ae6e6dd30: ;   {other}
  0x0000017ae6e6dd30: 0f1f 8400 | 2029 0031 | bae4 ffff | ff4c 8b94 | 2488 0000 | 004c 8954 | 2440 6690 

  0x0000017ae6e6dd4c: ;   {runtime_call UncommonTrapBlob}
  0x0000017ae6e6dd4c: c5f8 77e8 

  0x0000017ae6e6dd50: ; ImmutableOopMap {rbp=NarrowOop [32]=Oop [40]=Oop [48]=Oop [64]=Oop }
                      ;*baload {reexecute=0 rethrow=0 return_oop=0}
                      ; - jdk.internal.util.ArraysSupport::mismatch@82
                      ; - java.lang.String::startsWith@70
                      ; - java.lang.String::startsWith@3
                      ; - java.lang.ClassLoader::preDefineClass@43
                      ; - java.lang.ClassLoader::defineClass@4
  0x0000017ae6e6dd50: ac5c 53ff 

  0x0000017ae6e6dd54: ;   {other}
  0x0000017ae6e6dd54: 0f1f 8400 | 4429 0032 | 4889 ac24 | 9800 0000 | 4d63 cae9 | 64e0 ffff | 4983 c1fe | 498b c948 
  0x0000017ae6e6dd74: 8bfa 4833 | c048 83f9 | 087f 1048 | ffc9 784f | 4889 04cf | 48ff c97d | f7eb 44c5 | fdef c0e9 
  0x0000017ae6e6dd94: 0d00 0000 | c5fe 7f07 | c5fe 7f47 | 2048 83c7 | 4048 83e9 | 087d ed48 | 83c1 047c | 0cc5 fe7f 
  0x0000017ae6e6ddb4: 0748 83c7 | 2048 83e9 | 0448 83c1 | 047e 1048 | ffc9 c5f9 | d607 4883 | c708 48ff | c97d f3e9 
  0x0000017ae6e6ddd4: c0e0 ffff | bacc ffff | ff41 8be8 | 4489 5424 | 244c 8b54 | 2458 4c89 | 5424 4848 | 8974 2450 
  0x0000017ae6e6ddf4: 4c89 6c24 | 5848 895c | 2470 6690 

  0x0000017ae6e6de00: ;   {runtime_call UncommonTrapBlob}
  0x0000017ae6e6de00: c5f8 77e8 

  0x0000017ae6e6de04: ; ImmutableOopMap {rbp=NarrowOop [40]=Oop [48]=Oop [72]=Oop [80]=Oop [88]=Oop [112]=Oop [136]=Oop [144]=NarrowOop }
                      ;*newarray {reexecute=1 rethrow=0 return_oop=0}
                      ; - (reexecute) java.util.Arrays::copyOfRangeByte@10
                      ; - java.util.Arrays::copyOfRange@13
                      ; - java.lang.StringLatin1::newString@16
                      ; - java.lang.String::substring@41
                      ; - java.lang.ClassLoader::checkCerts@21
                      ; - java.lang.ClassLoader::preDefineClass@113
                      ; - java.lang.ClassLoader::defineClass@4
  0x0000017ae6e6de04: f85b 53ff 

  0x0000017ae6e6de08: ;   {other}
  0x0000017ae6e6de08: 0f1f 8400 | f829 0033 | bade ffff | ff66 6690 

  0x0000017ae6e6de18: ;   {runtime_call UncommonTrapBlob}
  0x0000017ae6e6de18: c5f8 77e8 

  0x0000017ae6e6de1c: ; ImmutableOopMap {rbp=NarrowOop }
                      ;*checkcast {reexecute=0 rethrow=0 return_oop=0}
                      ; - java.lang.ClassLoader::getNamedPackage@8
                      ; - java.lang.ClassLoader::postDefineClass@9
                      ; - java.lang.ClassLoader::defineClass@37
  0x0000017ae6e6de1c: e05b 53ff 

  0x0000017ae6e6de20: ;   {other}
  0x0000017ae6e6de20: 0f1f 8400 | 102a 0034 | ba45 ffff | ff48 8b6c | 2428 4c8b | 9424 8800 | 0000 4c89 | 5424 4889 
  0x0000017ae6e6de40: 5c24 5090 

  0x0000017ae6e6de44: ;   {runtime_call UncommonTrapBlob}
  0x0000017ae6e6de44: c5f8 77e8 

  0x0000017ae6e6de48: ; ImmutableOopMap {rbp=Oop [32]=Oop [48]=Oop [72]=Oop [136]=Oop }
                      ;*if_icmpne {reexecute=1 rethrow=0 return_oop=0}
                      ; - (reexecute) java.lang.ClassLoader::checkName@20
                      ; - java.lang.ClassLoader::preDefineClass@1
                      ; - java.lang.ClassLoader::defineClass@4
  0x0000017ae6e6de48: b45b 53ff 

  0x0000017ae6e6de4c: ;   {other}
  0x0000017ae6e6de4c: 0f1f 8400 | 3c2a 0035 | 4533 db45 | 85d2 410f | 94c3 ba45 | ffff ff4c | 8b54 2428 | 4c89 5424 
  0x0000017ae6e6de6c: 204c 8b54 | 2458 4c89 | 5424 4048 | 8974 2448 | 4c89 6c24 | 6044 895c | 245c 6690 

  0x0000017ae6e6de88: ;   {runtime_call UncommonTrapBlob}
  0x0000017ae6e6de88: c5f8 77e8 

  0x0000017ae6e6de8c: ; ImmutableOopMap {[32]=Oop [48]=Oop [64]=Oop [72]=Oop [96]=Oop [136]=Oop [144]=NarrowOop }
                      ;*ifeq {reexecute=1 rethrow=0 return_oop=0}
                      ; - (reexecute) java.lang.String::lastIndexOf@4
                      ; - java.lang.String::lastIndexOf@8
                      ; - java.lang.ClassLoader::checkCerts@3
                      ; - java.lang.ClassLoader::preDefineClass@113
                      ; - java.lang.ClassLoader::defineClass@4
  0x0000017ae6e6de8c: 705b 53ff 

  0x0000017ae6e6de90: ;   {other}
  0x0000017ae6e6de90: 0f1f 8400 | 802a 0036 | ba45 ffff | ff44 8954 | 2420 4489 | 5424 244c | 8b54 2458 | 4c89 5424 
  0x0000017ae6e6deb0: 4848 8974 | 2450 4c89 | 6c24 6844 | 894c 2470 

  0x0000017ae6e6dec0: ;   {runtime_call UncommonTrapBlob}
  0x0000017ae6e6dec0: c5f8 77e8 

  0x0000017ae6e6dec4: ; ImmutableOopMap {[40]=Oop [48]=Oop [72]=Oop [80]=Oop [104]=Oop [136]=Oop [144]=NarrowOop }
                      ;*if_icmpgt {reexecute=1 rethrow=0 return_oop=0}
                      ; - (reexecute) jdk.internal.util.Preconditions::checkFromToIndex@6
                      ; - java.lang.String::checkBoundsBeginEnd@6
                      ; - java.lang.String::substring@8
                      ; - java.lang.ClassLoader::checkCerts@21
                      ; - java.lang.ClassLoader::preDefineClass@113
                      ; - java.lang.ClassLoader::defineClass@4
  0x0000017ae6e6dec4: 385b 53ff 

  0x0000017ae6e6dec8: ;   {other}
  0x0000017ae6e6dec8: 0f1f 8400 | b82a 0037 | ba45 ffff | ff4c 894c | 2440 4489 | 5c24 4844 | 8944 244c 

  0x0000017ae6e6dee4: ;   {runtime_call UncommonTrapBlob}
  0x0000017ae6e6dee4: c5f8 77e8 

  0x0000017ae6e6dee8: ; ImmutableOopMap {[40]=Oop [64]=Oop [72]=NarrowOop [88]=Oop [120]=Oop }
                      ;*ifle {reexecute=1 rethrow=0 return_oop=0}
                      ; - (reexecute) java.util.concurrent.ConcurrentHashMap::get@23
                      ; - java.lang.ClassLoader::getNamedPackage@5
                      ; - java.lang.ClassLoader::postDefineClass@9
                      ; - java.lang.ClassLoader::defineClass@37
  0x0000017ae6e6dee8: 145b 53ff 

  0x0000017ae6e6deec: ;   {other}
  0x0000017ae6e6deec: 0f1f 8400 | dc2a 0038 | ba45 ffff | ff48 8b6c | 2428 4c8b | 9424 8800 | 0000 4c89 | 5424 4844 
  0x0000017ae6e6df0c: 895c 2450 

  0x0000017ae6e6df10: ;   {runtime_call UncommonTrapBlob}
  0x0000017ae6e6df10: c5f8 77e8 

  0x0000017ae6e6df14: ; ImmutableOopMap {rbp=Oop [32]=Oop [48]=Oop [72]=Oop [136]=Oop }
                      ;*if_icmpne {reexecute=1 rethrow=0 return_oop=0}
                      ; - (reexecute) java.lang.ClassLoader::checkName@30
                      ; - java.lang.ClassLoader::preDefineClass@1
                      ; - java.lang.ClassLoader::defineClass@4
  0x0000017ae6e6df14: e85a 53ff 

  0x0000017ae6e6df18: ;   {other}
  0x0000017ae6e6df18: 0f1f 8400 | 082b 0039 | ba76 ffff | ff41 8be9 | 897c 2424 | 4c8b 5424 | 784c 8954 | 2430 4c8b 
  0x0000017ae6e6df38: 5424 584c | 8954 2440 | 4889 4c24 | 5866 6690 

  0x0000017ae6e6df48: ;   {runtime_call UncommonTrapBlob}
  0x0000017ae6e6df48: c5f8 77e8 

  0x0000017ae6e6df4c: ; ImmutableOopMap {rbp=NarrowOop [40]=Oop [48]=Oop [64]=Oop [88]=Oop }
                      ;*iflt {reexecute=1 rethrow=0 return_oop=0}
                      ; - (reexecute) java.lang.StringLatin1::lastIndexOf@19
                      ; - java.lang.String::lastIndexOf@13
                      ; - java.lang.String::lastIndexOf@8
                      ; - java.lang.Class::getPackageName@47
                      ; - java.lang.ClassLoader::postDefineClass@2
                      ; - java.lang.ClassLoader::defineClass@37
  0x0000017ae6e6df4c: b05a 53ff 

  0x0000017ae6e6df50: ;   {other}
  0x0000017ae6e6df50: 0f1f 8400 | 402b 003a | ba45 ffff | ff48 8944 | 2430 4889 | 4424 4090 

  0x0000017ae6e6df68: ;   {runtime_call UncommonTrapBlob}
  0x0000017ae6e6df68: c5f8 77e8 

  0x0000017ae6e6df6c: ; ImmutableOopMap {[40]=Oop [48]=Oop [64]=Oop [88]=Oop }
                      ;*ifeq {reexecute=1 rethrow=0 return_oop=0}
                      ; - (reexecute) java.lang.Class::getPackageName@13
                      ; - java.lang.ClassLoader::postDefineClass@2
                      ; - java.lang.ClassLoader::defineClass@37
  0x0000017ae6e6df6c: 905a 53ff 

  0x0000017ae6e6df70: ;   {other}
  0x0000017ae6e6df70: 0f1f 8400 | 602b 003b | ba45 ffff | ff41 8bea | 4c8b 5424 | 284c 8954 | 2420 4c8b | 5424 584c 
  0x0000017ae6e6df90: 8954 2440 | 4889 7424 | 484c 896c | 2450 6690 

  0x0000017ae6e6dfa0: ;   {runtime_call UncommonTrapBlob}
  0x0000017ae6e6dfa0: c5f8 77e8 

  0x0000017ae6e6dfa4: ; ImmutableOopMap {[32]=Oop [48]=Oop [64]=Oop [72]=Oop [80]=Oop [136]=Oop [144]=NarrowOop }
                      ;*if_icmpne {reexecute=1 rethrow=0 return_oop=0}
                      ; - (reexecute) java.lang.ClassLoader::checkCerts@9
                      ; - java.lang.ClassLoader::preDefineClass@113
                      ; - java.lang.ClassLoader::defineClass@4
  0x0000017ae6e6dfa4: 585a 53ff 

  0x0000017ae6e6dfa8: ;   {other}
  0x0000017ae6e6dfa8: 0f1f 8400 | 982b 003c | ba45 ffff | ff44 8954 | 2420 4489 | 5424 244c | 8b54 2458 | 4c89 5424 
  0x0000017ae6e6dfc8: 4848 8974 | 2450 4c89 | 6c24 6844 | 894c 2470 | 4489 4c24 | 7466 6690 

  0x0000017ae6e6dfe0: ;   {runtime_call UncommonTrapBlob}
  0x0000017ae6e6dfe0: c5f8 77e8 

  0x0000017ae6e6dfe4: ; ImmutableOopMap {[40]=Oop [48]=Oop [72]=Oop [80]=Oop [104]=Oop [136]=Oop [144]=NarrowOop }
                      ;*if_icmple {reexecute=1 rethrow=0 return_oop=0}
                      ; - (reexecute) jdk.internal.util.Preconditions::checkFromToIndex@11
                      ; - java.lang.String::checkBoundsBeginEnd@6
                      ; - java.lang.String::substring@8
                      ; - java.lang.ClassLoader::checkCerts@21
                      ; - java.lang.ClassLoader::preDefineClass@113
                      ; - java.lang.ClassLoader::defineClass@4
  0x0000017ae6e6dfe4: 185a 53ff 

  0x0000017ae6e6dfe8: ;   {other}
  0x0000017ae6e6dfe8: 0f1f 8400 | d82b 003d | ba6e ffff | ff41 8be9 | 897c 2424 | 4c8b 5424 | 784c 8954 | 2430 4c8b 
  0x0000017ae6e6e008: 5424 584c | 8954 2440 | 4889 4c24 | 5866 6690 

  0x0000017ae6e6e018: ;   {runtime_call UncommonTrapBlob}
  0x0000017ae6e6e018: c5f8 77e8 

  0x0000017ae6e6e01c: ; ImmutableOopMap {rbp=NarrowOop [40]=Oop [48]=Oop [64]=Oop [88]=Oop }
                      ;*iflt {reexecute=1 rethrow=0 return_oop=0}
                      ; - (reexecute) java.lang.StringLatin1::lastIndexOf@19
                      ; - java.lang.String::lastIndexOf@13
                      ; - java.lang.String::lastIndexOf@8
                      ; - java.lang.Class::getPackageName@47
                      ; - java.lang.ClassLoader::postDefineClass@2
                      ; - java.lang.ClassLoader::defineClass@37
  0x0000017ae6e6e01c: e059 53ff 

  0x0000017ae6e6e020: ;   {other}
  0x0000017ae6e6e020: 0f1f 8400 | 102c 003e | ba45 ffff | ff48 8b6c | 2428 4489 | 5c24 4890 

  0x0000017ae6e6e038: ;   {runtime_call UncommonTrapBlob}
  0x0000017ae6e6e038: c5f8 77e8 

  0x0000017ae6e6e03c: ; ImmutableOopMap {rbp=Oop [32]=Oop [48]=Oop [88]=Oop [136]=Oop }
                      ;*ifne {reexecute=1 rethrow=0 return_oop=0}
                      ; - (reexecute) java.lang.ClassLoader::compareCerts@7
                      ; - java.lang.ClassLoader::checkCerts@80
                      ; - java.lang.ClassLoader::preDefineClass@113
                      ; - java.lang.ClassLoader::defineClass@4
  0x0000017ae6e6e03c: c059 53ff 

  0x0000017ae6e6e040: ;   {other}
  0x0000017ae6e6e040: 0f1f 8400 | 302c 003f | 4963 cae9 | aee1 ffff | 4883 c1fe | 498b f948 | 33c0 4883 | f908 7f10 
  0x0000017ae6e6e060: 48ff c978 | 4f48 8904 | cf48 ffc9 | 7df7 eb44 | c5fd efc0 | e90d 0000 | 00c5 fe7f | 07c5 fe7f 
  0x0000017ae6e6e080: 4720 4883 | c740 4883 | e908 7ded | 4883 c104 | 7c0c c5fe | 7f07 4883 | c720 4883 | e904 4883 
  0x0000017ae6e6e0a0: c104 7e10 | 48ff c9c5 | f9d6 0748 | 83c7 0848 | ffc9 7df3 | e913 e2ff | ffba ccff | ffff 418b 
  0x0000017ae6e6e0c0: e944 8954 | 2424 4c8b | 5424 784c | 8954 2430 | 4c8b 5424 | 584c 8954 | 2440 4889 | 5c24 6090 
  0x0000017ae6e6e0e0: ;   {runtime_call UncommonTrapBlob}
  0x0000017ae6e6e0e0: c5f8 77e8 

  0x0000017ae6e6e0e4: ; ImmutableOopMap {rbp=NarrowOop [40]=Oop [48]=Oop [64]=Oop [96]=Oop }
                      ;*newarray {reexecute=1 rethrow=0 return_oop=0}
                      ; - (reexecute) java.util.Arrays::copyOfRangeByte@10
                      ; - java.util.Arrays::copyOfRange@13
                      ; - java.lang.StringLatin1::newString@16
                      ; - java.lang.String::substring@41
                      ; - java.lang.Class::getPackageName@62
                      ; - java.lang.ClassLoader::postDefineClass@2
                      ; - java.lang.ClassLoader::defineClass@37
  0x0000017ae6e6e0e4: 1859 53ff 

  0x0000017ae6e6e0e8: ;   {other}
  0x0000017ae6e6e0e8: 0f1f 8400 | d82c 0040 | baf6 ffff | ff66 6690 

  0x0000017ae6e6e0f8: ;   {runtime_call UncommonTrapBlob}
  0x0000017ae6e6e0f8: c5f8 77e8 

  0x0000017ae6e6e0fc: ; ImmutableOopMap {}
                      ;*invokevirtual isNamed {reexecute=0 rethrow=0 return_oop=0}
                      ; - java.lang.NamedPackage::<init>@12
                      ; - java.lang.ClassLoader::getNamedPackage@22
                      ; - java.lang.ClassLoader::postDefineClass@9
                      ; - java.lang.ClassLoader::defineClass@37
  0x0000017ae6e6e0fc: 0059 53ff 

  0x0000017ae6e6e100: ;   {other}
  0x0000017ae6e6e100: 0f1f 8400 | f02c 0041 | 4585 d244 | 8b54 2440 | 410f 94c2 | 458b daba | 45ff ffff | 4c8b 5424 
  0x0000017ae6e6e120: 784c 8954 | 2420 4c8b | 5424 584c | 8954 2438 | 4889 4c24 | 5844 895c | 2460 6690 

  0x0000017ae6e6e13c: ;   {runtime_call UncommonTrapBlob}
  0x0000017ae6e6e13c: c5f8 77e8 

  0x0000017ae6e6e140: ; ImmutableOopMap {[32]=Oop [40]=Oop [56]=Oop [88]=Oop }
                      ;*ifeq {reexecute=1 rethrow=0 return_oop=0}
                      ; - (reexecute) java.lang.String::lastIndexOf@4
                      ; - java.lang.String::lastIndexOf@8
                      ; - java.lang.Class::getPackageName@47
                      ; - java.lang.ClassLoader::postDefineClass@2
                      ; - java.lang.ClassLoader::defineClass@37
  0x0000017ae6e6e140: bc58 53ff 

  0x0000017ae6e6e144: ;   {other}
  0x0000017ae6e6e144: 0f1f 8400 | 342d 0042 | ba45 ffff | ff44 8954 | 2420 4489 | 5424 244c | 8b54 2478 | 4c89 5424 
  0x0000017ae6e6e164: 304c 8b54 | 2458 4c89 | 5424 4048 | 894c 2458 | 4489 4424 | 6466 6690 

  0x0000017ae6e6e17c: ;   {runtime_call UncommonTrapBlob}
  0x0000017ae6e6e17c: c5f8 77e8 

  0x0000017ae6e6e180: ; ImmutableOopMap {[40]=Oop [48]=Oop [64]=Oop [88]=Oop }
                      ;*if_icmpgt {reexecute=1 rethrow=0 return_oop=0}
                      ; - (reexecute) jdk.internal.util.Preconditions::checkFromToIndex@6
                      ; - java.lang.String::checkBoundsBeginEnd@6
                      ; - java.lang.String::substring@8
                      ; - java.lang.Class::getPackageName@62
                      ; - java.lang.ClassLoader::postDefineClass@2
                      ; - java.lang.ClassLoader::defineClass@37
  0x0000017ae6e6e180: 7c58 53ff 

  0x0000017ae6e6e184: ;   {other}
  0x0000017ae6e6e184: 0f1f 8400 | 742d 0043 | baf6 ffff | ff66 6690 

  0x0000017ae6e6e194: ;   {runtime_call UncommonTrapBlob}
  0x0000017ae6e6e194: c5f8 77e8 

  0x0000017ae6e6e198: ; ImmutableOopMap {[48]=NarrowOop }
                      ;*invokevirtual append {reexecute=0 rethrow=0 return_oop=0}
                      ; - java.lang.NamedPackage::<init>@35
                      ; - java.lang.ClassLoader::getNamedPackage@22
                      ; - java.lang.ClassLoader::postDefineClass@9
                      ; - java.lang.ClassLoader::defineClass@37
  0x0000017ae6e6e198: 6458 53ff 

  0x0000017ae6e6e19c: ;   {other}
  0x0000017ae6e6e19c: 0f1f 8400 | 8c2d 0044 | baf6 ffff | ff66 6690 

  0x0000017ae6e6e1ac: ;   {runtime_call UncommonTrapBlob}
  0x0000017ae6e6e1ac: c5f8 77e8 

  0x0000017ae6e6e1b0: ; ImmutableOopMap {}
                      ;*invokevirtual toString {reexecute=0 rethrow=0 return_oop=0}
                      ; - java.lang.NamedPackage::<init>@38
                      ; - java.lang.ClassLoader::getNamedPackage@22
                      ; - java.lang.ClassLoader::postDefineClass@9
                      ; - java.lang.ClassLoader::defineClass@37
  0x0000017ae6e6e1b0: 4c58 53ff 

  0x0000017ae6e6e1b4: ;   {other}
  0x0000017ae6e6e1b4: 0f1f 8400 | a42d 0045 | ba45 ffff | ff41 8bea | 4c8b 5424 | 784c 8954 | 2420 6690 

  0x0000017ae6e6e1d0: ;   {runtime_call UncommonTrapBlob}
  0x0000017ae6e6e1d0: c5f8 77e8 

  0x0000017ae6e6e1d4: ; ImmutableOopMap {[32]=Oop [40]=Oop [88]=Oop }
                      ;*if_icmpeq {reexecute=1 rethrow=0 return_oop=0}
                      ; - (reexecute) java.lang.Class::getPackageName@55
                      ; - java.lang.ClassLoader::postDefineClass@2
                      ; - java.lang.ClassLoader::defineClass@37
  0x0000017ae6e6e1d4: 2858 53ff 

  0x0000017ae6e6e1d8: ;   {other}
  0x0000017ae6e6e1d8: 0f1f 8400 | c82d 0046 | ba45 ffff | ff44 8954 | 2420 4489 | 5424 244c | 8b54 2478 | 4c89 5424 
  0x0000017ae6e6e1f8: 304c 8b54 | 2458 4c89 | 5424 4048 | 894c 2458 | 4489 4424 | 6444 8944 | 2468 6690 

  0x0000017ae6e6e214: ;   {runtime_call UncommonTrapBlob}
  0x0000017ae6e6e214: c5f8 77e8 

  0x0000017ae6e6e218: ; ImmutableOopMap {[40]=Oop [48]=Oop [64]=Oop [88]=Oop }
                      ;*if_icmple {reexecute=1 rethrow=0 return_oop=0}
                      ; - (reexecute) jdk.internal.util.Preconditions::checkFromToIndex@11
                      ; - java.lang.String::checkBoundsBeginEnd@6
                      ; - java.lang.String::substring@8
                      ; - java.lang.Class::getPackageName@62
                      ; - java.lang.ClassLoader::postDefineClass@2
                      ; - java.lang.ClassLoader::defineClass@37
  0x0000017ae6e6e218: e457 53ff 

  0x0000017ae6e6e21c: ;   {other}
  0x0000017ae6e6e21c: 0f1f 8400 | 0c2e 0047 | ba45 ffff | ff4c 8b44 | 2458 4c89 | 4424 3844 | 895c 2450 | 4c89 4c24 
  0x0000017ae6e6e23c: 5889 4c24 | 5444 8954 | 2460 6690 

  0x0000017ae6e6e248: ;   {runtime_call UncommonTrapBlob}
  0x0000017ae6e6e248: c5f8 77e8 

  0x0000017ae6e6e24c: ; ImmutableOopMap {[40]=Oop [56]=Oop [80]=NarrowOop [84]=NarrowOop [88]=Oop [120]=Oop }
                      ;*ifge {reexecute=1 rethrow=0 return_oop=0}
                      ; - (reexecute) java.util.concurrent.ConcurrentHashMap::get@86
                      ; - java.lang.ClassLoader::getNamedPackage@5
                      ; - java.lang.ClassLoader::postDefineClass@9
                      ; - java.lang.ClassLoader::defineClass@37
  0x0000017ae6e6e24c: b057 53ff 

  0x0000017ae6e6e250: ;   {other}
  0x0000017ae6e6e250: 0f1f 8400 | 402e 0048 | ba45 ffff | ff4c 8b44 | 2458 4c89 | 4424 3844 | 895c 2450 | 4c89 4c24 
  0x0000017ae6e6e270: 5889 4c24 | 5444 8954 | 2460 6690 

  0x0000017ae6e6e27c: ;   {runtime_call UncommonTrapBlob}
  0x0000017ae6e6e27c: c5f8 77e8 

  0x0000017ae6e6e280: ; ImmutableOopMap {rbp=NarrowOop [40]=Oop [56]=Oop [80]=NarrowOop [84]=NarrowOop [88]=Oop [120]=Oop }
                      ;*ifnull {reexecute=1 rethrow=0 return_oop=0}
                      ; - (reexecute) java.util.concurrent.ConcurrentHashMap::get@67
                      ; - java.lang.ClassLoader::getNamedPackage@5
                      ; - java.lang.ClassLoader::postDefineClass@9
                      ; - java.lang.ClassLoader::defineClass@37
  0x0000017ae6e6e280: 7c57 53ff 

  0x0000017ae6e6e284: ;   {other}
  0x0000017ae6e6e284: 0f1f 8400 | 742e 0049 | ba76 ffff | ff48 8b6c | 2428 4c8b | 5c24 584c | 895c 2440 | 4c89 5424 
  0x0000017ae6e6e2a4: 484c 8974 | 2458 4489 | 4424 6490 

  0x0000017ae6e6e2b0: ;   {runtime_call UncommonTrapBlob}
  0x0000017ae6e6e2b0: c5f8 77e8 

  0x0000017ae6e6e2b4: ; ImmutableOopMap {rbp=Oop [32]=Oop [48]=Oop [64]=Oop [72]=Oop [88]=Oop [136]=Oop }
                      ;*if_icmpge {reexecute=1 rethrow=0 return_oop=0}
                      ; - (reexecute) java.lang.ClassLoader::compareCerts@40
                      ; - java.lang.ClassLoader::checkCerts@80
                      ; - java.lang.ClassLoader::preDefineClass@113
                      ; - java.lang.ClassLoader::defineClass@4
  0x0000017ae6e6e2b4: 4857 53ff 

  0x0000017ae6e6e2b8: ;   {other}
  0x0000017ae6e6e2b8: 0f1f 8400 | a82e 004a | babe ffff | ff48 8b6c | 2428 4c8b | 5c24 584c | 895c 2440 | 4c89 5424 
  0x0000017ae6e6e2d8: 484c 8974 | 2458 4489 | 4424 6490 

  0x0000017ae6e6e2e4: ;   {runtime_call UncommonTrapBlob}
  0x0000017ae6e6e2e4: c5f8 77e8 

  0x0000017ae6e6e2e8: ; ImmutableOopMap {rbp=Oop [32]=Oop [48]=Oop [64]=Oop [72]=Oop [88]=Oop [136]=Oop }
                      ;*if_icmpge {reexecute=1 rethrow=0 return_oop=0}
                      ; - (reexecute) java.lang.ClassLoader::compareCerts@40
                      ; - java.lang.ClassLoader::checkCerts@80
                      ; - java.lang.ClassLoader::preDefineClass@113
                      ; - java.lang.ClassLoader::defineClass@4
  0x0000017ae6e6e2e8: 1457 53ff 

  0x0000017ae6e6e2ec: ;   {other}
  0x0000017ae6e6e2ec: 0f1f 8400 | dc2e 004b | baf6 ffff | ff48 8b6c | 2420 6690 

  0x0000017ae6e6e300: ;   {runtime_call UncommonTrapBlob}
  0x0000017ae6e6e300: c5f8 77e8 

  0x0000017ae6e6e304: ; ImmutableOopMap {rbp=Oop [56]=Oop }
                      ;*invokevirtual putIfAbsent {reexecute=0 rethrow=0 return_oop=0}
                      ; - java.lang.ClassLoader::getNamedPackage@32
                      ; - java.lang.ClassLoader::postDefineClass@9
                      ; - java.lang.ClassLoader::defineClass@37
  0x0000017ae6e6e304: f856 53ff 

  0x0000017ae6e6e308: ;   {other}
  0x0000017ae6e6e308: 0f1f 8400 | f82e 004c | bade ffff | ff48 8be8 

  0x0000017ae6e6e318: ;   {runtime_call UncommonTrapBlob}
  0x0000017ae6e6e318: c5f8 77e8 

  0x0000017ae6e6e31c: ; ImmutableOopMap {rbp=Oop }
                      ;*checkcast {reexecute=0 rethrow=0 return_oop=0}
                      ; - java.lang.ClassLoader::getNamedPackage@35
                      ; - java.lang.ClassLoader::postDefineClass@9
                      ; - java.lang.ClassLoader::defineClass@37
  0x0000017ae6e6e31c: e056 53ff 

  0x0000017ae6e6e320: ;   {other}
  0x0000017ae6e6e320: 0f1f 8400 | 102f 004d | ba45 ffff | ff48 8b6c | 2428 4489 | 4424 4844 | 895c 244c 

  0x0000017ae6e6e33c: ;   {runtime_call UncommonTrapBlob}
  0x0000017ae6e6e33c: c5f8 77e8 

  0x0000017ae6e6e340: ; ImmutableOopMap {rbp=Oop [32]=Oop [48]=Oop [88]=Oop [136]=Oop }
                      ;*if_icmpeq {reexecute=1 rethrow=0 return_oop=0}
                      ; - (reexecute) java.lang.ClassLoader::compareCerts@20
                      ; - java.lang.ClassLoader::checkCerts@80
                      ; - java.lang.ClassLoader::preDefineClass@113
                      ; - java.lang.ClassLoader::defineClass@4
  0x0000017ae6e6e340: bc56 53ff 

  0x0000017ae6e6e344: ;   {other}
  0x0000017ae6e6e344: 0f1f 8400 | 342f 004e | 41bd 0100 | 0000 ba45 | ffff ff48 | 8b6c 2428 | 488b 4c24 | 5848 894c 
  0x0000017ae6e6e364: 2440 4c89 | 5424 484c | 8974 2458 | 4489 4424 | 6044 894c | 2464 4489 | 6c24 6844 | 895c 246c 
  0x0000017ae6e6e384: ;   {runtime_call UncommonTrapBlob}
  0x0000017ae6e6e384: c5f8 77e8 

  0x0000017ae6e6e388: ; ImmutableOopMap {rbp=Oop [32]=Oop [48]=Oop [64]=Oop [72]=Oop [88]=Oop [136]=Oop }
                      ;*if_icmpge {reexecute=1 rethrow=0 return_oop=0}
                      ; - (reexecute) java.lang.ClassLoader::compareCerts@67
                      ; - java.lang.ClassLoader::checkCerts@80
                      ; - java.lang.ClassLoader::preDefineClass@113
                      ; - java.lang.ClassLoader::defineClass@4
  0x0000017ae6e6e388: 7456 53ff 

  0x0000017ae6e6e38c: ;   {other}
  0x0000017ae6e6e38c: 0f1f 8400 | 7c2f 004f | ba45 ffff | ff4c 8b44 | 2458 4c89 | 4424 3844 | 895c 2450 | 4c89 4c24 
  0x0000017ae6e6e3ac: 5848 897c | 2460 4489 | 5424 5490 

  0x0000017ae6e6e3b8: ;   {runtime_call UncommonTrapBlob}
  0x0000017ae6e6e3b8: c5f8 77e8 

  0x0000017ae6e6e3bc: ; ImmutableOopMap {rbp=NarrowOop [40]=Oop [56]=Oop [80]=NarrowOop [88]=Oop [96]=Oop [120]=Oop }
                      ;*ifnull {reexecute=1 rethrow=0 return_oop=0}
                      ; - (reexecute) java.util.concurrent.ConcurrentHashMap::get@143
                      ; - java.lang.ClassLoader::getNamedPackage@5
                      ; - java.lang.ClassLoader::postDefineClass@9
                      ; - java.lang.ClassLoader::defineClass@37
  0x0000017ae6e6e3bc: 4056 53ff 

  0x0000017ae6e6e3c0: ;   {other}
  0x0000017ae6e6e3c0: 0f1f 8400 | b02f 0050 | ba45 ffff | ff44 8b54 | 2434 4489 | 5424 3089 | 4424 4090 

  0x0000017ae6e6e3dc: ;   {runtime_call UncommonTrapBlob}
  0x0000017ae6e6e3dc: c5f8 77e8 

  0x0000017ae6e6e3e0: ; ImmutableOopMap {[32]=Oop [48]=NarrowOop [56]=Oop [80]=Oop [96]=Oop [120]=Oop }
                      ;*ifeq {reexecute=1 rethrow=0 return_oop=0}
                      ; - (reexecute) java.util.concurrent.ConcurrentHashMap::get@152
                      ; - java.lang.ClassLoader::getNamedPackage@5
                      ; - java.lang.ClassLoader::postDefineClass@9
                      ; - java.lang.ClassLoader::defineClass@37
  0x0000017ae6e6e3e0: 1c56 53ff 

  0x0000017ae6e6e3e4: ;   {other}
  0x0000017ae6e6e3e4: 0f1f 8400 | d42f 0051 | 4c89 5c24 | 7044 8944 | 2468 4889 | 5c24 604c | 896c 2450 | 4889 7424 
  0x0000017ae6e6e404: 484c 8b54 | 2428 4c89 

  0x0000017ae6e6e40c: ;   {metadata('java/util/ArrayList')}
  0x0000017ae6e6e40c: 5424 2048 | bae8 a20b | 807a 0100 | 0066 6690 

  0x0000017ae6e6e41c: ;   {runtime_call _new_instance_Java}
  0x0000017ae6e6e41c: c5f8 77e8 

  0x0000017ae6e6e420: ; ImmutableOopMap {[32]=Oop [48]=Oop [72]=Oop [80]=Oop [88]=Oop [96]=Oop [104]=NarrowOop [112]=Oop [136]=Oop [144]=NarrowOop }
                      ;*new {reexecute=0 rethrow=0 return_oop=1}
                      ; - java.security.CodeSource::getCertificates@25
                      ; - java.lang.ClassLoader::checkCerts@34
                      ; - java.lang.ClassLoader::preDefineClass@113
                      ; - java.lang.ClassLoader::defineClass@4
  0x0000017ae6e6e420: 5c84 5eff 

  0x0000017ae6e6e424: ;   {other}
  0x0000017ae6e6e424: 0f1f 8400 | 1430 0052 | 4c8b 5424 | 204c 8954 | 2428 488b | 7424 484c | 8b6c 2450 | 488b 5c24 
  0x0000017ae6e6e444: 6044 8b44 | 2468 4c8b | 5c24 70e9 | d7ed ffff | 4889 4c24 | 704c 895c | 2468 4889 | 5c24 6044 
  0x0000017ae6e6e464: 8b94 2490 | 0000 0044 | 8954 2444 | 4c89 6c24 | 5048 8974 | 2448 4c8b | 5424 284c | 8954 2420 
  0x0000017ae6e6e484: 488b ac24 | 8800 0000 

  0x0000017ae6e6e48c: ;   {metadata('java/security/cert/Certificate'[])}
  0x0000017ae6e6e48c: 48ba a042 | 1080 7a01 | 0000 448b | 4424 4090 

  0x0000017ae6e6e49c: ;   {runtime_call _new_array_Java}
  0x0000017ae6e6e49c: c5f8 77e8 

  0x0000017ae6e6e4a0: ; ImmutableOopMap {rbp=Oop [32]=Oop [48]=Oop [68]=NarrowOop [72]=Oop [80]=Oop [88]=Oop [96]=Oop [104]=Oop [112]=Oop [136]=Oop }
                      ;*anewarray {reexecute=0 rethrow=0 return_oop=1}
                      ; - java.security.CodeSource::getCertificates@70
                      ; - java.lang.ClassLoader::checkCerts@34
                      ; - java.lang.ClassLoader::preDefineClass@113
                      ; - java.lang.ClassLoader::defineClass@4
  0x0000017ae6e6e4a0: 5c5a 5eff 

  0x0000017ae6e6e4a4: ;   {other}
  0x0000017ae6e6e4a4: 0f1f 8400 | 9430 0053 | e9f4 eeff | ff4c 894c | 2468 4889 

  0x0000017ae6e6e4b8: ;   {metadata('java/security/cert/Certificate'[])}
  0x0000017ae6e6e4b8: 4c24 2848 | baa0 4210 | 807a 0100 | 0066 6690 

  0x0000017ae6e6e4c8: ;   {runtime_call _new_array_Java}
  0x0000017ae6e6e4c8: c5f8 77e8 

  0x0000017ae6e6e4cc: ; ImmutableOopMap {rbp=Oop [32]=Oop [40]=Oop [48]=Oop [72]=Oop [80]=Oop [88]=Oop [96]=Oop }
                      ;*invokevirtual clone {reexecute=1 rethrow=0 return_oop=1}
                      ; - (reexecute) java.security.CodeSource::getCertificates@86
                      ; - java.lang.ClassLoader::checkCerts@34
                      ; - java.lang.ClassLoader::preDefineClass@113
                      ; - java.lang.ClassLoader::defineClass@4
  0x0000017ae6e6e4cc: 305a 5eff 

  0x0000017ae6e6e4d0: ;   {other}
  0x0000017ae6e6e4d0: 0f1f 8400 | c030 0054 | 488b 4c24 | 284c 8b4c | 2468 488b | d8e9 80ef | ffff 4889 | 4c24 4844 
  0x0000017ae6e6e4f0: 895c 2438 | 4489 5424 | 2444 8b5c | 2440 4489 | 5c24 2048 | 8b6c 2428 

  0x0000017ae6e6e508: ;   {metadata('java/util/ArrayList')}
  0x0000017ae6e6e508: 48ba e8a2 | 0b80 7a01 | 0000 6690 

  0x0000017ae6e6e514: ;   {runtime_call _new_instance_Java}
  0x0000017ae6e6e514: c5f8 77e8 

  0x0000017ae6e6e518: ; ImmutableOopMap {rbp=Oop [36]=NarrowOop [56]=NarrowOop [72]=Oop [120]=Oop }
                      ;*new {reexecute=0 rethrow=0 return_oop=1}
                      ; - java.security.CodeSource::getCertificates@25
                      ; - java.lang.ClassLoader::postDefineClass@24
                      ; - java.lang.ClassLoader::defineClass@37
  0x0000017ae6e6e518: 6483 5eff 

  0x0000017ae6e6e51c: ;   {other}
  0x0000017ae6e6e51c: 0f1f 8400 | 0c31 0055 | 4889 6c24 | 2844 8b54 | 2420 4489 | 5424 4044 | 8b54 2424 | 448b 5c24 
  0x0000017ae6e6e53c: 3848 8b4c | 2448 e90c | f0ff ff4c | 894c 2448 | 488b e944 | 8954 2438 | 4c8b 5424 | 784c 8954 
  0x0000017ae6e6e55c: 2430 4c8b | 5424 284c | 8954 2420 

  0x0000017ae6e6e568: ;   {metadata('java/security/cert/Certificate'[])}
  0x0000017ae6e6e568: 48ba a042 | 1080 7a01 | 0000 448b | 4424 4090 

  0x0000017ae6e6e578: ;   {runtime_call _new_array_Java}
  0x0000017ae6e6e578: c5f8 77e8 

  0x0000017ae6e6e57c: ; ImmutableOopMap {rbp=Oop [32]=Oop [48]=Oop [56]=NarrowOop [72]=Oop [120]=Oop }
                      ;*anewarray {reexecute=0 rethrow=0 return_oop=1}
                      ; - java.security.CodeSource::getCertificates@70
                      ; - java.lang.ClassLoader::postDefineClass@24
                      ; - java.lang.ClassLoader::defineClass@37
  0x0000017ae6e6e57c: 8059 5eff 

  0x0000017ae6e6e580: ;   {other}
  0x0000017ae6e6e580: 0f1f 8400 | 7031 0056 | e904 f1ff 

  0x0000017ae6e6e58c: ;   {metadata('java/security/cert/Certificate'[])}
  0x0000017ae6e6e58c: ff48 baa0 | 4210 807a | 0100 0045 | 8bc3 6690 

  0x0000017ae6e6e59c: ;   {runtime_call _new_array_Java}
  0x0000017ae6e6e59c: c5f8 77e8 

  0x0000017ae6e6e5a0: ; ImmutableOopMap {[32]=Oop [48]=Oop [64]=Oop }
                      ;*invokevirtual clone {reexecute=1 rethrow=0 return_oop=1}
                      ; - (reexecute) java.security.CodeSource::getCertificates@86
                      ; - java.lang.ClassLoader::postDefineClass@24
                      ; - java.lang.ClassLoader::defineClass@37
  0x0000017ae6e6e5a0: 5c59 5eff 

  0x0000017ae6e6e5a4: ;   {other}
  0x0000017ae6e6e5a4: 0f1f 8400 | 9431 0057 | 488b d8e9 | aaf1 ffff | ba37 0100 | 0049 8beb | 4c8b 9424 | 8800 0000 
  0x0000017ae6e6e5c4: 4c89 5424 | 204c 8b54 | 2430 4c89 | 5424 2844 | 8b5c 2438 | 4489 5c24 | 3044 8b54 | 243c 4489 
  0x0000017ae6e6e5e4: 5424 3490 

  0x0000017ae6e6e5e8: ;   {runtime_call UncommonTrapBlob}
  0x0000017ae6e6e5e8: c5f8 77e8 

  0x0000017ae6e6e5ec: ; ImmutableOopMap {rbp=Oop [32]=Oop [40]=Oop }
                      ;*new {reexecute=0 rethrow=0 return_oop=0}
                      ; - java.lang.ClassLoader::preDefineClass@56
                      ; - java.lang.ClassLoader::defineClass@4
  0x0000017ae6e6e5ec: 1054 53ff 

  0x0000017ae6e6e5f0: ;   {other}
  0x0000017ae6e6e5f0: 0f1f 8400 | e031 0058 | bae4 ffff | ff48 8b6c | 2428 4c8b | 5424 304c | 8954 2428 | 448b 5424 
  0x0000017ae6e6e610: 3844 8954 | 2430 448b | 5c24 3c44 | 895c 2434 | 4c8b 5424 | 584c 8954 | 2438 4889 | 7424 404c 
  0x0000017ae6e6e630: 896c 2448 | 4889 5c24 | 5048 894c | 2468 4489 | 4424 7044 | 894c 2474 

  0x0000017ae6e6e648: ;   {runtime_call UncommonTrapBlob}
  0x0000017ae6e6e648: c5f8 77e8 

  0x0000017ae6e6e64c: ; ImmutableOopMap {rbp=Oop [40]=Oop [56]=Oop [64]=Oop [72]=Oop [80]=Oop [104]=Oop [112]=NarrowOop [136]=Oop [144]=NarrowOop }
                      ;*aaload {reexecute=0 rethrow=0 return_oop=0}
                      ; - java.security.CodeSource::getCertificates@50
                      ; - java.lang.ClassLoader::checkCerts@34
                      ; - java.lang.ClassLoader::preDefineClass@113
                      ; - java.lang.ClassLoader::defineClass@4
  0x0000017ae6e6e64c: b053 53ff 

  0x0000017ae6e6e650: ;   {other}
  0x0000017ae6e6e650: 0f1f 8400 | 4032 0059 | bae4 ffff | ff48 8b4c | 2428 4889 | 4c24 2044 | 8954 2430 | 4c89 4c24 
  0x0000017ae6e6e670: 4044 895c | 2448 4489 | 4424 4c90 

  0x0000017ae6e6e67c: ;   {runtime_call UncommonTrapBlob}
  0x0000017ae6e6e67c: c5f8 77e8 

  0x0000017ae6e6e680: ; ImmutableOopMap {[32]=Oop [48]=NarrowOop [64]=Oop [72]=NarrowOop [120]=Oop }
                      ;*aaload {reexecute=0 rethrow=0 return_oop=0}
                      ; - java.security.CodeSource::getCertificates@50
                      ; - java.lang.ClassLoader::postDefineClass@24
                      ; - java.lang.ClassLoader::defineClass@37
  0x0000017ae6e6e680: 7c53 53ff 

  0x0000017ae6e6e684: ;   {other}
  0x0000017ae6e6e684: 0f1f 8400 | 7432 005a | bade ffff | ff4c 8b5c | 2458 4c89 | 5c24 5048 | 8944 2458 

  0x0000017ae6e6e6a0: ;   {runtime_call UncommonTrapBlob}
  0x0000017ae6e6e6a0: c5f8 77e8 

  0x0000017ae6e6e6a4: ; ImmutableOopMap {rbp=Oop [32]=Oop [40]=Oop [48]=Oop [72]=Oop [80]=Oop [88]=Oop [136]=Oop }
                      ;*checkcast {reexecute=0 rethrow=0 return_oop=0}
                      ; - java.lang.ClassLoader::checkCerts@65
                      ; - java.lang.ClassLoader::preDefineClass@113
                      ; - java.lang.ClassLoader::defineClass@4
  0x0000017ae6e6e6a4: 5853 53ff 

  0x0000017ae6e6e6a8: ;   {other}
  0x0000017ae6e6e6a8: 0f1f 8400 | 9832 005b | 4c8b 4c24 | 584c 894c | 2448 4c89 | 5424 5844 | 895c 2460 | 4489 6c24 
  0x0000017ae6e6e6c8: 644c 8974 | 2470 4489 | 4424 6c89 | 5424 7889 | 5424 7cba | 66ff ffff 

  0x0000017ae6e6e6e0: ;   {runtime_call UncommonTrapBlob}
  0x0000017ae6e6e6e0: c5f8 77e8 

  0x0000017ae6e6e6e4: ; ImmutableOopMap {rbp=NarrowOop [32]=Oop [40]=Oop [48]=Oop [72]=Oop [88]=Oop [112]=Oop [120]=NarrowOop [124]=NarrowOop [136]=Oop }
                      ;*instanceof {reexecute=0 rethrow=0 return_oop=0}
                      ; - sun.security.x509.X509CertImpl::getEncodedInternal@1
                      ; - java.security.cert.Certificate::equals@17
                      ; - java.lang.ClassLoader::compareCerts@166
                      ; - java.lang.ClassLoader::checkCerts@80
                      ; - java.lang.ClassLoader::preDefineClass@113
                      ; - java.lang.ClassLoader::defineClass@4
  0x0000017ae6e6e6e4: 1853 53ff 

  0x0000017ae6e6e6e8: ;   {other}
  0x0000017ae6e6e6e8: 0f1f 8400 | d832 005c | 488b 6c24 | 2848 8b5c | 2458 4889 | 5c24 404c | 8974 2458 | 4489 4424 
  0x0000017ae6e6e708: 6044 894c | 2464 4c89 | 5424 7044 | 895c 246c | 894c 2478 | 8954 247c | 8994 2480 | 0000 00ba 
  0x0000017ae6e6e728: 66ff ffff 

  0x0000017ae6e6e72c: ;   {runtime_call UncommonTrapBlob}
  0x0000017ae6e6e72c: c5f8 77e8 

  0x0000017ae6e6e730: ; ImmutableOopMap {rbp=Oop [32]=Oop [48]=Oop [64]=Oop [88]=Oop [112]=Oop [120]=NarrowOop [124]=NarrowOop [128]=NarrowOop [136]=Oop }
                      ;*instanceof {reexecute=0 rethrow=0 return_oop=0}
                      ; - sun.security.x509.X509CertImpl::getEncodedInternal@1
                      ; - java.security.cert.Certificate::equals@17
                      ; - java.lang.ClassLoader::compareCerts@81
                      ; - java.lang.ClassLoader::checkCerts@80
                      ; - java.lang.ClassLoader::preDefineClass@113
                      ; - java.lang.ClassLoader::defineClass@4
  0x0000017ae6e6e730: cc52 53ff 

  0x0000017ae6e6e734: ;   {other}
  0x0000017ae6e6e734: 0f1f 8400 | 2433 005d | 4533 ed48 | 8b4c 2458 | 4889 4c24 | 484c 8974 | 2460 4489 | 4424 6844 
  0x0000017ae6e6e754: 894c 246c | 8954 2470 | 4c89 5424 | 7844 895c | 2474 4489 | ac24 8000 | 0000 c5fa | 118c 2484 
  0x0000017ae6e6e774: 0000 00ba | 66ff ffff 

  0x0000017ae6e6e77c: ;   {runtime_call UncommonTrapBlob}
  0x0000017ae6e6e77c: c5f8 77e8 

  0x0000017ae6e6e780: ; ImmutableOopMap {rbp=Oop [32]=Oop [40]=Oop [48]=Oop [72]=Oop [96]=Oop [112]=NarrowOop [120]=Oop [132]=NarrowOop [136]=Oop }
                      ;*instanceof {reexecute=0 rethrow=0 return_oop=0}
                      ; - sun.security.x509.X509CertImpl::getEncodedInternal@1
                      ; - java.security.cert.Certificate::equals@25
                      ; - java.lang.ClassLoader::compareCerts@81
                      ; - java.lang.ClassLoader::checkCerts@80
                      ; - java.lang.ClassLoader::preDefineClass@113
                      ; - java.lang.ClassLoader::defineClass@4
  0x0000017ae6e6e780: 7c52 53ff 

  0x0000017ae6e6e784: ;   {other}
  0x0000017ae6e6e784: 0f1f 8400 | 7433 005e | 4533 c948 | 8b6c 2428 | 488b 4c24 | 5848 894c | 2440 4c89 | 5424 5044 
  0x0000017ae6e6e7a4: 895c 2458 | 4489 6c24 | 5c89 5424 | 604c 8974 | 2468 4489 | 4424 6444 | 894c 2470 | c5fa 1144 
  0x0000017ae6e6e7c4: 2474 4889 | 9c24 8000 | 0000 ba66 | ffff ff90 

  0x0000017ae6e6e7d4: ;   {runtime_call UncommonTrapBlob}
  0x0000017ae6e6e7d4: c5f8 77e8 

  0x0000017ae6e6e7d8: ; ImmutableOopMap {rbp=Oop [32]=Oop [48]=Oop [64]=Oop [80]=Oop [96]=NarrowOop [104]=Oop [116]=NarrowOop [128]=Oop [136]=Oop }
                      ;*instanceof {reexecute=0 rethrow=0 return_oop=0}
                      ; - sun.security.x509.X509CertImpl::getEncodedInternal@1
                      ; - java.security.cert.Certificate::equals@25
                      ; - java.lang.ClassLoader::compareCerts@166
                      ; - java.lang.ClassLoader::checkCerts@80
                      ; - java.lang.ClassLoader::preDefineClass@113
                      ; - java.lang.ClassLoader::defineClass@4
  0x0000017ae6e6e7d8: 2452 53ff 

  0x0000017ae6e6e7dc: ;   {other}
  0x0000017ae6e6e7dc: 0f1f 8400 | cc33 005f | bade ffff | ff4c 8b54 | 2430 4c89 | 5424 2844 | 8b5c 2438 | 4489 5c24 
  0x0000017ae6e6e7fc: 3044 8b54 | 243c 4489 | 5424 344c | 8b54 2458 | 4c89 5424 | 384c 8b54 | 2460 4c89 | 5424 5848 
  0x0000017ae6e6e81c: 8944 2460 

  0x0000017ae6e6e820: ;   {runtime_call UncommonTrapBlob}
  0x0000017ae6e6e820: c5f8 77e8 

  0x0000017ae6e6e824: ; ImmutableOopMap {rbp=Oop [32]=Oop [40]=Oop [56]=Oop [68]=NarrowOop [72]=Oop [80]=Oop [88]=Oop [96]=Oop }
                      ;*checkcast {reexecute=0 rethrow=0 return_oop=0}
                      ; - java.security.CodeSource::getCertificates@76
                      ; - java.lang.ClassLoader::checkCerts@34
                      ; - java.lang.ClassLoader::preDefineClass@113
                      ; - java.lang.ClassLoader::defineClass@4
  0x0000017ae6e6e824: d851 53ff 

  0x0000017ae6e6e828: ;   {other}
  0x0000017ae6e6e828: 0f1f 8400 | 1834 0060 | bade ffff | ff48 8b6c | 2430 448b | 4424 3844 | 8944 2434 | 4889 4424 
  0x0000017ae6e6e848: 3866 6690 

  0x0000017ae6e6e84c: ;   {runtime_call UncommonTrapBlob}
  0x0000017ae6e6e84c: c5f8 77e8 

  0x0000017ae6e6e850: ; ImmutableOopMap {rbp=Oop [32]=Oop [52]=NarrowOop [56]=Oop }
                      ;*checkcast {reexecute=0 rethrow=0 return_oop=0}
                      ; - java.security.CodeSource::getCertificates@76
                      ; - java.lang.ClassLoader::postDefineClass@24
                      ; - java.lang.ClassLoader::defineClass@37
  0x0000017ae6e6e850: ac51 53ff 

  0x0000017ae6e6e854: ;   {other}
  0x0000017ae6e6e854: 0f1f 8400 | 4434 0061 | baf6 ffff | ff66 6690 

  0x0000017ae6e6e864: ;   {runtime_call UncommonTrapBlob}
  0x0000017ae6e6e864: c5f8 77e8 

  0x0000017ae6e6e868: ; ImmutableOopMap {}
                      ;*invokevirtual getCodeSource {reexecute=0 rethrow=0 return_oop=0}
                      ; - java.lang.ClassLoader::defineClassSourceLocation@1
                      ; - java.lang.ClassLoader::defineClass@12
  0x0000017ae6e6e868: 9451 53ff 

  0x0000017ae6e6e86c: ;   {other}
  0x0000017ae6e6e86c: 0f1f 8400 | 5c34 0062 | baf6 ffff | ff66 6690 

  0x0000017ae6e6e87c: ;   {runtime_call UncommonTrapBlob}
  0x0000017ae6e6e87c: c5f8 77e8 

  0x0000017ae6e6e880: ; ImmutableOopMap {}
                      ;*invokevirtual getPackageName {reexecute=0 rethrow=0 return_oop=0}
                      ; - java.lang.ClassLoader::postDefineClass@2
                      ; - java.lang.ClassLoader::defineClass@37
  0x0000017ae6e6e880: 7c51 53ff 

  0x0000017ae6e6e884: ;   {other}
  0x0000017ae6e6e884: 0f1f 8400 | 7434 0063 | baf6 ffff | ff66 6690 

  0x0000017ae6e6e894: ;   {runtime_call UncommonTrapBlob}
  0x0000017ae6e6e894: c5f8 77e8 

  0x0000017ae6e6e898: ; ImmutableOopMap {}
                      ;*invokevirtual hashCode {reexecute=0 rethrow=0 return_oop=0}
                      ; - java.util.concurrent.ConcurrentHashMap::get@1
                      ; - java.lang.ClassLoader::getNamedPackage@5
                      ; - java.lang.ClassLoader::postDefineClass@9
                      ; - java.lang.ClassLoader::defineClass@37
  0x0000017ae6e6e898: 6451 53ff 

  0x0000017ae6e6e89c: ;   {other}
  0x0000017ae6e6e89c: 0f1f 8400 | 8c34 0064 | baf6 ffff | ff66 6690 

  0x0000017ae6e6e8ac: ;   {runtime_call UncommonTrapBlob}
  0x0000017ae6e6e8ac: c5f8 77e8 

  0x0000017ae6e6e8b0: ; ImmutableOopMap {}
                      ;*arraylength {reexecute=0 rethrow=0 return_oop=0}
                      ; - java.lang.String::isEmpty@4
                      ; - java.lang.ClassLoader::checkName@5
                      ; - java.lang.ClassLoader::preDefineClass@1
                      ; - java.lang.ClassLoader::defineClass@4
  0x0000017ae6e6e8b0: 4c51 53ff 

  0x0000017ae6e6e8b4: ;   {other}
  0x0000017ae6e6e8b4: 0f1f 8400 | a434 0065 | baf6 ffff | ff66 6690 

  0x0000017ae6e6e8c4: ;   {runtime_call UncommonTrapBlob}
  0x0000017ae6e6e8c4: c5f8 77e8 

  0x0000017ae6e6e8c8: ; ImmutableOopMap {}
                      ;*arraylength {reexecute=0 rethrow=0 return_oop=0}
                      ; - java.lang.String::length@4
                      ; - java.lang.String::startsWith@6
                      ; - java.lang.String::startsWith@3
                      ; - java.lang.ClassLoader::preDefineClass@43
                      ; - java.lang.ClassLoader::defineClass@4
  0x0000017ae6e6e8c8: 3451 53ff 

  0x0000017ae6e6e8cc: ;   {other}
  0x0000017ae6e6e8cc: 0f1f 8400 | bc34 0066 | baf6 ffff | ff66 6690 

  0x0000017ae6e6e8dc: ;   {runtime_call UncommonTrapBlob}
  0x0000017ae6e6e8dc: c5f8 77e8 

  0x0000017ae6e6e8e0: ; ImmutableOopMap {}
                      ;*arraylength {reexecute=0 rethrow=0 return_oop=0}
                      ; - java.lang.StringLatin1::charAt@2
                      ; - java.lang.String::charAt@12
                      ; - java.lang.ClassLoader::checkName@25
                      ; - java.lang.ClassLoader::preDefineClass@1
                      ; - java.lang.ClassLoader::defineClass@4
  0x0000017ae6e6e8e0: 1c51 53ff 

  0x0000017ae6e6e8e4: ;   {other}
  0x0000017ae6e6e8e4: 0f1f 8400 | d434 0067 | baf6 ffff | ff66 6690 

  0x0000017ae6e6e8f4: ;   {runtime_call UncommonTrapBlob}
  0x0000017ae6e6e8f4: c5f8 77e8 

  0x0000017ae6e6e8f8: ; ImmutableOopMap {}
                      ;*invokevirtual getCodeSource {reexecute=0 rethrow=0 return_oop=0}
                      ; - java.lang.ClassLoader::preDefineClass@110
                      ; - java.lang.ClassLoader::defineClass@4
  0x0000017ae6e6e8f8: 0451 53ff 

  0x0000017ae6e6e8fc: ;   {other}
  0x0000017ae6e6e8fc: 0f1f 8400 | ec34 0068 | baf6 ffff | ff66 6690 

  0x0000017ae6e6e90c: ;   {runtime_call UncommonTrapBlob}
  0x0000017ae6e6e90c: c5f8 77e8 

  0x0000017ae6e6e910: ; ImmutableOopMap {}
                      ;*arraylength {reexecute=0 rethrow=0 return_oop=0}
                      ; - java.lang.String::length@4
                      ; - java.lang.String::lastIndexOf@3
                      ; - java.lang.ClassLoader::checkCerts@3
                      ; - java.lang.ClassLoader::preDefineClass@113
                      ; - java.lang.ClassLoader::defineClass@4
  0x0000017ae6e6e910: ec50 53ff 

  0x0000017ae6e6e914: ;   {other}
  0x0000017ae6e6e914: 0f1f 8400 | 0435 0069 | ba45 ffff | ff4c 8b54 | 2428 4c89 | 5424 2090 

  0x0000017ae6e6e92c: ;   {runtime_call UncommonTrapBlob}
  0x0000017ae6e6e92c: c5f8 77e8 

  0x0000017ae6e6e930: ; ImmutableOopMap {rbp=NarrowOop [32]=Oop [48]=Oop [88]=Oop [136]=Oop }
                      ;*ifnull {reexecute=1 rethrow=0 return_oop=0}
                      ; - (reexecute) java.lang.ClassLoader::defineClassSourceLocation@8
                      ; - java.lang.ClassLoader::defineClass@12
  0x0000017ae6e6e930: cc50 53ff 

  0x0000017ae6e6e934: ;   {other}
  0x0000017ae6e6e934: 0f1f 8400 | 2435 006a | 4d85 d244 | 8b5c 2440 | 410f 94c3 | ba45 ffff | ff48 8944 | 2430 4889 
  0x0000017ae6e6e954: 4424 4044 | 895c 2448 

  0x0000017ae6e6e95c: ;   {runtime_call UncommonTrapBlob}
  0x0000017ae6e6e95c: c5f8 77e8 

  0x0000017ae6e6e960: ; ImmutableOopMap {[40]=Oop [48]=Oop [64]=Oop [88]=Oop }
                      ;*ifeq {reexecute=1 rethrow=0 return_oop=0}
                      ; - (reexecute) java.lang.Class::getPackageName@29
                      ; - java.lang.ClassLoader::postDefineClass@2
                      ; - java.lang.ClassLoader::defineClass@37
  0x0000017ae6e6e960: 9c50 53ff 

  0x0000017ae6e6e964: ;   {other}
  0x0000017ae6e6e964: 0f1f 8400 | 5435 006b | baf6 ffff | ff66 6690 

  0x0000017ae6e6e974: ;   {runtime_call UncommonTrapBlob}
  0x0000017ae6e6e974: c5f8 77e8 

  0x0000017ae6e6e978: ; ImmutableOopMap {}
                      ;*arraylength {reexecute=0 rethrow=0 return_oop=0}
                      ; - java.lang.String::length@4
                      ; - java.lang.String::lastIndexOf@3
                      ; - java.lang.Class::getPackageName@47
                      ; - java.lang.ClassLoader::postDefineClass@2
                      ; - java.lang.ClassLoader::defineClass@37
  0x0000017ae6e6e978: 8450 53ff 

  0x0000017ae6e6e97c: ;   {other}
  0x0000017ae6e6e97c: 0f1f 8400 | 6c35 006c | ba45 ffff | ff48 8b6c | 2428 4c8b | 5424 304c | 8954 2428 | 448b 5c24 
  0x0000017ae6e6e99c: 3844 895c | 2430 448b | 5424 3c44 | 8954 2434 | 4c8b 5424 | 584c 8954 | 2438 4889 | 7424 404c 
  0x0000017ae6e6e9bc: 896c 2448 | 4889 5c24 | 5866 6690 

  0x0000017ae6e6e9c8: ;   {runtime_call UncommonTrapBlob}
  0x0000017ae6e6e9c8: c5f8 77e8 

  0x0000017ae6e6e9cc: ; ImmutableOopMap {rbp=Oop [40]=Oop [56]=Oop [64]=Oop [72]=Oop [88]=Oop [136]=Oop [144]=NarrowOop }
                      ;*ifnull {reexecute=1 rethrow=0 return_oop=0}
                      ; - (reexecute) java.lang.ClassLoader::checkCerts@30
                      ; - java.lang.ClassLoader::preDefineClass@113
                      ; - java.lang.ClassLoader::defineClass@4
  0x0000017ae6e6e9cc: 3050 53ff 

  0x0000017ae6e6e9d0: ;   {other}
  0x0000017ae6e6e9d0: 0f1f 8400 | c035 006d | ba45 ffff | ff44 8954 | 2420 6690 

  0x0000017ae6e6e9e4: ;   {runtime_call UncommonTrapBlob}
  0x0000017ae6e6e9e4: c5f8 77e8 

  0x0000017ae6e6e9e8: ; ImmutableOopMap {[32]=NarrowOop [120]=Oop }
                      ;*ifnull {reexecute=1 rethrow=0 return_oop=0}
                      ; - (reexecute) java.lang.ClassLoader::postDefineClass@17
                      ; - java.lang.ClassLoader::defineClass@37
  0x0000017ae6e6e9e8: 1450 53ff 

  0x0000017ae6e6e9ec: ;   {other}
  0x0000017ae6e6e9ec: 0f1f 8400 | dc35 006e | 488b 6c24 | 2848 8b4c | 2458 4889 | 4c24 404c | 8974 2458 | 4489 4424 
  0x0000017ae6e6ea0c: 6044 894c | 2464 8954 | 2468 4c89 | 5424 7044 | 895c 2478 | ba76 ffff | ff66 6690 

  0x0000017ae6e6ea28: ;   {runtime_call UncommonTrapBlob}
  0x0000017ae6e6ea28: c5f8 77e8 

  0x0000017ae6e6ea2c: ; ImmutableOopMap {rbp=Oop [32]=Oop [48]=Oop [64]=Oop [88]=Oop [104]=NarrowOop [112]=Oop [136]=Oop }
                      ;*if_icmpge {reexecute=1 rethrow=0 return_oop=0}
                      ; - (reexecute) java.lang.ClassLoader::compareCerts@67
                      ; - java.lang.ClassLoader::checkCerts@80
                      ; - java.lang.ClassLoader::preDefineClass@113
                      ; - java.lang.ClassLoader::defineClass@4
  0x0000017ae6e6ea2c: d04f 53ff 

  0x0000017ae6e6ea30: ;   {other}
  0x0000017ae6e6ea30: 0f1f 8400 | 2036 006f | 488b 6c24 | 284c 8b4c | 2458 4c89 | 4c24 404c | 8954 2450 | 4489 5c24 
  0x0000017ae6e6ea50: 5844 896c | 245c 8954 | 2460 4c89 | 7424 6844 | 8944 2470 | ba76 ffff | ff66 6690 

  0x0000017ae6e6ea6c: ;   {runtime_call UncommonTrapBlob}
  0x0000017ae6e6ea6c: c5f8 77e8 

  0x0000017ae6e6ea70: ; ImmutableOopMap {rbp=Oop [32]=Oop [48]=Oop [64]=Oop [80]=Oop [96]=NarrowOop [104]=Oop [136]=Oop }
                      ;*if_icmpge {reexecute=1 rethrow=0 return_oop=0}
                      ; - (reexecute) java.lang.ClassLoader::compareCerts@152
                      ; - java.lang.ClassLoader::checkCerts@80
                      ; - java.lang.ClassLoader::preDefineClass@113
                      ; - java.lang.ClassLoader::defineClass@4
  0x0000017ae6e6ea70: 8c4f 53ff 

  0x0000017ae6e6ea74: ;   {other}
  0x0000017ae6e6ea74: 0f1f 8400 | 6436 0070 | 4533 ed48 | 8b6c 2428 | 488b 4c24 | 5848 894c | 2440 4c89 | 7424 5844 
  0x0000017ae6e6ea94: 8944 2460 | 4489 4c24 | 644c 8954 | 2470 4489 | 5c24 6c44 | 896c 2478 | 8954 247c | baf4 ffff 
  0x0000017ae6e6eab4: ff66 6690 

  0x0000017ae6e6eab8: ;   {runtime_call UncommonTrapBlob}
  0x0000017ae6e6eab8: c5f8 77e8 

  0x0000017ae6e6eabc: ; ImmutableOopMap {rbp=Oop [32]=Oop [48]=Oop [64]=Oop [88]=Oop [112]=Oop [124]=NarrowOop [136]=Oop }
                      ;*instanceof {reexecute=0 rethrow=0 return_oop=0}
                      ; - java.security.cert.Certificate::equals@8
                      ; - java.lang.ClassLoader::compareCerts@81
                      ; - java.lang.ClassLoader::checkCerts@80
                      ; - java.lang.ClassLoader::preDefineClass@113
                      ; - java.lang.ClassLoader::defineClass@4
  0x0000017ae6e6eabc: 404f 53ff 

  0x0000017ae6e6eac0: ;   {other}
  0x0000017ae6e6eac0: 0f1f 8400 | b036 0071 | 4533 c948 | 8b6c 2428 | 488b 4c24 | 5848 894c | 2440 4c89 | 5424 5044 
  0x0000017ae6e6eae0: 895c 2458 | 4489 6c24 | 5c4c 8974 | 2468 4489 | 4424 6444 | 894c 2470 | 8954 2474 | baf4 ffff 
  0x0000017ae6e6eb00: ff66 6690 

  0x0000017ae6e6eb04: ;   {runtime_call UncommonTrapBlob}
  0x0000017ae6e6eb04: c5f8 77e8 

  0x0000017ae6e6eb08: ; ImmutableOopMap {rbp=Oop [32]=Oop [48]=Oop [64]=Oop [80]=Oop [104]=Oop [116]=NarrowOop [136]=Oop }
                      ;*instanceof {reexecute=0 rethrow=0 return_oop=0}
                      ; - java.security.cert.Certificate::equals@8
                      ; - java.lang.ClassLoader::compareCerts@166
                      ; - java.lang.ClassLoader::checkCerts@80
                      ; - java.lang.ClassLoader::preDefineClass@113
                      ; - java.lang.ClassLoader::defineClass@4
  0x0000017ae6e6eb08: f44e 53ff 

  0x0000017ae6e6eb0c: ;   {other}
  0x0000017ae6e6eb0c: 0f1f 8400 | fc36 0072 | baf6 ffff | ff41 8be9 

  0x0000017ae6e6eb1c: ;   {runtime_call UncommonTrapBlob}
  0x0000017ae6e6eb1c: c5f8 77e8 

  0x0000017ae6e6eb20: ; ImmutableOopMap {}
                      ;*aaload {reexecute=0 rethrow=0 return_oop=0}
                      ; - java.security.CodeSource::getCertificates@50
                      ; - java.lang.ClassLoader::checkCerts@34
                      ; - java.lang.ClassLoader::preDefineClass@113
                      ; - java.lang.ClassLoader::defineClass@4
  0x0000017ae6e6eb20: dc4e 53ff 

  0x0000017ae6e6eb24: ;   {other}
  0x0000017ae6e6eb24: 0f1f 8400 | 1437 0073 | baf6 ffff | ff66 6690 

  0x0000017ae6e6eb34: ;   {runtime_call UncommonTrapBlob}
  0x0000017ae6e6eb34: c5f8 77e8 

  0x0000017ae6e6eb38: ; ImmutableOopMap {}
                      ;*invokevirtual getSignerCertPath {reexecute=0 rethrow=0 return_oop=0}
                      ; - java.security.CodeSource::getCertificates@51
                      ; - java.lang.ClassLoader::checkCerts@34
                      ; - java.lang.ClassLoader::preDefineClass@113
                      ; - java.lang.ClassLoader::defineClass@4
  0x0000017ae6e6eb38: c44e 53ff 

  0x0000017ae6e6eb3c: ;   {other}
  0x0000017ae6e6eb3c: 0f1f 8400 | 2c37 0074 | baf6 ffff | ff66 6690 

  0x0000017ae6e6eb4c: ;   {runtime_call UncommonTrapBlob}
  0x0000017ae6e6eb4c: c5f8 77e8 

  0x0000017ae6e6eb50: ; ImmutableOopMap {}
                      ;*invokevirtual getCertificates {reexecute=0 rethrow=0 return_oop=0}
                      ; - java.security.CodeSource::getCertificates@54
                      ; - java.lang.ClassLoader::checkCerts@34
                      ; - java.lang.ClassLoader::preDefineClass@113
                      ; - java.lang.ClassLoader::defineClass@4
  0x0000017ae6e6eb50: ac4e 53ff 

  0x0000017ae6e6eb54: ;   {other}
  0x0000017ae6e6eb54: 0f1f 8400 | 4437 0075 | baf6 ffff | ff66 6690 

  0x0000017ae6e6eb64: ;   {runtime_call UncommonTrapBlob}
  0x0000017ae6e6eb64: c5f8 77e8 

  0x0000017ae6e6eb68: ; ImmutableOopMap {}
                      ;*arraylength {reexecute=0 rethrow=0 return_oop=0}
                      ; - java.security.CodeSource::getCertificates@40
                      ; - java.lang.ClassLoader::checkCerts@34
                      ; - java.lang.ClassLoader::preDefineClass@113
                      ; - java.lang.ClassLoader::defineClass@4
  0x0000017ae6e6eb68: 944e 53ff 

  0x0000017ae6e6eb6c: ;   {other}
  0x0000017ae6e6eb6c: 0f1f 8400 | 5c37 0076 | baf6 ffff | ff41 8be8 

  0x0000017ae6e6eb7c: ;   {runtime_call UncommonTrapBlob}
  0x0000017ae6e6eb7c: c5f8 77e8 

  0x0000017ae6e6eb80: ; ImmutableOopMap {}
                      ;*aaload {reexecute=0 rethrow=0 return_oop=0}
                      ; - java.security.CodeSource::getCertificates@50
                      ; - java.lang.ClassLoader::postDefineClass@24
                      ; - java.lang.ClassLoader::defineClass@37
  0x0000017ae6e6eb80: 7c4e 53ff 

  0x0000017ae6e6eb84: ;   {other}
  0x0000017ae6e6eb84: 0f1f 8400 | 7437 0077 | baf6 ffff | ff66 6690 

  0x0000017ae6e6eb94: ;   {runtime_call UncommonTrapBlob}
  0x0000017ae6e6eb94: c5f8 77e8 

  0x0000017ae6e6eb98: ; ImmutableOopMap {}
                      ;*invokevirtual getSignerCertPath {reexecute=0 rethrow=0 return_oop=0}
                      ; - java.security.CodeSource::getCertificates@51
                      ; - java.lang.ClassLoader::postDefineClass@24
                      ; - java.lang.ClassLoader::defineClass@37
  0x0000017ae6e6eb98: 644e 53ff 

  0x0000017ae6e6eb9c: ;   {other}
  0x0000017ae6e6eb9c: 0f1f 8400 | 8c37 0078 | baf6 ffff | ff66 6690 

  0x0000017ae6e6ebac: ;   {runtime_call UncommonTrapBlob}
  0x0000017ae6e6ebac: c5f8 77e8 

  0x0000017ae6e6ebb0: ; ImmutableOopMap {}
                      ;*invokevirtual getCertificates {reexecute=0 rethrow=0 return_oop=0}
                      ; - java.security.CodeSource::getCertificates@54
                      ; - java.lang.ClassLoader::postDefineClass@24
                      ; - java.lang.ClassLoader::defineClass@37
  0x0000017ae6e6ebb0: 4c4e 53ff 

  0x0000017ae6e6ebb4: ;   {other}
  0x0000017ae6e6ebb4: 0f1f 8400 | a437 0079 | baf6 ffff | ff66 6690 

  0x0000017ae6e6ebc4: ;   {runtime_call UncommonTrapBlob}
  0x0000017ae6e6ebc4: c5f8 77e8 

  0x0000017ae6e6ebc8: ; ImmutableOopMap {}
                      ;*arraylength {reexecute=0 rethrow=0 return_oop=0}
                      ; - java.security.CodeSource::getCertificates@40
                      ; - java.lang.ClassLoader::postDefineClass@24
                      ; - java.lang.ClassLoader::defineClass@37
  0x0000017ae6e6ebc8: 344e 53ff 

  0x0000017ae6e6ebcc: ;   {other}
  0x0000017ae6e6ebcc: 0f1f 8400 | bc37 007a | ba97 ffff | ff8b 6c24 | 6066 6690 

  0x0000017ae6e6ebe0: ;   {runtime_call UncommonTrapBlob}
  0x0000017ae6e6ebe0: c5f8 77e8 

  0x0000017ae6e6ebe4: ; ImmutableOopMap {rbp=NarrowOop [32]=Oop [40]=Oop [48]=Oop [68]=NarrowOop [72]=Oop [80]=Oop [88]=Oop [104]=Oop }
                      ;*invokevirtual clone {reexecute=1 rethrow=0 return_oop=0}
                      ; - (reexecute) java.util.Arrays::copyOfRange@18
                      ; - java.lang.StringLatin1::newString@16
                      ; - java.lang.String::substring@41
                      ; - java.lang.ClassLoader::checkCerts@21
                      ; - java.lang.ClassLoader::preDefineClass@113
                      ; - java.lang.ClassLoader::defineClass@4
  0x0000017ae6e6ebe4: 184e 53ff 

  0x0000017ae6e6ebe8: ;   {other}
  0x0000017ae6e6ebe8: 0f1f 8400 | d837 007b | baf4 ffff | ff4c 8b54 | 2430 4c89 | 5424 2844 | 8b5c 2438 | 4489 5c24 
  0x0000017ae6e6ec08: 3044 8b54 | 243c 4489 | 5424 344c | 8b54 2458 | 4c89 5424 | 3866 6690 

  0x0000017ae6e6ec20: ;   {runtime_call UncommonTrapBlob}
  0x0000017ae6e6ec20: c5f8 77e8 

  0x0000017ae6e6ec24: ; ImmutableOopMap {rbp=Oop [32]=Oop [40]=Oop [56]=Oop [68]=NarrowOop [72]=Oop [80]=Oop [96]=Oop }
                      ;*checkcast {reexecute=0 rethrow=0 return_oop=0}
                      ; - java.security.CodeSource::getCertificates@76
                      ; - java.lang.ClassLoader::checkCerts@34
                      ; - java.lang.ClassLoader::preDefineClass@113
                      ; - java.lang.ClassLoader::defineClass@4
  0x0000017ae6e6ec24: d84d 53ff 

  0x0000017ae6e6ec28: ;   {other}
  0x0000017ae6e6ec28: 0f1f 8400 | 1838 007c | ba97 ffff | ff48 8b6c | 2428 4c8b | 5424 304c | 8954 2428 | 448b 5424 
  0x0000017ae6e6ec48: 3844 8954 | 2430 448b | 5c24 3c44 | 895c 2434 | 4c8b 5424 | 584c 8954 | 2438 6690 

  0x0000017ae6e6ec64: ;   {runtime_call UncommonTrapBlob}
  0x0000017ae6e6ec64: c5f8 77e8 

  0x0000017ae6e6ec68: ; ImmutableOopMap {rbp=Oop [40]=Oop [56]=Oop [68]=NarrowOop [72]=Oop [80]=Oop [96]=Oop [136]=Oop }
                      ;*invokevirtual clone {reexecute=1 rethrow=0 return_oop=0}
                      ; - (reexecute) java.security.CodeSource::getCertificates@11
                      ; - java.lang.ClassLoader::checkCerts@34
                      ; - java.lang.ClassLoader::preDefineClass@113
                      ; - java.lang.ClassLoader::defineClass@4
  0x0000017ae6e6ec68: 944d 53ff 

  0x0000017ae6e6ec6c: ;   {other}
  0x0000017ae6e6ec6c: 0f1f 8400 | 5c38 007d | baf4 ffff | ff48 8b6c | 2430 6690 

  0x0000017ae6e6ec80: ;   {runtime_call UncommonTrapBlob}
  0x0000017ae6e6ec80: c5f8 77e8 

  0x0000017ae6e6ec84: ; ImmutableOopMap {rbp=Oop [32]=Oop [56]=NarrowOop }
                      ;*checkcast {reexecute=0 rethrow=0 return_oop=0}
                      ; - java.security.CodeSource::getCertificates@76
                      ; - java.lang.ClassLoader::postDefineClass@24
                      ; - java.lang.ClassLoader::defineClass@37
  0x0000017ae6e6ec84: 784d 53ff 

  0x0000017ae6e6ec88: ;   {other}
  0x0000017ae6e6ec88: 0f1f 8400 | 7838 007e | ba97 ffff | ff66 6690 

  0x0000017ae6e6ec98: ;   {runtime_call UncommonTrapBlob}
  0x0000017ae6e6ec98: c5f8 77e8 

  0x0000017ae6e6ec9c: ; ImmutableOopMap {[32]=Oop [56]=NarrowOop [120]=Oop }
                      ;*invokevirtual clone {reexecute=1 rethrow=0 return_oop=0}
                      ; - (reexecute) java.security.CodeSource::getCertificates@11
                      ; - java.lang.ClassLoader::postDefineClass@24
                      ; - java.lang.ClassLoader::defineClass@37
  0x0000017ae6e6ec9c: 604d 53ff 

  0x0000017ae6e6eca0: ;   {other}
  0x0000017ae6e6eca0: 0f1f 8400 | 9038 007f | ba97 ffff | ff8b 6c24 | 4466 6690 

  0x0000017ae6e6ecb4: ;   {runtime_call UncommonTrapBlob}
  0x0000017ae6e6ecb4: c5f8 77e8 

  0x0000017ae6e6ecb8: ; ImmutableOopMap {rbp=NarrowOop [32]=Oop [40]=Oop [48]=Oop [72]=Oop }
                      ;*invokevirtual clone {reexecute=1 rethrow=0 return_oop=0}
                      ; - (reexecute) java.util.Arrays::copyOfRange@18
                      ; - java.lang.StringLatin1::newString@16
                      ; - java.lang.String::substring@41
                      ; - java.lang.Class::getPackageName@62
                      ; - java.lang.ClassLoader::postDefineClass@2
                      ; - java.lang.ClassLoader::defineClass@37
  0x0000017ae6e6ecb8: 444d 53ff 

  0x0000017ae6e6ecbc: ;   {other}
  0x0000017ae6e6ecbc: 0f1f 8400 | ac38 0080 | ba97 ffff | ff4c 8b54 | 2458 4c89 | 5424 4090 

  0x0000017ae6e6ecd4: ;   {runtime_call UncommonTrapBlob}
  0x0000017ae6e6ecd4: c5f8 77e8 

  0x0000017ae6e6ecd8: ; ImmutableOopMap {rbp=Oop [32]=Oop [40]=Oop [48]=Oop [64]=Oop [72]=Oop [80]=Oop [96]=Oop }
                      ;*invokevirtual clone {reexecute=1 rethrow=0 return_oop=0}
                      ; - (reexecute) java.security.CodeSource::getCertificates@86
                      ; - java.lang.ClassLoader::checkCerts@34
                      ; - java.lang.ClassLoader::preDefineClass@113
                      ; - java.lang.ClassLoader::defineClass@4
  0x0000017ae6e6ecd8: 244d 53ff 

  0x0000017ae6e6ecdc: ;   {other}
  0x0000017ae6e6ecdc: 0f1f 8400 | cc38 0081 | ba97 ffff | ff48 8b6c | 2430 6690 

  0x0000017ae6e6ecf0: ;   {runtime_call UncommonTrapBlob}
  0x0000017ae6e6ecf0: c5f8 77e8 

  0x0000017ae6e6ecf4: ; ImmutableOopMap {rbp=Oop [32]=Oop [64]=Oop }
                      ;*invokevirtual clone {reexecute=1 rethrow=0 return_oop=0}
                      ; - (reexecute) java.security.CodeSource::getCertificates@86
                      ; - java.lang.ClassLoader::postDefineClass@24
                      ; - java.lang.ClassLoader::defineClass@37
  0x0000017ae6e6ecf4: 084d 53ff 

  0x0000017ae6e6ecf8: ;   {other}
  0x0000017ae6e6ecf8: 0f1f 8400 | e838 0082 | eb46 eb44 | eb42 eb40 | eb3e eb3c | eb3a eb38 | eb36 eb34 | eb32 eb30 
  0x0000017ae6e6ed18: eb2e eb2c | eb2a eb28 | eb26 eb24 | eb22 eb20 | eb1e eb1c | eb1a eb18 | eb16 eb14 | eb12 eb10 
  0x0000017ae6e6ed38: eb0e eb0c | eb0a eb08 | eb06 eb04 | eb02 eb00 | 488b d0e9 | 01d9 ffff 

  0x0000017ae6e6ed50: ;   {internal_word}
  0x0000017ae6e6ed50: 49ba 1bc7 | e6e6 7a01 | 0000 4d89 | 9760 0400 

  0x0000017ae6e6ed60: ;   {runtime_call SafepointBlob}
  0x0000017ae6e6ed60: 00e9 9a5d 

  0x0000017ae6e6ed64: ;   {runtime_call StubRoutines (final stubs)}
  0x0000017ae6e6ed64: 53ff e875 | 9c51 ffe9 | 0ecc ffff 
[Stub Code]
  0x0000017ae6e6ed70: ;   {no_reloc}
  0x0000017ae6e6ed70: 48bb 0000 | 0000 0000 

  0x0000017ae6e6ed78: ;   {runtime_call nmethod}
  0x0000017ae6e6ed78: 0000 e9fb 

  0x0000017ae6e6ed7c: ;   {static_stub}
  0x0000017ae6e6ed7c: ffff ff48 | bb00 0000 | 0000 0000 

  0x0000017ae6e6ed88: ;   {runtime_call nmethod}
  0x0000017ae6e6ed88: 00e9 fbff 

  0x0000017ae6e6ed8c: ;   {static_stub}
  0x0000017ae6e6ed8c: ffff 48bb | 0000 0000 | 0000 0000 

  0x0000017ae6e6ed98: ;   {runtime_call nmethod}
  0x0000017ae6e6ed98: e9fb ffff 

  0x0000017ae6e6ed9c: ;   {static_stub}
  0x0000017ae6e6ed9c: ff48 bb00 | 0000 0000 

  0x0000017ae6e6eda4: ;   {runtime_call nmethod}
  0x0000017ae6e6eda4: 0000 00e9 | fbff ffff 

  0x0000017ae6e6edac: ;   {static_stub}
  0x0000017ae6e6edac: 48bb 0000 | 0000 0000 

  0x0000017ae6e6edb4: ;   {runtime_call nmethod}
  0x0000017ae6e6edb4: 0000 e9fb 

  0x0000017ae6e6edb8: ;   {static_stub}
  0x0000017ae6e6edb8: ffff ff48 | bb00 0000 | 0000 0000 

  0x0000017ae6e6edc4: ;   {runtime_call nmethod}
  0x0000017ae6e6edc4: 00e9 fbff 

  0x0000017ae6e6edc8: ;   {static_stub}
  0x0000017ae6e6edc8: ffff 48bb | 0000 0000 | 0000 0000 

  0x0000017ae6e6edd4: ;   {runtime_call nmethod}
  0x0000017ae6e6edd4: e9fb ffff 

  0x0000017ae6e6edd8: ;   {static_stub}
  0x0000017ae6e6edd8: ff48 bb00 | 0000 0000 

  0x0000017ae6e6ede0: ;   {runtime_call nmethod}
  0x0000017ae6e6ede0: 0000 00e9 | fbff ffff 

  0x0000017ae6e6ede8: ;   {static_stub}
  0x0000017ae6e6ede8: 48bb 0000 | 0000 0000 

  0x0000017ae6e6edf0: ;   {runtime_call nmethod}
  0x0000017ae6e6edf0: 0000 e9fb 

  0x0000017ae6e6edf4: ;   {static_stub}
  0x0000017ae6e6edf4: ffff ff48 | bb00 0000 | 0000 0000 

  0x0000017ae6e6ee00: ;   {runtime_call nmethod}
  0x0000017ae6e6ee00: 00e9 fbff 

  0x0000017ae6e6ee04: ;   {static_stub}
  0x0000017ae6e6ee04: ffff 48bb | 0000 0000 | 0000 0000 

  0x0000017ae6e6ee10: ;   {runtime_call nmethod}
  0x0000017ae6e6ee10: e9fb ffff 

  0x0000017ae6e6ee14: ;   {static_stub}
  0x0000017ae6e6ee14: ff48 bb00 | 0000 0000 

  0x0000017ae6e6ee1c: ;   {runtime_call nmethod}
  0x0000017ae6e6ee1c: 0000 00e9 | fbff ffff 

  0x0000017ae6e6ee24: ;   {static_stub}
  0x0000017ae6e6ee24: 48bb 0000 | 0000 0000 

  0x0000017ae6e6ee2c: ;   {runtime_call nmethod}
  0x0000017ae6e6ee2c: 0000 e9fb 

  0x0000017ae6e6ee30: ;   {static_stub}
  0x0000017ae6e6ee30: ffff ff48 | bb00 0000 | 0000 0000 

  0x0000017ae6e6ee3c: ;   {runtime_call nmethod}
  0x0000017ae6e6ee3c: 00e9 fbff 

  0x0000017ae6e6ee40: ;   {static_stub}
  0x0000017ae6e6ee40: ffff 48bb | 0000 0000 | 0000 0000 

  0x0000017ae6e6ee4c: ;   {runtime_call nmethod}
  0x0000017ae6e6ee4c: e9fb ffff 

  0x0000017ae6e6ee50: ;   {static_stub}
  0x0000017ae6e6ee50: ff48 bb00 | 0000 0000 

  0x0000017ae6e6ee58: ;   {runtime_call nmethod}
  0x0000017ae6e6ee58: 0000 00e9 | fbff ffff 

  0x0000017ae6e6ee60: ;   {static_stub}
  0x0000017ae6e6ee60: 48bb 0000 | 0000 0000 

  0x0000017ae6e6ee68: ;   {runtime_call nmethod}
  0x0000017ae6e6ee68: 0000 e9fb 

  0x0000017ae6e6ee6c: ;   {static_stub}
  0x0000017ae6e6ee6c: ffff ff48 | bb00 0000 | 0000 0000 

  0x0000017ae6e6ee78: ;   {runtime_call nmethod}
  0x0000017ae6e6ee78: 00e9 fbff 

  0x0000017ae6e6ee7c: ;   {static_stub}
  0x0000017ae6e6ee7c: ffff 48bb | 0000 0000 | 0000 0000 

  0x0000017ae6e6ee88: ;   {runtime_call nmethod}
  0x0000017ae6e6ee88: e9fb ffff 

  0x0000017ae6e6ee8c: ;   {static_stub}
  0x0000017ae6e6ee8c: ff48 bb00 | 0000 0000 

  0x0000017ae6e6ee94: ;   {runtime_call nmethod}
  0x0000017ae6e6ee94: 0000 00e9 | fbff ffff 

  0x0000017ae6e6ee9c: ;   {static_stub}
  0x0000017ae6e6ee9c: 48bb 0000 | 0000 0000 

  0x0000017ae6e6eea4: ;   {runtime_call nmethod}
  0x0000017ae6e6eea4: 0000 e9fb 

  0x0000017ae6e6eea8: ;   {static_stub}
  0x0000017ae6e6eea8: ffff ff48 | bb00 0000 | 0000 0000 

  0x0000017ae6e6eeb4: ;   {runtime_call nmethod}
  0x0000017ae6e6eeb4: 00e9 fbff 

  0x0000017ae6e6eeb8: ;   {static_stub}
  0x0000017ae6e6eeb8: ffff 48bb | 0000 0000 | 0000 0000 

  0x0000017ae6e6eec4: ;   {runtime_call nmethod}
  0x0000017ae6e6eec4: e9fb ffff 

  0x0000017ae6e6eec8: ;   {static_stub}
  0x0000017ae6e6eec8: ff48 bb00 | 0000 0000 

  0x0000017ae6e6eed0: ;   {runtime_call nmethod}
  0x0000017ae6e6eed0: 0000 00e9 | fbff ffff 
[Exception Handler]
  0x0000017ae6e6eed8: ;   {runtime_call ExceptionBlob}
  0x0000017ae6e6eed8: e9a3 da5d | ffe8 0000 | 0000 4883 

  0x0000017ae6e6eee4: ;   {runtime_call DeoptimizationBlob}
  0x0000017ae6e6eee4: 2c24 05e9 | b44e 53ff | f4f4 f4f4 
[/MachCode]


Compiled method (c2) 6663 7125   !   4       org.eclipse.osgi.internal.loader.classpath.ClasspathManager::defineClass (636 bytes)
 total in heap  [0x0000017ae6e85390,0x0000017ae6e8f380] = 40944
 relocation     [0x0000017ae6e854f0,0x0000017ae6e85a00] = 1296
 main code      [0x0000017ae6e85a00,0x0000017ae6e8ae60] = 21600
 stub code      [0x0000017ae6e8ae60,0x0000017ae6e8af88] = 296
 oops           [0x0000017ae6e8af88,0x0000017ae6e8afb0] = 40
 metadata       [0x0000017ae6e8afb0,0x0000017ae6e8b430] = 1152
 scopes data    [0x0000017ae6e8b430,0x0000017ae6e8df50] = 11040
 scopes pcs     [0x0000017ae6e8df50,0x0000017ae6e8eaf0] = 2976
 dependencies   [0x0000017ae6e8eaf0,0x0000017ae6e8ec40] = 336
 handler table  [0x0000017ae6e8ec40,0x0000017ae6e8f228] = 1512
 nul chk table  [0x0000017ae6e8f228,0x0000017ae6e8f380] = 344

[Constant Pool (empty)]

[MachCode]
[Entry Point]
  # {method} {0x0000017af66931a0} 'defineClass' '(Ljava/lang/String;[BLorg/eclipse/osgi/internal/loader/classpath/ClasspathEntry;Lorg/eclipse/osgi/storage/bundlefile/BundleEntry;Ljava/util/List;)Ljava/lang/Class;' in 'org/eclipse/osgi/internal/loader/classpath/ClasspathManager'
  # this:     rdx:rdx   = 'org/eclipse/osgi/internal/loader/classpath/ClasspathManager'
  # parm0:    r8:r8     = 'java/lang/String'
  # parm1:    r9:r9     = '[B'
  # parm2:    rdi:rdi   = 'org/eclipse/osgi/internal/loader/classpath/ClasspathEntry'
  # parm3:    rsi:rsi   = 'org/eclipse/osgi/storage/bundlefile/BundleEntry'
  # parm4:    rcx:rcx   = 'java/util/List'
  #           [sp+0x100]  (sp of caller)
  0x0000017ae6e85a00: 448b 5208 | 49bb 0000 | 0080 7a01 | 0000 4d03 | d349 3bc2 

  0x0000017ae6e85a14: ;   {runtime_call ic_miss_stub}
  0x0000017ae6e85a14: 0f85 668a | 51ff 6690 | 0f1f 4000 
[Verified Entry Point]
  0x0000017ae6e85a20: 8984 2400 | 80ff ff55 | 4881 ecf0 | 0000 0090 | 4181 7f20 | 0300 0000 | 0f85 1454 | 0000 4889 
  0x0000017ae6e85a40: 8c24 8000 | 0000 4889 | 7424 7848 | 897c 2470 | 4c89 4c24 | 6848 8954 | 2460 4c89 | 8424 8800 
  0x0000017ae6e85a60: 0000 458b | 4814 418b | 510c 450f | be50 10c4 | e22a f7ca | 448d 59ff | 4585 d20f | 8517 3a00 
  0x0000017ae6e85a80: 0044 8d42 | ff45 3bc3 | 450f 4fc3 | 4585 c00f | 8c00 2500 | 0085 d20f | 86cb 3300 | 0044 3bc2 
  0x0000017ae6e85aa0: 0f83 c233 | 0000 4585 | c00f 8e79 | 3700 0041 | 8d58 ff45 | 33db bfff | ffff ff44 | 895c 2420 
  0x0000017ae6e85ac0: 897c 2424 | 470f be54 | 0110 4183 | fa2e 0f84 | b924 0000 | 41ff c844 | 3bc3 7fe8 | 4183 f802 
  0x0000017ae6e85ae0: 7e53 6666 | 0f1f 8400 | 0000 0000 | 6666 6690 | 4d63 d847 | 0fbe 5419 | 1041 83fa | 2e74 6d47 
  0x0000017ae6e85b00: 0fbe 5c19 | 0f41 83fb | 2e74 6645 | 8d58 fe47 

  0x0000017ae6e85b10: ;   {no_reloc}
  0x0000017ae6e85b10: 0fbe 5419 | 1041 83fa | 2e74 5a45 | 8d58 fd47 | 0fbe 5419 | 1041 83fa | 2e74 4a41 | 83c0 fc41 
  0x0000017ae6e85b30: 83f8 027f | bb41 83f8 | ff7e 1690 | 470f be54 | 0110 4183 | fa2e 7430 | 41ff c841 | 83f8 ff7f 
  0x0000017ae6e85b50: eb41 b8ff | ffff ffeb | 1f66 6690 | c4c1 796e | c045 8bc3 | 418b dae9 | a60b 0000 | 458b d8eb 
  0x0000017ae6e85b70: 0445 8d58 | ff45 8bc3 | 4585 c00f | 8c07 3b00 | 0044 3bc1 | 0f8f 1e3b | 0000 4d8b | 9780 0300 
  0x0000017ae6e85b90: 0049 8b32 | 443b c10f | 8457 2100 | 0045 85c0 | 0f84 c428 | 0000 498b | 9fb8 0100 | 004c 8bd3 
  0x0000017ae6e85bb0: 4983 c218 | 4d3b 97c8 | 0100 000f | 834f 2a00 | 004d 8997 | b801 0000 | 410f 0d8a | c000 0000 
  0x0000017ae6e85bd0: 48c7 0301 

  0x0000017ae6e85bd4: ;   {metadata('java/lang/String')}
  0x0000017ae6e85bd4: 0000 00c7 | 4308 78e8 | 0000 4489 | 630c 4c89 | 6310 4d8b | d14c 8994 | 24a0 0000 | 004d 8d51 
  0x0000017ae6e85bf4: 1044 3bc2 | 0f85 9700 | 0000 4c63 | c281 fa00 | 0010 000f | 87b7 2c00 | 0049 8bbf | b801 0000 
  0x0000017ae6e85c14: 4d8d 5817 | 4983 e3f8 | 488b cf49 | 03cb 493b | 8fc8 0100 | 000f 8395 | 2c00 0049 | 898f b801 
  0x0000017ae6e85c34: 0000 0f0d | 89c0 0000 | 0048 c707 | 0100 0000 | 0f0d 8900 

  0x0000017ae6e85c48: ;   {metadata({type array byte})}
  0x0000017ae6e85c48: 0100 00c7 | 4708 1823 | 0000 8957 | 0c0f 0d89 | 4001 0000 | 0f0d 8980 | 0100 0048 | 8bd7 4883 
  0x0000017ae6e85c68: c210 4983 | c007 49c1 | e803 498b | cac5 f877 | 49ba 6074 | 38e6 7a01 | 0000 41ff 

  0x0000017ae6e85c84: ;   {other}
  0x0000017ae6e85c84: d20f 1f84 | 0000 0000 | 004c 8bef | e9dc 0000 | 0041 81f8 | 0000 1000 | 0f87 f635 | 0000 4d63 
  0x0000017ae6e85ca4: d841 3bd0 | 8bea 410f | 4fe8 3bd5 | 0f82 5636 | 0000 443b | c50f 824d | 3600 0049 | 83c3 1749 
  0x0000017ae6e85cc4: 8bfb 4883 | e7f8 4181 | f800 0010 | 000f 879b | 2a00 004d | 8baf b801 | 0000 4d8b | cd4c 03cf 
  0x0000017ae6e85ce4: 4d3b 8fc8 | 0100 000f | 8381 2a00 | 004d 898f | b801 0000 | 410f 0d89 | c000 0000 | 49c7 4500 
  0x0000017ae6e85d04: 0100 0000 | 410f 0d89 | 0001 0000 

  0x0000017ae6e85d10: ;   {metadata({type array byte})}
  0x0000017ae6e85d10: 41c7 4508 | 1823 0000 | 4589 450c | 410f 0d89 | 4001 0000 | 410f 0d89 | 8001 0000 | 4d8b cd49 
  0x0000017ae6e85d30: 83c1 1049 | c1eb 0385 | ed0f 8461 | 3500 0041 | 3be8 0f8c | f925 0000 | 4883 c7f0 | 48c1 ef03 
  0x0000017ae6e85d50: 498b ca49 | 8bd1 4c8b | c7c5 f877 | 49ba 6074 | 38e6 7a01 | 0000 41ff 

  0x0000017ae6e85d68: ;   {other}
  0x0000017ae6e85d68: d20f 1f84 | 0000 0000 | 0044 8863 | 104d 8bdd | 4489 5b14 | 4c8b d349 | c1ea 0949 | bb00 00cf 
  0x0000017ae6e85d88: ed7a 0100 | 0047 8824 | 1348 899c | 2490 0000 | 004c 8b54 | 2460 458b | 4a10 458b | 4154 4585 
  0x0000017ae6e85da8: c00f 84e9 | 2e00 0049 | 8bc9 4d8b | d848 8d9c | 24e0 0000 | 0049 8b03 | a802 0f85 | 2300 0000 
  0x0000017ae6e85dc8: 4883 c801 | 4889 03f0 | 490f b11b | 0f84 3700 | 0000 482b | c448 2507 | f0ff ff48 | 8903 e924 
  0x0000017ae6e85de8: 0000 004c | 8bd0 4833 | c0f0 4d0f | b17a 3e48 | c703 0300 | 0000 7411 | 4c3b f875 | 1549 ff82 
  0x0000017ae6e85e08: 8600 0000 | 4833 c075 | 0949 ff87 | 4805 0000 | 33c0 0f85 | 8830 0000 | 418b 7938 | 85ff 0f84 
  0x0000017ae6e85e28: a02e 0000 | 4c8b 9424 | 9000 0000 | 418b 420c | 85c0 0f84 | 131a 0000 | 8b57 2885 | d274 6244 
  0x0000017ae6e85e48: 8b52 0c45 | 85d2 0f86 | da37 0000 | 4c89 5c24 | 4048 8974 | 2428 8bd8 | c1eb 1033 | d841 ffca 
  0x0000017ae6e85e68: ;   {no_reloc}
  0x0000017ae6e85e68: 81e3 ffff | ff7f 4423 | d34d 63d2 | 468b 5492 | 1045 85d2 | 742b 418b | 6a0c 3beb | 0f84 7b01 
  0x0000017ae6e85e88: 0000 85ed | 0f8c 3e3b | 0000 458b | 5218 4585 | d20f 8585 | 0000 0048 | 8b74 2428 | 4c8b 5c24 
  0x0000017ae6e85ea8: 4041 8b69 | 1885 ed74 | 4344 8b55 

  0x0000017ae6e85eb4: ;   {metadata('jdk/internal/loader/ClassLoaders$PlatformClassLoader')}
  0x0000017ae6e85eb4: 0841 81fa | 109c 0600 | 0f85 ca39 | 0000 4889 | 7424 2848 | 8bd5 4c8b | 8424 9000 | 0000 488b 
  0x0000017ae6e85ed4: 6c24 704c | 895c 2440 

  0x0000017ae6e85edc: ;   {optimized virtual_call}
  0x0000017ae6e85edc: c5f8 77e8 

  0x0000017ae6e85ee0: ; ImmutableOopMap {rbp=Oop [40]=Oop [64]=Oop [96]=Oop [104]=Oop [112]=Oop [120]=Oop [128]=Oop [136]=Oop [144]=Oop }
                      ;*invokevirtual getPackage {reexecute=0 rethrow=0 return_oop=1}
                      ; - java.lang.ClassLoader::getPackage@22
                      ; - org.eclipse.osgi.internal.loader.ModuleClassLoader::publicGetPackage@9 (line 330)
                      ; - org.eclipse.osgi.internal.loader.classpath.ClasspathManager::definePackage@26 (line 825)
                      ; - org.eclipse.osgi.internal.loader.classpath.ClasspathManager::defineClass@9 (line 733)
  0x0000017ae6e85ee0: bc10 faff 

  0x0000017ae6e85ee4: ;   {other}
  0x0000017ae6e85ee4: 0f1f 8400 | 540b 0000 | 488b d8e9 | 6404 0000 | 4889 7424 | 2848 8b94 | 2490 0000 | 0048 8b6c 
  0x0000017ae6e85f04: 2470 4c89 | 5c24 4090 

  0x0000017ae6e85f0c: ;   {static_call}
  0x0000017ae6e85f0c: c5f8 77e8 

  0x0000017ae6e85f10: ; ImmutableOopMap {rbp=Oop [40]=Oop [64]=Oop [96]=Oop [104]=Oop [112]=Oop [120]=Oop [128]=Oop [136]=Oop [144]=Oop }
                      ;*invokestatic getDefinedPackage {reexecute=0 rethrow=0 return_oop=1}
                      ; - java.lang.ClassLoader::getPackage@30
                      ; - org.eclipse.osgi.internal.loader.ModuleClassLoader::publicGetPackage@9 (line 330)
                      ; - org.eclipse.osgi.internal.loader.classpath.ClasspathManager::definePackage@26 (line 825)
                      ; - org.eclipse.osgi.internal.loader.classpath.ClasspathManager::defineClass@9 (line 733)
  0x0000017ae6e85f10: 6c8e 51ff 

  0x0000017ae6e85f14: ;   {other}
  0x0000017ae6e85f14: 0f1f 8400 | 840b 0001 | 488b d8e9 | 3404 0000 | 498b f244 | 8b5e 0c49 | 8b87 5004 

  0x0000017ae6e85f30: ; ImmutableOopMap {r8=NarrowOop r9=NarrowOop rcx=Oop rsi=Oop [40]=Oop [64]=Oop [96]=Oop [104]=Oop [112]=Oop [120]=Oop [128]=Oop [136]=Oop [144]=Oop }
                      ;*if_icmpne {reexecute=1 rethrow=0 return_oop=0}
                      ; - (reexecute) java.util.concurrent.ConcurrentHashMap::get@127
                      ; - java.lang.ClassLoader::getDefinedPackage@13
                      ; - java.lang.ClassLoader::getPackage@2
                      ; - org.eclipse.osgi.internal.loader.ModuleClassLoader::publicGetPackage@9 (line 330)
                      ; - org.eclipse.osgi.internal.loader.classpath.ClasspathManager::definePackage@26 (line 825)
                      ; - org.eclipse.osgi.internal.loader.classpath.ClasspathManager::defineClass@9 (line 733)
                      ;   {poll}
  0x0000017ae6e85f30: 0000 8500 | 443b db74 | 1d44 8b56 | 1845 85d2 | 750f 488b | 7424 284c | 8b5c 2440 | e958 ffff 
  0x0000017ae6e85f50: ff49 8bf2 | ebd1 8b6e | 104c 8bd5 | 4c8b 9c24 | 9000 0000 | 4d3b d374 | 7385 ed0f | 8473 3f00 
  0x0000017ae6e85f70: 0048 89b4 | 24a0 0000 | 0089 9c24 | 9800 0000 | 4889 4c24 | 3044 8944 | 245c 4489 | 4c24 584c 
  0x0000017ae6e85f90: 895c 2450 | 4c8b c548 | 8b94 2490 | 0000 0090 

  0x0000017ae6e85fa0: ;   {optimized virtual_call}
  0x0000017ae6e85fa0: c5f8 77e8 

  0x0000017ae6e85fa4: ; ImmutableOopMap {[40]=Oop [48]=Oop [64]=Oop [80]=Oop [88]=NarrowOop [92]=NarrowOop [96]=Oop [104]=Oop [112]=Oop [120]=Oop [128]=Oop [136]=Oop [160]=Oop }
                      ;*invokevirtual equals {reexecute=0 rethrow=0 return_oop=0}
                      ; - java.util.concurrent.ConcurrentHashMap::get@149
                      ; - java.lang.ClassLoader::getDefinedPackage@13
                      ; - java.lang.ClassLoader::getPackage@2
                      ; - org.eclipse.osgi.internal.loader.ModuleClassLoader::publicGetPackage@9 (line 330)
                      ; - org.eclipse.osgi.internal.loader.classpath.ClasspathManager::definePackage@26 (line 825)
                      ; - org.eclipse.osgi.internal.loader.classpath.ClasspathManager::defineClass@9 (line 733)
  0x0000017ae6e85fa4: 983d faff 

  0x0000017ae6e85fa8: ;   {other}
  0x0000017ae6e85fa8: 0f1f 8400 | 180c 0003 | 85c0 0f84 | ac3f 0000 | 4c8b 5424 | 504c 8994 | 2490 0000 | 0044 8b4c 
  0x0000017ae6e85fc8: 2458 448b | 4424 5c48 | 8b4c 2430 | 488b b424 | a000 0000 | 8b6e 1485 | ed0f 846e | 2500 004c 
  0x0000017ae6e85fe8: 8b94 2490 | 0000 0045 | 0fb6 5211 | 4c8b 9c24 | 9000 0000 | 418b 430c | e998 0000 | 0041 8b6a 
  0x0000017ae6e86008: 104c 8bdd | 488b bc24 | 9000 0000 | 4c3b df74 | 6785 ed0f | 8419 3c00 | 0089 5c24 | 4848 894c 
  0x0000017ae6e86028: 2438 4489 | 4424 3444 | 894c 2430 | 4c8b c549 | 8bea 4489 | 5424 4c48 | 8b94 2490 | 0000 004c 
  0x0000017ae6e86048: 8b54 2470 | 4c89 5424 | 5866 6690 

  0x0000017ae6e86054: ;   {optimized virtual_call}
  0x0000017ae6e86054: c5f8 77e8 

  0x0000017ae6e86058: ; ImmutableOopMap {rbp=Oop [40]=Oop [48]=NarrowOop [52]=NarrowOop [56]=Oop [64]=Oop [76]=NarrowOop [88]=Oop [96]=Oop [104]=Oop [112]=Oop [120]=Oop [128]=Oop [136]=Oop [144]=Oop }
                      ;*invokevirtual equals {reexecute=0 rethrow=0 return_oop=0}
                      ; - java.util.concurrent.ConcurrentHashMap::get@73
                      ; - java.lang.ClassLoader::getDefinedPackage@13
                      ; - java.lang.ClassLoader::getPackage@2
                      ; - org.eclipse.osgi.internal.loader.ModuleClassLoader::publicGetPackage@9 (line 330)
                      ; - org.eclipse.osgi.internal.loader.classpath.ClasspathManager::definePackage@26 (line 825)
                      ; - org.eclipse.osgi.internal.loader.classpath.ClasspathManager::defineClass@9 (line 733)
  0x0000017ae6e86058: e43c faff 

  0x0000017ae6e8605c: ;   {other}
  0x0000017ae6e8605c: 0f1f 8400 | cc0c 0004 | 85c0 0f84 | 0d24 0000 | 448b 4c24 | 3044 8b44 | 2434 488b | 4c24 3844 
  0x0000017ae6e8607c: 8b54 244c | 418b 6a14 | 85ed 0f84 | b723 0000 | 4c8b 9424 | 9000 0000 | 418b 420c | 450f b652 
  0x0000017ae6e8609c: 118b 5d08 

  0x0000017ae6e860a0: ;   {metadata('java/lang/Package')}
  0x0000017ae6e860a0: 81fb e8bd | 0100 0f85 | b040 0000 | 4c8b 9c24 | 9000 0000 | 418b 5b14 

  0x0000017ae6e860b8: ; implicit exception: dispatches to 0x0000017ae6e8a6d0
  0x0000017ae6e860b8: 448b 5b0c | 488b fd8b | 7f10 4585 | db0f 86b5 | 3200 0041 | 8b71 3885 | f60f 8475 | 3200 0085 
  0x0000017ae6e860d8: c00f 840f | 1800 0044 | 8b56 2845 | 85d2 0f84 | cb01 0000 | 458b 5a0c | 4585 db0f | 86f3 3600 
  0x0000017ae6e860f8: 008b d8c1 | eb10 33d8 | 41ff cb81 | e3ff ffff | 7f44 23db | 4d63 db47 | 8b5c 9a10 | 4585 db0f 
  0x0000017ae6e86118: 849a 0100 | 0041 8b6b | 0c3b eb0f | 85bc 0000 | 0041 8b6b | 104c 8bd5 | 488b 9424 | 9000 0000 
  0x0000017ae6e86138: 4c3b d274 | 5b85 ed0f | 84eb 3b00 | 0089 5c24 | 4c89 7c24 | 4848 894c | 2438 4489 | 4424 3444 
  0x0000017ae6e86158: 894c 2430 | 4c8b c549 | 8beb 4489 | 5c24 5090 

  0x0000017ae6e86168: ;   {optimized virtual_call}
  0x0000017ae6e86168: c5f8 77e8 

  0x0000017ae6e8616c: ; ImmutableOopMap {rbp=Oop [40]=Oop [48]=NarrowOop [52]=NarrowOop [56]=Oop [64]=Oop [72]=NarrowOop [80]=NarrowOop [96]=Oop [104]=Oop [112]=Oop [120]=Oop [128]=Oop [136]=Oop [144]=Oop }
                      ;*invokevirtual equals {reexecute=0 rethrow=0 return_oop=0}
                      ; - java.util.concurrent.ConcurrentHashMap::get@73
                      ; - java.lang.ClassLoader::definePackage@47
                      ; - java.lang.ClassLoader::getDefinedPackage@32
                      ; - java.lang.ClassLoader::getPackage@2
                      ; - org.eclipse.osgi.internal.loader.ModuleClassLoader::publicGetPackage@9 (line 330)
                      ; - org.eclipse.osgi.internal.loader.classpath.ClasspathManager::definePackage@26 (line 825)
                      ; - org.eclipse.osgi.internal.loader.classpath.ClasspathManager::defineClass@9 (line 733)
  0x0000017ae6e8616c: d03b faff 

  0x0000017ae6e86170: ;   {other}
  0x0000017ae6e86170: 0f1f 8400 | e00d 0005 | 85c0 0f84 | e423 0000 | 448b 4c24 | 3044 8b44 | 2434 488b | 4c24 388b 
  0x0000017ae6e86190: 7c24 4844 | 8b5c 2450 | 418b 6b14 | 85ed 0f84 | 1301 0000 | 448b 5d08 

  0x0000017ae6e861a8: ;   {metadata('java/lang/NamedPackage')}
  0x0000017ae6e861a8: 49ba e8c0 | 0180 7a01 | 0000 48bb | 0000 0080 | 7a01 0000 | 4903 db4c | 8b5b 384d | 3bda 0f85 
  0x0000017ae6e861c8: 9432 0000 | 488b dd44 

  0x0000017ae6e861d0: ;   {metadata('java/lang/Package')}
  0x0000017ae6e861d0: 8b5b 0841 | 81fb e8bd | 0100 0f85 | d700 0000 | e973 0100 | 0085 ed0f | 8ccb 3a00 | 0045 8b53 
  0x0000017ae6e861f0: 1845 85d2 | 0f84 bd00 | 0000 4d8b | da41 8b73 | 0c49 8baf 

  0x0000017ae6e86204: ; ImmutableOopMap {r11=Oop r8=NarrowOop r9=NarrowOop rcx=Oop rdi=NarrowOop [40]=Oop [64]=Oop [96]=Oop [104]=Oop [112]=Oop [120]=Oop [128]=Oop [136]=Oop [144]=Oop }
                      ;*if_icmpne {reexecute=1 rethrow=0 return_oop=0}
                      ; - (reexecute) java.util.concurrent.ConcurrentHashMap::get@127
                      ; - java.lang.ClassLoader::definePackage@47
                      ; - java.lang.ClassLoader::getDefinedPackage@32
                      ; - java.lang.ClassLoader::getPackage@2
                      ; - org.eclipse.osgi.internal.loader.ModuleClassLoader::publicGetPackage@9 (line 330)
                      ; - org.eclipse.osgi.internal.loader.classpath.ClasspathManager::definePackage@26 (line 825)
                      ; - org.eclipse.osgi.internal.loader.classpath.ClasspathManager::defineClass@9 (line 733)
  0x0000017ae6e86204: 5004 0000 

  0x0000017ae6e86208: ;   {poll}
  0x0000017ae6e86208: 8545 003b | f374 0f45 | 8b5b 1845 | 85db 0f84 | 9b00 0000 | ebdf 418b | 6b10 4c8b | d548 8b94 
  0x0000017ae6e86228: 2490 0000 | 004c 3bd2 | 7479 85ed | 0f84 863d | 0000 4c89 | 9c24 a000 | 0000 899c | 249c 0000 
  0x0000017ae6e86248: 0089 bc24 | 9800 0000 | 4889 4c24 | 3044 8944 | 245c 4489 | 4c24 5848 | 8954 2450 | 4c8b c590 
  0x0000017ae6e86268: ;   {optimized virtual_call}
  0x0000017ae6e86268: c5f8 77e8 

  0x0000017ae6e8626c: ; ImmutableOopMap {[40]=Oop [48]=Oop [64]=Oop [80]=Oop [88]=NarrowOop [92]=NarrowOop [96]=Oop [104]=Oop [112]=Oop [120]=Oop [128]=Oop [136]=Oop [152]=NarrowOop [160]=Oop }
                      ;*invokevirtual equals {reexecute=0 rethrow=0 return_oop=0}
                      ; - java.util.concurrent.ConcurrentHashMap::get@149
                      ; - java.lang.ClassLoader::definePackage@47
                      ; - java.lang.ClassLoader::getDefinedPackage@32
                      ; - java.lang.ClassLoader::getPackage@2
                      ; - org.eclipse.osgi.internal.loader.ModuleClassLoader::publicGetPackage@9 (line 330)
                      ; - org.eclipse.osgi.internal.loader.classpath.ClasspathManager::definePackage@26 (line 825)
                      ; - org.eclipse.osgi.internal.loader.classpath.ClasspathManager::defineClass@9 (line 733)
  0x0000017ae6e8626c: d03a faff 

  0x0000017ae6e86270: ;   {other}
  0x0000017ae6e86270: 0f1f 8400 | e00e 0007 | 85c0 0f84 | b83d 0000 | 4c8b 5424 | 504c 8994 | 2490 0000 | 0044 8b4c 
  0x0000017ae6e86290: 2458 448b | 4424 5c48 | 8b4c 2430 | 8bbc 2498 | 0000 004c | 8b9c 24a0 | 0000 0041 | 8b6b 1485 
  0x0000017ae6e862b0: ed0f 85ed | feff ff41 | 8b69 384d | 8b97 b801 | 0000 4d8b | da49 83c3 | 184d 3b9f | c801 0000 
  0x0000017ae6e862d0: 0f83 3d25 | 0000 4d89 | 9fb8 0100 | 0041 0f0d | 8bc0 0000 | 0049 c702 | 0100 0000 

  0x0000017ae6e862ec: ;   {metadata('java/lang/ClassLoader$$Lambda+0x0000017a8136b088')}
  0x0000017ae6e862ec: 41c7 4208 | 88b0 3601 | 4589 620c | 4d89 6210 | 4589 4a0c | 4189 7a10 | 85ed 0f84 | 4035 0000 
  0x0000017ae6e8630c: 4889 4c24 | 3044 8944 | 2454 4489 | 4c24 5048 | 8bd5 4c8b | 8424 9000 | 0000 4d8b | ca4c 8b54 
  0x0000017ae6e8632c: 2470 4c89 | 5424 3890 

  0x0000017ae6e86334: ;   {optimized virtual_call}
  0x0000017ae6e86334: c5f8 77e8 

  0x0000017ae6e86338: ; ImmutableOopMap {[40]=Oop [48]=Oop [56]=Oop [64]=Oop [80]=NarrowOop [84]=NarrowOop [96]=Oop [104]=Oop [112]=Oop [120]=Oop [128]=Oop [136]=Oop [144]=Oop }
                      ;*invokevirtual compute {reexecute=0 rethrow=0 return_oop=1}
                      ; - java.lang.ClassLoader::definePackage@78
                      ; - java.lang.ClassLoader::getDefinedPackage@32
                      ; - java.lang.ClassLoader::getPackage@2
                      ; - org.eclipse.osgi.internal.loader.ModuleClassLoader::publicGetPackage@9 (line 330)
                      ; - org.eclipse.osgi.internal.loader.classpath.ClasspathManager::definePackage@26 (line 825)
                      ; - org.eclipse.osgi.internal.loader.classpath.ClasspathManager::defineClass@9 (line 733)
  0x0000017ae6e86338: 4484 51ff 

  0x0000017ae6e8633c: ;   {other}
  0x0000017ae6e8633c: 0f1f 8400 | ac0f 0008 | 488b d844 

  0x0000017ae6e86348: ;   {metadata('java/lang/Package')}
  0x0000017ae6e86348: 8b50 0841 | 81fa e8bd | 0100 0f85 | 483f 0000 | 488d 8424 | e000 0000 | 4c8b 5c24 | 4048 8338 
  0x0000017ae6e86368: 000f 8479 | 0000 004d | 8b13 41f6 | c202 0f84 | 6200 0000 | 4983 ba86 | 0000 0000 | 7409 49ff 
  0x0000017ae6e86388: 8a86 0000 | 00eb 4b49 | 8b82 9600 | 0000 490b | 828e 0000 | 0075 0a49 | c742 3e00 | 0000 00eb 
  0x0000017ae6e863a8: 3d49 83ba | 9e00 0000 | 0074 2248 | 33c0 49c7 | 423e 0000 | 0000 f083 | 0424 0049 | 83ba 9e00 
  0x0000017ae6e863c8: 0000 0075 | 0df0 4d0f | b17a 3e75 | 0583 c801 | eb0c a800 | eb08 4c8b | 10f0 4d0f | b113 750a 
  0x0000017ae6e863e8: 49ff 8f48 | 0500 0045 | 33d2 0f85 | 502b 0000 | 4885 db0f | 84d4 1700 | 004c 8b54 | 2460 458b 
  0x0000017ae6e86408: 4228 458b 

  0x0000017ae6e8640c: ;   {metadata('java/lang/ThreadLocal')}
  0x0000017ae6e8640c: 5008 4181 | fad8 2212 | 000f 855a | 2b00 0048 | 8b4c 2428 | 448b 594c | 4d8b d049 | 8bda 4585 
  0x0000017ae6e8642c: db0f 841f | 2000 0041 | 8b6b 1444 | 8b45 0c45 | 8d50 ff44 | 2353 0c45 | 85c0 0f86 | 182d 0000 
  0x0000017ae6e8644c: 468b 4495 | 1045 85c0 | 0f84 531b | 0000 458b | 480c 498b | f84d 8bc1 | 4c3b c374 | 2f48 895c 
  0x0000017ae6e8646c: 2428 488b | e949 8bd3 | 4c8b c345 | 8bca 6690 

  0x0000017ae6e8647c: ;   {optimized virtual_call}
  0x0000017ae6e8647c: c5f8 77e8 

  0x0000017ae6e86480: ; ImmutableOopMap {rbp=Oop [40]=Oop [96]=Oop [104]=Oop [112]=Oop [120]=Oop [128]=Oop [136]=Oop }
                      ;*invokevirtual getEntryAfterMiss {reexecute=0 rethrow=0 return_oop=1}
                      ; - java.lang.ThreadLocal$ThreadLocalMap::getEntry@38
                      ; - java.lang.ThreadLocal::get@12
                      ; - java.lang.ThreadLocal::get@4
                      ; - org.eclipse.osgi.internal.loader.classpath.ClasspathManager::defineClass@16 (line 734)
  0x0000017ae6e86480: bcec 74f8 

  0x0000017ae6e86484: ;   {other}
  0x0000017ae6e86484: 0f1f 8400 | f410 0009 | 4885 c00f | 8402 1c00 | 0048 8bf8 | 448b 571c | 4d8b ca4d | 85c9 0f84 
  0x0000017ae6e864a4: 181c 0000 | 458b 5908 

  0x0000017ae6e864ac: ;   {metadata('org/eclipse/osgi/internal/loader/classpath/ClasspathManager$DefineContext')}
  0x0000017ae6e864ac: 4181 fb88 | 3412 010f | 8527 3e00 | 004c 8b54 | 2460 458b | 5214 458b | 5a10 410f | b66b 0d85 
  0x0000017ae6e864cc: ed0f 8425 | 3200 0048 | 8b84 2480 | 0000 0044 

  0x0000017ae6e864dc: ;   {metadata('java/util/Collections$UnmodifiableRandomAccessList')}
  0x0000017ae6e864dc: 8b58 0841 | 81fb 90bc | 1c00 0f85 | a42a 0000 | 488b c844 | 8b59 0c45 | 8b53 0849 

  0x0000017ae6e864f8: ;   {metadata('java/util/HashSet')}
  0x0000017ae6e864f8: 8bd3 4181 | faf8 dd0d | 000f 85f8 | 1800 0044 | 8b5a 0c45 | 8b43 0849 

  0x0000017ae6e86510: ;   {metadata('java/util/HashMap')}
  0x0000017ae6e86510: 8bdb 4181 | f880 c208 | 000f 8555 | 1400 0044 | 8b53 0c45 | 85d2 0f84 | 881a 0000 | 458b 5a08 
  0x0000017ae6e86530: ;   {metadata('java/util/HashMap$KeySet')}
  0x0000017ae6e86530: 4181 fb30 | 291a 000f | 85cd 1400 | 004d 8baf | b801 0000 | 4d8b dd49 | 83c3 204d | 3b9f c801 
  0x0000017ae6e86550: 0000 0f83 | 3321 0000 | 4d89 9fb8 | 0100 0041 | 0f0d 8bc0 | 0000 0049 | c745 0001 

  0x0000017ae6e8656c: ;   {metadata('java/util/HashMap$KeyIterator')}
  0x0000017ae6e8656c: 0000 0041 | c745 0830 | 6c1a 0045 | 8965 0c4d | 8965 104d | 8965 1845 | 8b52 0c45 | 8955 1c41 
  0x0000017ae6e8658c: 8b5a 2445 | 8b42 1845 | 8945 0c85 | db0f 84f6 | 1600 0045 | 8b5a 1445 | 85db 0f8e | 1902 0000 
  0x0000017ae6e865ac: 8b7b 0c85 | ff0f 86d1 | 3100 0081 | fffe ffff | 7f0f 8f15 | 2e00 008d | 6f01 41bb | 0200 0000 
  0x0000017ae6e865cc: 443b dd41 | ba02 0000 | 0044 0f4f | d545 33db | 41b8 0200 | 0000 ba01 | 0000 00be | 0100 0000 
  0x0000017ae6e865ec: 4189 7510 | 443b df0f | 83e7 2500 | 00c5 f96e | c644 8bf7 | 418b f846 | 8b44 9b10 | 4589 4514 
  0x0000017ae6e8660c: 4d8b dd49 | c1eb 0948 | be00 00cf | ed7a 0100 | 0046 8824 | 1e45 85c0 | 0f85 a501 | 0000 c4c1 
  0x0000017ae6e8662c: 797e c041 | ffc0 453b | c27d 10c4 | c179 7ec3 | 418b f044 | 8bc7 418b | feeb a54d | 63d6 4c63 
  0x0000017ae6e8664c: dd49 ffcb | 4981 fb00 | 0000 8048 | c7c6 0000 | 0080 4c0f | 4cde 4d3b | d34d 0f4c | da45 8bd3 
  0x0000017ae6e8666c: ;   {no_reloc}
  0x0000017ae6e8666c: 453b c20f | 8d98 0000 | 00c4 c179 | 7ec0 41ff | c066 6690 | 4589 4510 | c4c1 797e | c345 3bde 
  0x0000017ae6e8668c: 0f83 4e25 | 0000 c4c1 | 796e d046 | 8b44 9b10 | 4589 4514 | 4d8b dd49 | c1eb 0948 | be00 00cf 
  0x0000017ae6e866ac: ed7a 0100 | 0046 8824 | 1e45 85c0 | 0f85 1101 | 0000 c4c1 | 797e d046 | 8b44 8310 | 4589 4514 
  0x0000017ae6e866cc: 498b f5c4 | c179 7ed3 | 41ff c3c4 | c179 6ec3 | 4589 5d10 | 48c1 ee09 | 49bb 0000 | cfed 7a01 
  0x0000017ae6e866ec: 0000 4588 | 2433 4585 | c00f 85d4 | 0000 00c4 | c179 7ed0 | 4183 c002 | 453b c20f | 8c73 ffff 
  0x0000017ae6e8670c: ff44 3bc5 | 7d4a 4589 | 4510 c4c1 | 797e c345 | 3bde 0f83 | bc24 0000 | 448b d342 | 8b5c 9b10 
  0x0000017ae6e8672c: 4189 5d14 | 4d8b dd49 | c1eb 0948 | be00 00cf | ed7a 0100 | 0046 8824 | 1e85 db0f | 8582 0000 
  0x0000017ae6e8674c: 0045 8d58 | 0144 3bdd | 0f8c 02f4 | ffff eb05 | c4c1 797e | c0ba 45ff | ffff 488b | 6c24 604c 
  0x0000017ae6e8676c: ;   {no_reloc}
  0x0000017ae6e8676c: 894c 2448 | 4889 4c24 | 504c 896c | 2458 4489 | 4424 6044 | 8974 2464 

  0x0000017ae6e86784: ;   {runtime_call UncommonTrapBlob}
  0x0000017ae6e86784: c5f8 77e8 

  0x0000017ae6e86788: ; ImmutableOopMap {rbp=Oop [72]=Oop [80]=Oop [88]=Oop [104]=Oop [112]=Oop [120]=Oop [136]=Oop }
                      ;*if_icmpge {reexecute=1 rethrow=0 return_oop=0}
                      ; - (reexecute) java.util.HashMap$HashIterator::<init>@54
                      ; - java.util.HashMap$KeyIterator::<init>@2
                      ; - java.util.HashMap$KeySet::iterator@8
                      ; - java.util.HashSet::iterator@7
                      ; - java.util.Collections$UnmodifiableCollection$1::<init>@17
                      ; - java.util.Collections$UnmodifiableCollection::iterator@5
                      ; - org.eclipse.osgi.internal.loader.classpath.ClasspathManager::defineClass@258 (line 764)
  0x0000017ae6e86788: 74d2 51ff 

  0x0000017ae6e8678c: ;   {other}
  0x0000017ae6e8678c: 0f1f 8400 | fc13 000a | 488b 4424 | 6848 8944 | 2468 488b | 8424 8000 | 0000 4c8b | 4c24 5848 
  0x0000017ae6e867ac: 8b8c 2490 | 0000 008b | 7c24 288b | 5424 2c4c | 8bac 2498 | 0000 00eb | 1ebf 0200 | 0000 ba01 
  0x0000017ae6e867cc: 0000 0045 

  0x0000017ae6e867d0: ;   {metadata('java/util/HashMap$KeyIterator')}
  0x0000017ae6e867d0: 8b55 0841 | 81fa 306c | 1a00 0f85 | 3e03 0000 | 498b ed44 | 3b65 140f | 85f7 0100 | 0041 8b69 
  0x0000017ae6e867f0: 1044 8b55 

  0x0000017ae6e867f4: ;   {metadata('java/util/ArrayList')}
  0x0000017ae6e867f4: 0841 81fa | e8a2 0b00 | 0f85 ae27 | 0000 4c8b | ed41 8b5d | 1045 8b5d | 1485 db0f | 8ec4 0100 
  0x0000017ae6e86814: 0045 8b53 | 0c45 85d2 | 0f86 462a | 0000 4c63 | c34d 63d2 | 49ff c84d | 3bc2 0f83 | 342a 0000 
  0x0000017ae6e86834: c4c1 796e | db89 9c24 | 8000 0000 | c4c1 f96e | c5c5 f96e | d2c5 f96e | cf4c 8bf1 | 4d8b e94c 
  0x0000017ae6e86854: 8bc0 4c8b | 9424 8800 | 0000 410f | be52 1045 | 8b4a 144d | 8bd1 4d8d | 5110 c4c1 | f96e e245 
  0x0000017ae6e86874: 33d2 6666 | 0f1f 8400 | 0000 0000 | c4c1 797e | db43 8b6c | 9310 4c8b | dd48 8b8c | 2488 0000 
  0x0000017ae6e86894: 0049 3bcb | 0f84 4804 | 0000 85ed | 0f84 0001 | 0000 448b 

  0x0000017ae6e868a8: ;   {metadata('java/lang/String')}
  0x0000017ae6e868a8: 5d08 4181 | fb78 e800 | 000f 853d | 3900 0048 | 8bdd 440f | be5b 1041 | 3bd3 0f85 | de00 0000 
  0x0000017ae6e868c8: 418b 490c | 8b5b 1444 | 8b5b 0c41 | 3bcb 0f85 | ca00 0000 | 4c8b db48 | 8d73 10c4 | e1f9 7ee7 
  0x0000017ae6e868e8: 85c9 0f84 | 9d00 0000 | 8bc1 83e0 | 1f83 e1e0 | 0f84 4b00 | 0000 488d | 3c0f 488d | 340e 48f7 
  0x0000017ae6e86908: d9c5 fe6f | 2c0f c5fe | 6f34 0ec5 | d5ef eec4 | e27d 17ed | 0f85 7200 | 0000 4883 | c120 75e1 
  0x0000017ae6e86928: 85c0 0f84 | 5d00 0000 | c5fe 6f6c | 07e0 c5fe | 6f74 06e0 | c5d5 efee | c4e2 7d17 | ed75 4deb 
  0x0000017ae6e86948: 448b c883 | e1fc 7419 | 488d 3c0f | 488d 340e | 48f7 d98b | 1c0f 3b1c | 0e75 3148 | 83c1 0475 
  0x0000017ae6e86968: f2a8 0274 | 120f b71f | 0fb7 0e3b | d975 1d48 | 8d7f 0248 | 8d76 02a8 | 0174 0a0f | b61f 0fb6 
  0x0000017ae6e86988: 0e3b d975 | 07b8 0100 | 0000 eb02 | 33c0 c5d5 | efed c5cd | eff6 85c0 | 0f85 4003 | 0000 41ff 
  0x0000017ae6e869a8: ;   {no_reloc}
  0x0000017ae6e869a8: c244 3b94 | 2480 0000 | 000f 8cc9 | feff ff49 | 8bc0 4d8b | cd49 8bce | c5f9 7ecf | c5f9 7ed2 
  0x0000017ae6e869c8: c4c1 f97e | c58b 9c24 | 8000 0000 | c4c1 797e | db41 baff | ffff ffe9 | 2403 0000 | 4c89 ac24 
  0x0000017ae6e869e8: 9800 0000 | 8954 242c | 897c 2428 | 4889 8c24 | 9000 0000 | 4c89 4c24 | 5848 8984 | 2480 0000 
  0x0000017ae6e86a08: 0049 8bd5 | 4889 4c24 | 3090 c5f8 | 7748 b8ff | ffff ffff 

  0x0000017ae6e86a1c: ;   {virtual_call}
  0x0000017ae6e86a1c: ffff ffe8 

  0x0000017ae6e86a20: ; ImmutableOopMap {rbp=Oop [48]=Oop [88]=Oop [96]=Oop [104]=Oop [112]=Oop [120]=Oop [128]=Oop [136]=Oop [144]=Oop [152]=Oop }
                      ;*invokeinterface next {reexecute=0 rethrow=0 return_oop=1}
                      ; - java.util.Collections$UnmodifiableCollection$1::next@4
                      ; - org.eclipse.osgi.internal.loader.classpath.ClasspathManager::defineClass@270 (line 764)
  0x0000017ae6e86a20: 5c80 51ff 

  0x0000017ae6e86a24: ;   {other}
  0x0000017ae6e86a24: 0f1f 8400 | 9416 000b 

  0x0000017ae6e86a2c: ; implicit exception: dispatches to 0x0000017ae6e8a773
  0x0000017ae6e86a2c: 448b 5808 | 49ba 0000 | 0080 7a01 | 0000 4d03 | d34d 8b52 

  0x0000017ae6e86a40: ;   {metadata('org/eclipse/osgi/internal/hookregistry/ClassLoaderHook')}
  0x0000017ae6e86a40: 3849 bb78 | eb08 817a | 0100 004d | 3bd3 0f85 | fe20 0000 | 4889 4424 | 3048 8bd0 | 4c8b 9424 
  0x0000017ae6e86a60: 9000 0000 | 4c89 5424 | 3890 c5f8 | 7748 b8ff | ffff ffff 

  0x0000017ae6e86a74: ;   {virtual_call}
  0x0000017ae6e86a74: ffff ffe8 

  0x0000017ae6e86a78: ; ImmutableOopMap {rbp=Oop [48]=Oop [56]=Oop [88]=Oop [96]=Oop [104]=Oop [112]=Oop [120]=Oop [128]=Oop [136]=Oop [144]=Oop [152]=Oop }
                      ;*invokevirtual isProcessClassRecursionSupported {reexecute=0 rethrow=0 return_oop=0}
                      ; - org.eclipse.osgi.internal.loader.classpath.ClasspathManager::defineClass@282 (line 765)
  0x0000017ae6e86a78: 0480 51ff 

  0x0000017ae6e86a7c: ;   {other}
  0x0000017ae6e86a7c: 0f1f 8400 | ec16 000c | 85c0 0f84 | 2021 0000 | 488b 5424 | 304c 8b84 | 2488 0000 | 004c 8b4c 
  0x0000017ae6e86a9c: 2468 488b | 7c24 7048 | 8b74 2478 | 488b 4c24 | 6048 897c | 2450 c5f8 | 7748 b8ff | ffff ffff 
  0x0000017ae6e86abc: ;   {virtual_call}
  0x0000017ae6e86abc: ffff ffe8 

  0x0000017ae6e86ac0: ; ImmutableOopMap {rbp=Oop [48]=Oop [80]=Oop [88]=Oop [96]=Oop [104]=Oop [112]=Oop [120]=Oop [128]=Oop [136]=Oop [144]=Oop [152]=Oop }
                      ;*invokevirtual processClass {reexecute=0 rethrow=0 return_oop=1}
                      ; - org.eclipse.osgi.internal.loader.classpath.ClasspathManager::processClass@8 (line 799)
                      ; - org.eclipse.osgi.internal.loader.classpath.ClasspathManager::defineClass@299 (line 769)
  0x0000017ae6e86ac0: bc7f 51ff 

  0x0000017ae6e86ac4: ;   {other}
  0x0000017ae6e86ac4: 0f1f 8400 | 3417 000d | 4885 c00f | 84bf fcff | ff4c 8b5c | 2430 458b 

  0x0000017ae6e86adc: ;   {metadata('org/eclipse/osgi/internal/weaving/WeavingHookConfigurator')}
  0x0000017ae6e86adc: 5308 4181 | faf0 f508 | 010f 84ae | fcff ff4c | 895c 2428 | 4889 4424 | 2048 8b6c | 2468 e996 
  0x0000017ae6e86afc: 0100 0090 | 488b 4424 | 6848 8944 | 2468 4c8b | 4c24 5848 | 8b4c 2450 | 4c8b ac24 | 9800 0000 
  0x0000017ae6e86b1c: eb16 4889 | 8424 8000 | 0000 89bc | 24a8 0000 | 0089 9424 | ac00 0000 | 4c89 ac24 | 9800 0000 
  0x0000017ae6e86b3c: 4889 8c24 | 9000 0000 | 4c89 4c24 | 5849 8bd5 | 6690 c5f8 | 7748 b880 | 7818 807a 

  0x0000017ae6e86b58: ;   {virtual_call}
  0x0000017ae6e86b58: 0100 00e8 

  0x0000017ae6e86b5c: ; ImmutableOopMap {[88]=Oop [96]=Oop [104]=Oop [112]=Oop [120]=Oop [128]=Oop [136]=Oop [144]=Oop [152]=Oop }
                      ;*invokeinterface hasNext {reexecute=0 rethrow=0 return_oop=0}
                      ; - java.util.Collections$UnmodifiableCollection$1::hasNext@4
                      ; - org.eclipse.osgi.internal.loader.classpath.ClasspathManager::defineClass@305 (line 764)
  0x0000017ae6e86b5c: c0fc c4ff 

  0x0000017ae6e86b60: ;   {other}
  0x0000017ae6e86b60: 0f1f 8400 | d017 000e | 85c0 752c | 4c8b 4c24 | 5841 8b69 | 1048 8b84 | 2480 0000 | 0048 8b8c 
  0x0000017ae6e86b80: 2490 0000 | 008b bc24 | a800 0000 | 8b94 24ac | 0000 00e9 | 59fc ffff | 488b 9424 | 9800 0000 
  0x0000017ae6e86ba0: 6690 c5f8 | 7748 b880 | 7818 807a 

  0x0000017ae6e86bac: ;   {virtual_call}
  0x0000017ae6e86bac: 0100 00e8 

  0x0000017ae6e86bb0: ; ImmutableOopMap {[88]=Oop [96]=Oop [104]=Oop [112]=Oop [120]=Oop [128]=Oop [136]=Oop [144]=Oop [152]=Oop }
                      ;*invokeinterface next {reexecute=0 rethrow=0 return_oop=1}
                      ; - java.util.Collections$UnmodifiableCollection$1::next@4
                      ; - org.eclipse.osgi.internal.loader.classpath.ClasspathManager::defineClass@270 (line 764)
  0x0000017ae6e86bb0: 6c10 c5ff 

  0x0000017ae6e86bb4: ;   {other}
  0x0000017ae6e86bb4: 0f1f 8400 | 2418 000f 

  0x0000017ae6e86bbc: ; implicit exception: dispatches to 0x0000017ae6e8a76c
  0x0000017ae6e86bbc: 448b 5008 | 49bb 0000 | 0080 7a01 | 0000 4d03 | da4d 8b53 

  0x0000017ae6e86bd0: ;   {metadata('org/eclipse/osgi/internal/hookregistry/ClassLoaderHook')}
  0x0000017ae6e86bd0: 3849 bb78 | eb08 817a | 0100 004d | 3bd3 0f85 | 802d 0000 | 488b e848 | 8bd5 4c8b | 9424 9000 
  0x0000017ae6e86bf0: 0000 4c89 | 5424 2866 | 6690 c5f8 | 7748 b8ff | ffff ffff 

  0x0000017ae6e86c04: ;   {virtual_call}
  0x0000017ae6e86c04: ffff ffe8 

  0x0000017ae6e86c08: ; ImmutableOopMap {rbp=Oop [40]=Oop [88]=Oop [96]=Oop [104]=Oop [112]=Oop [120]=Oop [128]=Oop [136]=Oop [144]=Oop [152]=Oop }
                      ;*invokevirtual isProcessClassRecursionSupported {reexecute=0 rethrow=0 return_oop=0}
                      ; - org.eclipse.osgi.internal.loader.classpath.ClasspathManager::defineClass@282 (line 765)
  0x0000017ae6e86c08: d41f 5dff 

  0x0000017ae6e86c0c: ;   {other}
  0x0000017ae6e86c0c: 0f1f 8400 | 7c18 0010 | 85c0 0f84 | 4032 0000 | 488b d54c | 8b84 2488 | 0000 004c | 8b4c 2468 
  0x0000017ae6e86c2c: 488b 7c24 | 7048 8b74 | 2478 488b | 4c24 6048 | 897c 2440 | 4889 7424 | 484c 8b94 | 2490 0000 
  0x0000017ae6e86c4c: 004c 8954 | 2450 c5f8 | 7748 b8ff | ffff ffff 

  0x0000017ae6e86c5c: ;   {virtual_call}
  0x0000017ae6e86c5c: ffff ffe8 

  0x0000017ae6e86c60: ; ImmutableOopMap {rbp=Oop [64]=Oop [72]=Oop [80]=Oop [88]=Oop [96]=Oop [104]=Oop [112]=Oop [120]=Oop [128]=Oop [136]=Oop [144]=Oop [152]=Oop }
                      ;*invokevirtual processClass {reexecute=0 rethrow=0 return_oop=1}
                      ; - org.eclipse.osgi.internal.loader.classpath.ClasspathManager::processClass@8 (line 799)
                      ; - org.eclipse.osgi.internal.loader.classpath.ClasspathManager::defineClass@299 (line 769)
  0x0000017ae6e86c60: b498 71ff 

  0x0000017ae6e86c64: ;   {other}
  0x0000017ae6e86c64: 0f1f 8400 | d418 0011 | 4885 c00f | 848b feff | ff44 8b55 

  0x0000017ae6e86c78: ;   {metadata('org/eclipse/osgi/internal/weaving/WeavingHookConfigurator')}
  0x0000017ae6e86c78: 0841 81fa | f0f5 0801 | 0f84 7ffe | ffff 4889 | 6c24 2848 | 8944 2420 | 488b 6c24 | 68ba deff 
  0x0000017ae6e86c98: ffff 4c8b | 9424 8800 | 0000 4c89 | 5424 6890 

  0x0000017ae6e86ca8: ;   {runtime_call UncommonTrapBlob}
  0x0000017ae6e86ca8: c5f8 77e8 

  0x0000017ae6e86cac: ; ImmutableOopMap {rbp=Oop [32]=Oop [40]=Oop [88]=Oop [96]=Oop [104]=Oop [112]=Oop [120]=Oop [144]=Oop [152]=Oop }
                      ;*instanceof {reexecute=0 rethrow=0 return_oop=0}
                      ; - org.eclipse.osgi.internal.loader.classpath.ClasspathManager::processClass@19 (line 803)
                      ; - org.eclipse.osgi.internal.loader.classpath.ClasspathManager::defineClass@299 (line 769)
  0x0000017ae6e86cac: 50cd 51ff 

  0x0000017ae6e86cb0: ;   {other}
  0x0000017ae6e86cb0: 0f1f 8400 | 2019 0012 | 418b d345 | 8bd9 448b | cae9 db09 | 0000 6666 | 0f1f 8400 | 0000 0000 
  0x0000017ae6e86cd0: 443b 8c24 | 9000 0000 | 0f8d a013 | 0000 458b | d1e9 3606 | 0000 498b | c04d 8bcd | 498b cec5 
  0x0000017ae6e86cf0: f97e cfc5 | f97e d2c4 | c1f9 7ec5 | 8b9c 2480 | 0000 00c4 | c179 7edb | 4585 d20f | 8def 1f00 
  0x0000017ae6e86d10: 0045 8b55 | 0c41 ffc2 | 4589 550c 

  0x0000017ae6e86d1c: ; implicit exception: dispatches to 0x0000017ae6e8a42c
  0x0000017ae6e86d1c: 458b 430c | 448d 5301 | 413b d80f | 8582 0100 | 0045 85c0 | 0f87 ae11 

  0x0000017ae6e86d34: ;   {oop(a 'java/lang/Object'[0] {0x00000000800007f0})}
  0x0000017ae6e86d34: 0000 4181 | fbf0 0700 | 800f 85a1 | 1100 0041 | b80a 0000 | 0045 3bc2 | 450f 4cc2 | 4181 f800 
  0x0000017ae6e86d54: 0004 000f | 8727 2b00 | 004d 63d8 | 4181 f800 | 0004 000f | 870b 1b00 | 0044 8954 | 2430 899c 
  0x0000017ae6e86d74: 2490 0000 | 0049 8bed | 8954 242c | 897c 2428 | 4889 4c24 | 484c 894c | 2450 4889 | 8424 8000 
  0x0000017ae6e86d94: 0000 498b | 9fb8 0100 | 004a 8d0c | 9d17 0000 | 004c 8bd1 | 4983 e2f8 | 4c8b cb4d | 03ca 4d3b 
  0x0000017ae6e86db4: 8fc8 0100 | 000f 83e2 | 1a00 004d | 898f b801 | 0000 410f | 0d89 c000 | 0000 4c8b | db49 c703 
  0x0000017ae6e86dd4: 0100 0000 | 410f 0d89 | 0001 0000 

  0x0000017ae6e86de0: ;   {metadata('java/lang/Object'[])}
  0x0000017ae6e86de0: 41c7 4308 | 7012 0000 | 4589 430c | 410f 0d89 | 4001 0000 | 498b fb48 | 83c7 1041 | 0f0d 8980 
  0x0000017ae6e86e00: 0100 0048 | c1e9 0348 | 83c1 fe48 | 33c0 4883 | f908 7f10 | 48ff c978 | 4f48 8904 | cf48 ffc9 
  0x0000017ae6e86e20: 7df7 eb44 | c5fd efc0 | e90d 0000 | 00c5 fe7f | 07c5 fe7f | 4720 4883 | c740 4883 | e908 7ded 
  0x0000017ae6e86e40: 4883 c104 | 7c0c c5fe | 7f07 4883 | c720 4883 | e904 4883 | c104 7e10 | 48ff c9c5 | f9d6 0748 
  0x0000017ae6e86e60: 83c7 0848 | ffc9 7df3 | 4c8b ed4c | 8bc5 4d8b | d344 8955 | 1449 c1e8 | 0949 ba00 | 00cf ed7a 
  0x0000017ae6e86e80: 0100 0047 | 8824 0248 | 8b84 2480 | 0000 004c | 8b4c 2450 | 488b 4c24 | 488b 7c24 | 288b 5424 
  0x0000017ae6e86ea0: 2c8b 9c24 | 9000 0000 | 448b 5424 | 30eb 0045 | 8b43 0c41 | 3bd8 0f83 | 681e 0000 | 458b 4308 
  0x0000017ae6e86ec0: ;   {metadata('java/lang/Object'[])}
  0x0000017ae6e86ec0: 4181 f870 | 1200 000f | 8503 2100 | 004d 8d5c | 9b10 4589 | 5510 4c8b | 5424 6045 | 8b52 104c 
  0x0000017ae6e86ee0: 8b84 2488 | 0000 0049 | 8bd8 4189 | 1b49 c1eb | 0949 b800 | 00cf ed7a | 0100 0047 | 8824 1845 
  0x0000017ae6e86f00: 8b5a 5045 | 85db 0f84 | 581e 0000 | 8954 242c | 897c 2428 | 4889 4c24 | 484c 894c | 2450 4889 
  0x0000017ae6e86f20: 8424 8000 | 0000 498b | d34d 8bda | 4c89 5c24 | 3044 8994 | 2490 0000 | 004c 8b84 | 2488 0000 
  0x0000017ae6e86f40: 0048 8b6c | 2470 6690 

  0x0000017ae6e86f48: ;   {optimized virtual_call}
  0x0000017ae6e86f48: c5f8 77e8 

  0x0000017ae6e86f4c: ; ImmutableOopMap {rbp=Oop [48]=Oop [72]=Oop [80]=Oop [96]=Oop [104]=Oop [112]=Oop [120]=Oop [128]=Oop [136]=Oop [144]=NarrowOop }
                      ;*invokevirtual getLock {reexecute=0 rethrow=0 return_oop=1}
                      ; - org.eclipse.osgi.internal.loader.ModuleClassLoader::getClassLoadingLock@5 (line 437)
                      ; - org.eclipse.osgi.internal.loader.ModuleClassLoader::defineClass@8 (line 312)
                      ; - org.eclipse.osgi.internal.loader.classpath.ClasspathManager::defineClass@424 (line 779)
  0x0000017ae6e86f4c: 9066 c5ff 

  0x0000017ae6e86f50: ;   {other}
  0x0000017ae6e86f50: 0f1f 8400 | c01b 0013 | 4c8b c048 | 85c0 0f84 | 401e 0000 | 488d 9c24 | e000 0000 | 498b 00a8 
  0x0000017ae6e86f70: 020f 8523 | 0000 0048 | 83c8 0148 | 8903 f049 | 0fb1 180f | 8437 0000 | 0048 2bc4 | 4825 07f0 
  0x0000017ae6e86f90: ffff 4889 | 03e9 2400 | 0000 4c8b | d048 33c0 | f04d 0fb1 | 7a3e 48c7 | 0303 0000 | 0074 114c 
  0x0000017ae6e86fb0: 3bf8 7515 | 49ff 8286 | 0000 0048 | 33c0 7509 | 49ff 8748 | 0500 0033 | c00f 8541 | 2000 004c 
  0x0000017ae6e86fd0: 8b9c 2488 | 0000 0041 | 8b6b 1444 | 8b55 0c45 | 85d2 0f86 | 5020 0000 | 450f be4b | 1045 85c9 
  0x0000017ae6e86ff0: 0f85 a014 | 0000 c442 | 32f7 ca45 | 3bca 450f | 4fca 4585 | c90f 8ecf | 0000 0045 | 3bd1 0f82 
  0x0000017ae6e87010: 9821 0000 | 4c8b d548 | 8d7d 1041 | 8bd1 b82f | 0000 0048 | 8bdf 83fa | 100f 8c79 | 0000 0083 
  0x0000017ae6e87030: fa20 0f8c | 3600 0000 | c5f9 6ed0 | c4e2 7d78 | d2c5 fdef | c08b ca83 | e1e0 83e2 

  0x0000017ae6e8704c: ;   {no_reloc}
  0x0000017ae6e8704c: 1fc5 fe6f | 0bc5 f574 | cac4 e27d | 17c1 0f83 | 6900 0000 | 4883 c320 | 83e9 2075 | e4e9 0d00 
  0x0000017ae6e8706c: 0000 c5f9 | 6ed0 c5f9 | efc0 c4e2 | 6900 d083 | fa10 0f8c | 2400 0000 | 8bca 83e1 | f083 e20f 
  0x0000017ae6e8708c: c5fa 6f0b | c5f1 74ca | c4e2 7917 | c10f 832a | 0000 0048 | 83c3 1083 | e910 75e4 | 85d2 0f84 
  0x0000017ae6e870ac: 1200 0000 | 0fb6 0b3b | c174 1c48 | 83c3 0183 | ea01 7402 | ebee bbff | ffff ffeb | 0dc5 fdd7 
  0x0000017ae6e870cc: c90f bcc1 | 4803 d848 | 2bdf 895c | 2424 448b | 5424 2441 | 83fa ff0f | 85f7 2300 | 0045 8b4b 
  0x0000017ae6e870ec: 1441 807b | 1000 0f85 | 3e19 0000 

  0x0000017ae6e870f8: ; implicit exception: dispatches to 0x0000017ae6e8a4d0
  0x0000017ae6e870f8: 418b 690c | 85ed 0f86 | 981f 0000 | 450f b651 | 1041 83fa | 5b0f 8401 | 2600 004c | 8984 2498 
  0x0000017ae6e87118: 0000 004c | 899c 2488 | 0000 0048 | 8b54 2430 | 4d8b c34c | 8b54 2470 | 4c89 5424 | 4048 8bac 
  0x0000017ae6e87138: 2498 0000 | 0066 6690 

  0x0000017ae6e87140: ;   {optimized virtual_call}
  0x0000017ae6e87140: c5f8 77e8 

  0x0000017ae6e87144: ; ImmutableOopMap {rbp=Oop [48]=Oop [64]=Oop [72]=Oop [80]=Oop [96]=Oop [104]=Oop [112]=Oop [120]=Oop [128]=Oop [136]=Oop [144]=NarrowOop [152]=Oop }
                      ;*invokevirtual findLoadedClass0 {reexecute=0 rethrow=0 return_oop=1}
                      ; - java.lang.ClassLoader::findLoadedClass@11
                      ; - org.eclipse.osgi.internal.loader.ModuleClassLoader::defineClass@17 (line 313)
                      ; - org.eclipse.osgi.internal.loader.classpath.ClasspathManager::defineClass@424 (line 779)
  0x0000017ae6e87144: f8cd c3ff 

  0x0000017ae6e87148: ;   {other}
  0x0000017ae6e87148: 0f1f 8400 | b81d 0014 | 4c8b c048 | 85c0 0f85 | 330f 0000 | 4c8b 5424 | 6841 8b72 | 0c4c 8b5c 
  0x0000017ae6e87168: 2440 458b | 4310 498b | c848 8b54 | 2430 4c8b | 8424 8800 | 0000 4c8b | 4c24 688b | 7c24 2090 
  0x0000017ae6e87188: ;   {optimized virtual_call}
  0x0000017ae6e87188: c5f8 77e8 

  0x0000017ae6e8718c: ; ImmutableOopMap {rbp=Oop [64]=Oop [72]=Oop [80]=Oop [96]=Oop [104]=Oop [112]=Oop [120]=Oop [128]=Oop [136]=Oop [152]=Oop }
                      ;*invokevirtual defineClass {reexecute=0 rethrow=0 return_oop=1}
                      ; - org.eclipse.osgi.internal.loader.ModuleClassLoader::defineClass@37 (line 315)
                      ; - org.eclipse.osgi.internal.loader.classpath.ClasspathManager::defineClass@424 (line 779)
  0x0000017ae6e8718c: d047 feff 

  0x0000017ae6e87190: ;   {other}
  0x0000017ae6e87190: 0f1f 8400 | 001e 0015 | 41ba 0100 | 0000 4c8b | c04c 8bcd | 488d 8424 | e000 0000 | 4883 3800 
  0x0000017ae6e871b0: 0f84 7900 | 0000 4d8b | 1941 f6c3 | 020f 8462 | 0000 0049 | 83bb 8600 | 0000 0074 | 0949 ff8b 
  0x0000017ae6e871d0: 8600 0000 | eb4b 498b | 8396 0000 | 0049 0b83 | 8e00 0000 | 750a 49c7 | 433e 0000 | 0000 eb3d 
  0x0000017ae6e871f0: 4983 bb9e | 0000 0000 | 7422 4833 | c049 c743 | 3e00 0000 | 00f0 8304 | 2400 4983 | bb9e 0000 
  0x0000017ae6e87210: 0000 750d | f04d 0fb1 | 7b3e 7505 | 83c8 01eb | 0ca8 00eb | 084c 8b18 | f04d 0fb1 | 1975 0a49 
  0x0000017ae6e87230: ff8f 4805 | 0000 4533 | db0f 85c5 | 1e00 004d | 8baf b801 | 0000 4d8b | dd49 83c3 | 184d 3b9f 
  0x0000017ae6e87250: c801 0000 | 0f83 8313 | 0000 4d89 | 9fb8 0100 | 0041 0f0d | 8bc0 0000 | 0049 c745 | 0001 0000 
  0x0000017ae6e87270: ;   {metadata('org/eclipse/osgi/internal/loader/ModuleClassLoader$DefineClassResult')}
  0x0000017ae6e87270: 0041 c745 | 0828 6612 | 0145 8965 | 0c4d 8965 | 1045 8855 | 0c4c 8b54 | 2450 418b | 6a10 4d8b 
  0x0000017ae6e87290: d045 8955 | 1044 8b55 

  0x0000017ae6e87298: ;   {metadata('java/util/ArrayList')}
  0x0000017ae6e87298: 0841 81fa | e8a2 0b00 | 0f85 951e | 0000 4c8b | dd45 8b53 | 1045 85d2 | 0f8e ee01 | 0000 458b 
  0x0000017ae6e872b8: 4314 458b | 700c 4585 | f60f 8621 | 1b00 004d | 63ca 4963 | ce49 ffc9 | 4c3b c90f | 830f 1b00 
  0x0000017ae6e872d8: 0044 8984 | 2494 0000 | 0044 8994 | 2490 0000 | 004c 899c | 2480 0000 | 004c 896c | 2450 4c8b 
  0x0000017ae6e872f8: 9424 8800 | 0000 458b | 4214 450f | be5a 1044 | 8b8c 2494 | 0000 004d | 8be9 4d8b | d049 8d68 
  0x0000017ae6e87318: 1045 33d2 | 4f8d 4c95 | 00c4 c1f9 | 6ec1 498b | d148 83c2 | 108b 1a45 | 8d4a 0148 | 8bcb 488b 
  0x0000017ae6e87338: bc24 8800 | 0000 483b | f90f 8401 | 0100 0085 | db0f 8481 | f9ff ff8b 

  0x0000017ae6e87350: ;   {metadata('java/lang/String')}
  0x0000017ae6e87350: 7b08 81ff | 78e8 0000 | 0f85 de2e | 0000 488b | fb0f be5f | 1044 3bdb | 0f85 62f9 | ffff 418b 
  0x0000017ae6e87370: 480c 8b7f | 148b 5f0c | 3bcb 0f85 | 50f9 ffff | 488b df48 | 8d77 1048 | 8bfd 85c9 | 0f84 9d00 
  0x0000017ae6e87390: 0000 8bc1 | 83e0 1f83 | e1e0 0f84 | 4b00 0000 | 488d 3c0f | 488d 340e | 48f7 d9c5 | fe6f 0c0f 
  0x0000017ae6e873b0: c5fe 6f14 | 0ec5 f5ef | cac4 e27d | 17c9 0f85 | 7200 0000 | 4883 c120 | 75e1 85c0 | 0f84 5d00 
  0x0000017ae6e873d0: 0000 c5fe | 6f4c 07e0 | c5fe 6f54 | 06e0 c5f5 | efca c4e2 | 7d17 c975 | 4deb 448b | c883 e1fc 
  0x0000017ae6e873f0: 7419 488d | 3c0f 488d | 340e 48f7 | d98b 1c0f | 3b1c 0e75 | 3148 83c1 | 0475 f2a8 | 0274 120f 
  0x0000017ae6e87410: b71f 0fb7 | 0e3b d975 | 1d48 8d7f | 0248 8d76 | 02a8 0174 | 0a0f b61f | 0fb6 0e3b | d975 07b8 
  0x0000017ae6e87430: 0100 0000 | eb02 33c0 | c5f5 efc9 | c5ed efd2 | 85c0 0f84 | 88f8 ffff | 4c8b 9c24 | 8000 0000 
  0x0000017ae6e87450: ;   {no_reloc}
  0x0000017ae6e87450: 458b 5b0c | 8b9c 2490 | 0000 00ff | cb41 ffc3 | 4c8b 8424 | 8000 0000 | 4589 580c | 413b da0f 
  0x0000017ae6e87470: 8f6a 0f00 | 004c 8b94 | 2480 0000 | 0041 895a | 1041 3bde | 0f83 ae19 | 0000 448b | 9424 9400 
  0x0000017ae6e87490: 0000 448b | 8424 9000 | 0000 4789 | 6482 0c4c | 8b6c 2450 | 450f b655 | 0c45 85d2 | 0f84 d60b 
  0x0000017ae6e874b0: 0000 458b | 5510 498b | da48 8b74 | 2448 448b | 560c 458b | 4208 498b 

  0x0000017ae6e874c8: ;   {metadata('java/util/HashSet')}
  0x0000017ae6e874c8: d241 81f8 | f8dd 0d00 | 0f85 bd09 | 0000 448b | 5a0c 458b | 5308 4d8b 

  0x0000017ae6e874e0: ;   {metadata('java/util/HashMap')}
  0x0000017ae6e874e0: c341 81fa | 80c2 0800 | 0f85 bc05 | 0000 458b | 580c 4585 | db0f 841e | 0b00 004d | 8bd3 458b 
  0x0000017ae6e87500: ;   {metadata('java/util/HashMap$KeySet')}
  0x0000017ae6e87500: 4208 4181 | f830 291a | 000f 8532 | 0600 0049 | 8b8f b801 | 0000 4c8b | d949 83c3 | 204d 3b9f 
  0x0000017ae6e87520: c801 0000 | 0f83 0112 | 0000 4d89 | 9fb8 0100 | 0041 0f0d | 8bc0 0000 | 0048 c701 | 0100 0000 
  0x0000017ae6e87540: ;   {metadata('java/util/HashMap$KeyIterator')}
  0x0000017ae6e87540: c741 0830 | 6c1a 0044 | 8961 0c4c | 8961 104c | 8961 1845 | 8b5a 0c44 | 8959 1c41 | 8b7b 2445 
  0x0000017ae6e87560: 8b53 1844 | 8951 0c85 | ff0f 84da | 0100 0045 | 8b53 1445 | 85d2 0f8e | cd01 0000 | 8b6f 0c85 
  0x0000017ae6e87580: ed0f 8631 | 2200 0081 | fdfe ffff | 7f0f 8f81 | 1e00 0044 | 8d45 018b | 5424 2841 | 3bd0 410f 
  0x0000017ae6e875a0: 4fd0 4533 | d244 8b5c | 242c 4489 | 5910 443b | d50f 8381 | 1600 0046 | 8b54 9710 | 4489 5114 
  0x0000017ae6e875c0: 4c8b c949 | c1e9 0948 | b800 00cf | ed7a 0100 | 0046 8824 | 0845 85d2 | 0f85 6b01 | 0000 448b 
  0x0000017ae6e875e0: 4c24 2c41 | ffc1 443b | ca7d 0c44 | 8b54 242c | 4489 4c24 | 2ceb ae4c | 63d5 4963 | d048 ffca 
  0x0000017ae6e87600: 4881 fa00 | 0000 8048 | c7c0 0000 | 0080 480f | 4cd0 4c3b | d249 0f4c | d28b d244 | 3bca 0f8d 
  0x0000017ae6e87620: 7800 0000 | 448b 4c24 | 2c41 ffc1 | 0f1f 4000 | 4489 4910 | 443b dd0f | 83fe 1500 

  0x0000017ae6e8763c: ;   {no_reloc}
  0x0000017ae6e8763c: 0046 8b54 | 9f10 4489 | 5114 4c8b | d949 c1eb | 0948 b800 | 00cf ed7a | 0100 0046 | 8824 1845 
  0x0000017ae6e8765c: 85d2 0f85 | e500 0000 | 468b 548f | 1044 8951 | 1448 8bc1 | 458d 5901 | 4489 5910 | 48c1 e809 
  0x0000017ae6e8767c: 49be 0000 | cfed 7a01 | 0000 4588 | 2406 4585 | d20f 85b6 | 0000 0041 | 83c1 0244 | 3bca 7c94 
  0x0000017ae6e8769c: 453b c87d | 3f44 8949 | 1044 3bdd | 0f83 8d15 | 0000 468b | 549f 1044 | 8951 144c | 8bd9 49c1 
  0x0000017ae6e876bc: eb09 48ba | 0000 cfed | 7a01 0000 | 4688 241a | 4585 d275 | 7845 8d59 | 0145 3bd8 | 0f8c daf5 
  0x0000017ae6e876dc: ffff eb03 | 458b cbba | 45ff ffff | 4c8b 5424 | 604c 8954 | 2420 4c8b | 5424 684c | 8954 2430 
  0x0000017ae6e876fc: 4c89 6c24 | 4848 895c | 2450 4889 | 7424 5848 | 894c 2460 | 4489 4c24 | 6866 6690 

  0x0000017ae6e87718: ;   {runtime_call UncommonTrapBlob}
  0x0000017ae6e87718: c5f8 77e8 

  0x0000017ae6e8771c: ; ImmutableOopMap {[32]=Oop [48]=Oop [72]=Oop [80]=Oop [88]=Oop [96]=Oop [112]=Oop [120]=Oop [136]=Oop }
                      ;*if_icmpge {reexecute=1 rethrow=0 return_oop=0}
                      ; - (reexecute) java.util.HashMap$HashIterator::<init>@54
                      ; - java.util.HashMap$KeyIterator::<init>@2
                      ; - java.util.HashMap$KeySet::iterator@8
                      ; - java.util.HashSet::iterator@7
                      ; - java.util.Collections$UnmodifiableCollection$1::<init>@17
                      ; - java.util.Collections$UnmodifiableCollection::iterator@5
                      ; - org.eclipse.osgi.internal.loader.classpath.ClasspathManager::defineClass@576 (line 788)
  0x0000017ae6e8771c: e0c2 51ff 

  0x0000017ae6e87720: ;   {other}
  0x0000017ae6e87720: 0f1f 8400 | 9023 0016 | 0f1f 8400 | 0000 0000 | 488b b424 | 8000 0000 | 4c8b 6c24 | 4848 8b5c 
  0x0000017ae6e87740: 2450 4c8b | 4424 58eb | 3b4c 8bc1 | 418b 6808 

  0x0000017ae6e87750: ;   {metadata('java/util/HashMap$KeyIterator')}
  0x0000017ae6e87750: 81fd 306c | 1a00 0f85 | 4805 0000 | 4d8b d045 | 3b62 1444 | 8b5c 2420 | 410f 95c3 | 4585 db0f 
  0x0000017ae6e87770: 84be 0000 

  0x0000017ae6e87774: ;   {metadata('java/util/HashMap$KeyIterator')}
  0x0000017ae6e87774: 0081 fd30 | 6c1a 000f | 85a6 0500 | 0049 8be8 | 4c89 4424 | 5848 895c | 2450 4c89 | 6c24 4848 
  0x0000017ae6e87794: 89b4 2480 | 0000 0049 | 8bd0 c5f8 | 7748 b8ff | ffff ffff 

  0x0000017ae6e877a8: ;   {virtual_call}
  0x0000017ae6e877a8: ffff ffe8 

  0x0000017ae6e877ac: ; ImmutableOopMap {rbp=Oop [72]=Oop [80]=Oop [88]=Oop [96]=Oop [104]=Oop [112]=Oop [120]=Oop [128]=Oop [136]=Oop }
                      ;*invokeinterface next {reexecute=0 rethrow=0 return_oop=1}
                      ; - java.util.Collections$UnmodifiableCollection$1::next@4
                      ; - org.eclipse.osgi.internal.loader.classpath.ClasspathManager::defineClass@588 (line 788)
  0x0000017ae6e877ac: d072 51ff 

  0x0000017ae6e877b0: ;   {other}
  0x0000017ae6e877b0: 0f1f 8400 | 2024 0017 

  0x0000017ae6e877b8: ; implicit exception: dispatches to 0x0000017ae6e8a2fc
  0x0000017ae6e877b8: 448b 5008 | 49bb 0000 | 0080 7a01 | 0000 4d03 | da4d 8b53 

  0x0000017ae6e877cc: ;   {metadata('org/eclipse/osgi/internal/hookregistry/ClassLoaderHook')}
  0x0000017ae6e877cc: 3849 bb78 | eb08 817a | 0100 004d | 3bd3 0f85 | a813 0000 | 488b d04c | 8b84 2488 | 0000 004c 
  0x0000017ae6e877ec: 8b4c 2450 | 488b 7c24 | 6848 8b74 | 2470 488b | 4c24 784c | 8b54 2460 | 4c89 1424 | 6690 c5f8 
  0x0000017ae6e8780c: 7748 b8ff | ffff ffff 

  0x0000017ae6e87814: ;   {virtual_call}
  0x0000017ae6e87814: ffff ffe8 

  0x0000017ae6e87818: ; ImmutableOopMap {rbp=Oop [72]=Oop [80]=Oop [88]=Oop [96]=Oop [104]=Oop [112]=Oop [120]=Oop [128]=Oop [136]=Oop }
                      ;*invokevirtual recordClassDefine {reexecute=0 rethrow=0 return_oop=0}
                      ; - org.eclipse.osgi.internal.loader.classpath.ClasspathManager::defineClass@608 (line 789)
  0x0000017ae6e87818: 6472 51ff 

  0x0000017ae6e8781c: ;   {other}
  0x0000017ae6e8781c: 0f1f 8400 | 8c24 0018 | 443b 6514 | 0f85 02ff | ffff 4c8b | 6c24 4845 | 8b55 1049 | 8bc2 c5f8 
  0x0000017ae6e8783c: 7748 81c4 | f000 0000 

  0x0000017ae6e87844: ;   {poll_return}
  0x0000017ae6e87844: 5d49 3ba7 | 4804 0000 | 0f87 ea35 | 0000 c345 | 0fb6 5211 | 4585 d20f | 85fb 0b00 | 004c 8b94 
  0x0000017ae6e87864: 2490 0000 | 0041 8b5a | 1448 8bef | 488b d341 | 807a 1000 | 0f85 a40c | 0000 897c | 2448 4c89 
  0x0000017ae6e87884: 5c24 4048 | 894c 2438 | 4489 4424 | 3444 894c | 2430 4889 | 7424 284c | 8b54 2470 | 4c89 5424 
  0x0000017ae6e878a4: 5866 6690 

  0x0000017ae6e878a8: ;   {static_call}
  0x0000017ae6e878a8: c5f8 77e8 

  0x0000017ae6e878ac: ; ImmutableOopMap {rbp=Oop [40]=Oop [48]=NarrowOop [52]=NarrowOop [56]=Oop [64]=Oop [72]=NarrowOop [88]=Oop [96]=Oop [104]=Oop [112]=Oop [120]=Oop [128]=Oop [136]=Oop [144]=Oop }
                      ;*invokestatic hashCode {reexecute=0 rethrow=0 return_oop=0}
                      ; - java.lang.String::hashCode@27
                      ; - java.util.concurrent.ConcurrentHashMap::get@1
                      ; - java.lang.ClassLoader::getDefinedPackage@13
                      ; - java.lang.ClassLoader::getPackage@2
                      ; - org.eclipse.osgi.internal.loader.ModuleClassLoader::publicGetPackage@9 (line 330)
                      ; - org.eclipse.osgi.internal.loader.classpath.ClasspathManager::definePackage@26 (line 825)
                      ; - org.eclipse.osgi.internal.loader.classpath.ClasspathManager::defineClass@9 (line 733)
  0x0000017ae6e878ac: 10c8 c4ff 

  0x0000017ae6e878b0: ;   {other}
  0x0000017ae6e878b0: 0f1f 8400 | 2025 0019 | 85c0 0f84 | 310c 0000 | 4c8b 9424 | 9000 0000 | 4189 420c | 448b 4c24 
  0x0000017ae6e878d0: 3044 8b44 | 2434 488b | 4c24 388b | 7c24 4848 | 8b74 2428 | 4c8b 5c24 | 40e9 52e5 | ffff 4585 
  0x0000017ae6e878f0: d20f 856c | 0b00 0048 | 8bd3 488b | ee4c 8b94 | 2490 0000 | 0041 807a | 1000 0f85 | a00c 0000 
  0x0000017ae6e87910: 8974 244c | 897c 2448 | 4889 4c24 | 3844 8944 | 2434 4489 | 4c24 304c | 8b54 2470 | 4c89 5424 
  0x0000017ae6e87930: 5866 6690 

  0x0000017ae6e87934: ;   {static_call}
  0x0000017ae6e87934: c5f8 77e8 

  0x0000017ae6e87938: ; ImmutableOopMap {rbp=Oop [40]=Oop [48]=NarrowOop [52]=NarrowOop [56]=Oop [64]=Oop [72]=NarrowOop [76]=NarrowOop [88]=Oop [96]=Oop [104]=Oop [112]=Oop [120]=Oop [128]=Oop [136]=Oop [144]=Oop }
                      ;*invokestatic hashCode {reexecute=0 rethrow=0 return_oop=0}
                      ; - java.lang.String::hashCode@27
                      ; - java.util.concurrent.ConcurrentHashMap::get@1
                      ; - java.lang.ClassLoader::definePackage@47
                      ; - java.lang.ClassLoader::getDefinedPackage@32
                      ; - java.lang.ClassLoader::getPackage@2
                      ; - org.eclipse.osgi.internal.loader.ModuleClassLoader::publicGetPackage@9 (line 330)
                      ; - org.eclipse.osgi.internal.loader.classpath.ClasspathManager::definePackage@26 (line 825)
                      ; - org.eclipse.osgi.internal.loader.classpath.ClasspathManager::defineClass@9 (line 733)
  0x0000017ae6e87938: 4474 51ff 

  0x0000017ae6e8793c: ;   {other}
  0x0000017ae6e8793c: 0f1f 8400 | ac25 001a | 85c0 0f84 | 390c 0000 | 4c8b 9424 | 9000 0000 | 4189 420c | 448b 4c24 
  0x0000017ae6e8795c: 3044 8b44 | 2434 488b | 4c24 388b | 7c24 488b | 7424 4ce9 | 6be7 ffff 

  0x0000017ae6e87974: ;   {metadata('java/util/LinkedHashMap')}
  0x0000017ae6e87974: 4181 f868 | bb0f 000f | 8543 1f00 | 008b 6b0c | 85ed 7419 | 448b 5d08 

  0x0000017ae6e8798c: ;   {metadata('java/util/LinkedHashMap$LinkedKeySet')}
  0x0000017ae6e8798c: 4181 fbd0 | 5205 010f | 853b 2800 | 004c 8bd5 | e98b ebff | ff4d 8b97 | b801 0000 | 4d8b da49 
  0x0000017ae6e879ac: 83c3 184d | 3b9f c801 | 0000 0f83 | bc10 0000 | 4d89 9fb8 | 0100 0041 | 0f0d 8bc0 | 0000 0049 
  0x0000017ae6e879cc: c702 0100 

  0x0000017ae6e879d0: ;   {metadata('java/util/LinkedHashMap$LinkedKeySet')}
  0x0000017ae6e879d0: 0000 41c7 | 4208 d052 | 0501 4589 | 620c 4d89 | 6210 4c8b | db45 895a | 104d 8bda | 4489 5b0c 
  0x0000017ae6e879f0: 4c8b db49 | c1eb 0949 | b800 00cf | ed7a 0100 | 0047 8824 | 18e9 22eb 

  0x0000017ae6e87a08: ;   {metadata('java/util/LinkedHashMap$LinkedKeySet')}
  0x0000017ae6e87a08: ffff 4181 | fbd0 5205 | 010f 85d1 | 1e00 004d | 8baf b801 | 0000 4d8b | dd49 83c3 | 204d 3b9f 
  0x0000017ae6e87a28: c801 0000 | 0f83 1d0f | 0000 4d89 | 9fb8 0100 | 0041 0f0d | 8bc0 0000 | 0049 c745 | 0001 0000 
  0x0000017ae6e87a48: ;   {metadata('java/util/LinkedHashMap$LinkedKeyIterator')}
  0x0000017ae6e87a48: 0041 c745 | 0818 5805 | 0145 8965 | 0c4d 8965 | 104d 8965 | 1845 8b42 | 1045 8945 | 1c41 0fb6 
  0x0000017ae6e87a68: 6a0c 4188 | 6d10 85ed | 0f85 3223 | 0000 458b | 5018 4589 | 550c 458b | 5834 4589 | 5d14 4d8b 
  0x0000017ae6e87a88: d549 c1ea | 0949 bb00 | 00cf ed7a | 0100 0047 | 8824 13bf | 0200 0000 | ba01 0000 | 00e9 25ed 
  0x0000017ae6e87aa8: ;   {metadata('java/util/LinkedHashMap')}
  0x0000017ae6e87aa8: ffff 4181 | fa68 bb0f | 000f 8555 | 1e00 0041 | 8b68 0c85 | ed74 1944 

  0x0000017ae6e87ac0: ;   {metadata('java/util/LinkedHashMap$LinkedKeySet')}
  0x0000017ae6e87ac0: 8b55 0841 | 81fa d052 | 0501 0f85 | e026 0000 | 4c8b d5e9 | 26fa ffff | 4d8b 97b8 | 0100 004d 
  0x0000017ae6e87ae0: 8bda 4983 | c318 4d3b | 9fc8 0100 | 000f 8319 | 1000 004d | 899f b801 | 0000 410f | 0d8b c000 
  0x0000017ae6e87b00: 0000 49c7 | 0201 0000 

  0x0000017ae6e87b08: ;   {metadata('java/util/LinkedHashMap$LinkedKeySet')}
  0x0000017ae6e87b08: 0041 c742 | 08d0 5205 | 0145 8962 | 0c4d 8962 | 104d 8bc8 | 4589 4a10 | 4d8b ca45 | 8948 0c4d 
  0x0000017ae6e87b28: 8bd8 49c1 | eb09 49b8 | 0000 cfed | 7a01 0000 | 4788 2418 | e9bd f9ff 

  0x0000017ae6e87b40: ;   {metadata('java/util/LinkedHashMap$LinkedKeySet')}
  0x0000017ae6e87b40: ff41 81f8 | d052 0501 | 0f85 ea1d | 0000 498b | 8fb8 0100 | 004c 8bd9 | 4983 c320 | 4d3b 9fc8 
  0x0000017ae6e87b60: 0100 000f | 8386 0e00 | 004d 899f | b801 0000 | 410f 0d8b | c000 0000 | 48c7 0101 

  0x0000017ae6e87b7c: ;   {metadata('java/util/LinkedHashMap$LinkedKeyIterator')}
  0x0000017ae6e87b7c: 0000 00c7 | 4108 1858 | 0501 4489 | 610c 4c89 | 6110 4c89 | 6118 450f | b642 0c44 | 8841 1041 
  0x0000017ae6e87b9c: 8b6a 1089 | 691c 4585 | c00f 8555 | 2200 0044 | 8b5d 1844 | 8959 0c44 | 8b55 3444 | 8951 144c 
  0x0000017ae6e87bbc: 8bd1 49c1 | ea09 49bb | 0000 cfed | 7a01 0000 | 4788 2413 | e974 fbff | ff4c 8b54 | 2460 458b 
  0x0000017ae6e87bdc: 5a0c 458b | 534c 458b | 5a0c 458b | 5318 458b | 5a14 410f | b66b 2185 | ed0f 846f | 2200 004c 
  0x0000017ae6e87bfc: 8b54 2470 | 4d85 d20f | 8472 1d00 | 0049 8bd2 | 4c8b 8424 | 9000 0000 

  0x0000017ae6e87c14: ;   {optimized virtual_call}
  0x0000017ae6e87c14: c5f8 77e8 

  0x0000017ae6e87c18: ; ImmutableOopMap {[40]=Oop [96]=Oop [104]=Oop [112]=Oop [120]=Oop [128]=Oop [136]=Oop [144]=Oop }
                      ;*invokevirtual manifestPackageAttributesFor {reexecute=0 rethrow=0 return_oop=1}
                      ; - org.eclipse.osgi.internal.loader.classpath.ClasspathManager::definePackage@77 (line 836)
                      ; - org.eclipse.osgi.internal.loader.classpath.ClasspathManager::defineClass@9 (line 733)
  0x0000017ae6e87c18: e45e 27f8 

  0x0000017ae6e87c1c: ;   {other}
  0x0000017ae6e87c1c: 0f1f 8400 | 8c28 001b 

  0x0000017ae6e87c24: ; implicit exception: dispatches to 0x0000017ae6e8a810
  0x0000017ae6e87c24: 448b 5810 

  0x0000017ae6e87c28: ; implicit exception: dispatches to 0x0000017ae6e8a828
  0x0000017ae6e87c28: 458b 4b0c | 8b48 0c8b | 590c 448b | 4114 488b | 7c24 6044 | 8b57 1041 | 8b73 108b | 4910 418b 
  0x0000017ae6e87c48: 6b14 4585 | d20f 843d | 1d00 004d | 8bd8 488b | c148 8bcb | 498b d248 | 8bfe 488b | f54c 8b84 
  0x0000017ae6e87c68: 2490 0000 | 0048 8904 | 244c 895c | 2408 4533 | d24c 8954 | 2410 6690 

  0x0000017ae6e87c80: ;   {optimized virtual_call}
  0x0000017ae6e87c80: c5f8 77e8 

  0x0000017ae6e87c84: ; ImmutableOopMap {[40]=Oop [96]=Oop [104]=Oop [112]=Oop [120]=Oop [128]=Oop [136]=Oop }
                      ;*invokevirtual publicDefinePackage {reexecute=0 rethrow=0 return_oop=1}
                      ; - org.eclipse.osgi.internal.loader.classpath.ClasspathManager::definePackage@157 (line 849)
                      ; - org.eclipse.osgi.internal.loader.classpath.ClasspathManager::defineClass@9 (line 733)
  0x0000017ae6e87c84: 78d4 20f8 

  0x0000017ae6e87c88: ;   {other}
  0x0000017ae6e87c88: 0f1f 8400 | f828 001c | e96c e7ff | ffbf 0200 | 0000 ba01 | 0000 00e9 | 2beb ffff | 4c89 4424 
  0x0000017ae6e87ca8: 3848 895c | 2430 4c89 | 6c24 2848 | 8974 2420 | 498b d066 | 6690 c5f8 | 7748 b880 | 7818 807a 
  0x0000017ae6e87cc8: ;   {virtual_call}
  0x0000017ae6e87cc8: 0100 00e8 

  0x0000017ae6e87ccc: ; ImmutableOopMap {[32]=Oop [40]=Oop [48]=Oop [56]=Oop [96]=Oop [104]=Oop [112]=Oop [120]=Oop [136]=Oop }
                      ;*invokeinterface hasNext {reexecute=0 rethrow=0 return_oop=0}
                      ; - java.util.Collections$UnmodifiableCollection$1::hasNext@4
                      ; - org.eclipse.osgi.internal.loader.classpath.ClasspathManager::defineClass@613 (line 788)
  0x0000017ae6e87ccc: 50eb c4ff 

  0x0000017ae6e87cd0: ;   {other}
  0x0000017ae6e87cd0: 0f1f 8400 | 4029 001d | 448b d848 | 8b74 2420 | 4c8b 6c24 | 2848 8b5c | 2430 4c8b | 4424 38e9 
  0x0000017ae6e87cf0: 78fa ffff | 4c8b 9424 | 8800 0000 | 4c89 9424 | 9000 0000 | e990 e0ff | ff0f 1f80 | 0000 0000 
  0x0000017ae6e87d10: 488b b424 | 8000 0000 | 4c8b 6c24 | 4848 8b5c | 2450 4c8b | 4424 584c | 8944 2458 | 4889 5c24 
  0x0000017ae6e87d30: 504c 896c | 2448 4889 | b424 8000 | 0000 498b | d090 c5f8 | 7748 b880 | 7818 807a 

  0x0000017ae6e87d4c: ;   {virtual_call}
  0x0000017ae6e87d4c: 0100 00e8 

  0x0000017ae6e87d50: ; ImmutableOopMap {[72]=Oop [80]=Oop [88]=Oop [96]=Oop [104]=Oop [112]=Oop [120]=Oop [128]=Oop [136]=Oop }
                      ;*invokeinterface next {reexecute=0 rethrow=0 return_oop=1}
                      ; - java.util.Collections$UnmodifiableCollection$1::next@4
                      ; - org.eclipse.osgi.internal.loader.classpath.ClasspathManager::defineClass@588 (line 788)
  0x0000017ae6e87d50: ccfe c4ff 

  0x0000017ae6e87d54: ;   {other}
  0x0000017ae6e87d54: 0f1f 8400 | c429 001e 

  0x0000017ae6e87d5c: ; implicit exception: dispatches to 0x0000017ae6e8a2fc
  0x0000017ae6e87d5c: 448b 5008 | 49bb 0000 | 0080 7a01 | 0000 4d03 | da4d 8b53 

  0x0000017ae6e87d70: ;   {metadata('org/eclipse/osgi/internal/hookregistry/ClassLoaderHook')}
  0x0000017ae6e87d70: 3849 bb78 | eb08 817a | 0100 004d | 3bd3 0f85 | ef1b 0000 | 488b d04c | 8b84 2488 | 0000 004c 
  0x0000017ae6e87d90: 8b4c 2450 | 488b 7c24 | 6848 8b74 | 2470 488b | 4c24 784c | 8b54 2460 | 4c89 1424 | 6690 c5f8 
  0x0000017ae6e87db0: 7748 b8ff | ffff ffff 

  0x0000017ae6e87db8: ;   {virtual_call}
  0x0000017ae6e87db8: ffff ffe8 

  0x0000017ae6e87dbc: ; ImmutableOopMap {[72]=Oop [80]=Oop [88]=Oop [96]=Oop [104]=Oop [112]=Oop [120]=Oop [128]=Oop [136]=Oop }
                      ;*invokevirtual recordClassDefine {reexecute=0 rethrow=0 return_oop=0}
                      ; - org.eclipse.osgi.internal.loader.classpath.ClasspathManager::defineClass@608 (line 789)
  0x0000017ae6e87dbc: e889 71ff 

  0x0000017ae6e87dc0: ;   {other}
  0x0000017ae6e87dc0: 0f1f 8400 | 302a 001f | 488b 5424 | 5890 c5f8 | 7748 b880 | 7818 807a 

  0x0000017ae6e87dd8: ;   {virtual_call}
  0x0000017ae6e87dd8: 0100 00e8 

  0x0000017ae6e87ddc: ; ImmutableOopMap {[72]=Oop [80]=Oop [88]=Oop [96]=Oop [104]=Oop [112]=Oop [120]=Oop [128]=Oop [136]=Oop }
                      ;*invokeinterface hasNext {reexecute=0 rethrow=0 return_oop=0}
                      ; - java.util.Collections$UnmodifiableCollection$1::hasNext@4
                      ; - org.eclipse.osgi.internal.loader.classpath.ClasspathManager::defineClass@613 (line 788)
  0x0000017ae6e87ddc: 40ea c4ff 

  0x0000017ae6e87de0: ;   {other}
  0x0000017ae6e87de0: 0f1f 8400 | 502a 0020 | 4d8b 9750 

  0x0000017ae6e87dec: ; ImmutableOopMap {[72]=Oop [80]=Oop [88]=Oop [96]=Oop [104]=Oop [112]=Oop [120]=Oop [128]=Oop [136]=Oop }
                      ;*ifne {reexecute=1 rethrow=0 return_oop=0}
                      ; - (reexecute) org.eclipse.osgi.internal.loader.classpath.ClasspathManager::defineClass@618 (line 788)
                      ;   {poll}
  0x0000017ae6e87dec: 0400 0041 | 8502 85c0 | 0f85 16ff | ffff e92f | faff ff48 | 894c 2440 | 4c89 4c24 | 4844 8b5c 
  0x0000017ae6e87e0c: 2424 4489 | 5c24 3444 | 8b54 2420 | 4489 5424 | 304c 8b54 | 2460 4c89 | 5424 284c | 8b94 2488 
  0x0000017ae6e87e2c: 0000 004c | 8954 2420 | 488b e966 | 6690 c5f8 | 7748 b8e8 | a20b 807a 

  0x0000017ae6e87e44: ;   {virtual_call}
  0x0000017ae6e87e44: 0100 00e8 

  0x0000017ae6e87e48: ; ImmutableOopMap {rbp=Oop [32]=Oop [40]=Oop [64]=Oop [72]=Oop [96]=Oop [104]=Oop [112]=Oop [120]=Oop [128]=Oop [136]=Oop }
                      ;*invokeinterface iterator {reexecute=0 rethrow=0 return_oop=1}
                      ; - java.util.Collections$UnmodifiableCollection$1::<init>@17
                      ; - java.util.Collections$UnmodifiableCollection::iterator@5
                      ; - org.eclipse.osgi.internal.loader.classpath.ClasspathManager::defineClass@258 (line 764)
  0x0000017ae6e87e48: 5410 c9ff 

  0x0000017ae6e87e4c: ;   {other}
  0x0000017ae6e87e4c: 0f1f 8400 | bc2a 0022 | 4885 c00f | 8423 2000 | 004c 8be8 | bf02 0000 | 00ba 0100 | 0000 488b 
  0x0000017ae6e87e6c: 8424 8000 | 0000 448b | 5c24 3044 | 895c 2420 | 448b 5424 | 3444 8954 | 2424 4c8b | 4c24 4848 
  0x0000017ae6e87e8c: 8bcd e93c | e9ff ff48 | 895c 2448 | 4c89 6c24 | 4048 8974 | 2450 488b | 6c24 7866 | 6690 c5f8 
  0x0000017ae6e87eac: 7748 b8e8 | a20b 807a 

  0x0000017ae6e87eb4: ;   {virtual_call}
  0x0000017ae6e87eb4: 0100 00e8 

  0x0000017ae6e87eb8: ; ImmutableOopMap {rbp=Oop [64]=Oop [72]=Oop [80]=Oop [96]=Oop [104]=Oop [112]=Oop [120]=Oop [136]=Oop }
                      ;*invokeinterface iterator {reexecute=0 rethrow=0 return_oop=1}
                      ; - java.util.Collections$UnmodifiableCollection$1::<init>@17
                      ; - java.util.Collections$UnmodifiableCollection::iterator@5
                      ; - org.eclipse.osgi.internal.loader.classpath.ClasspathManager::defineClass@576 (line 788)
  0x0000017ae6e87eb8: e40f c9ff 

  0x0000017ae6e87ebc: ;   {other}
  0x0000017ae6e87ebc: 0f1f 8400 | 2c2b 0023 | 4885 c00f | 84cf 1f00 | 004c 8bc0 | 488b 7424 | 504c 8b6c | 2440 488b 
  0x0000017ae6e87edc: 5c24 48e9 | 68f8 ffff | 4489 5424 | 3041 8bf3 | 4c89 ac24 | 9800 0000 | 8954 242c | 897c 2428 
  0x0000017ae6e87efc: 4889 4c24 | 484c 894c | 2450 4889 | 8424 8000 | 0000 8beb | 899c 2490 | 0000 0041 | 2be8 458b 
  0x0000017ae6e87f1c: c841 d1f9 | ffc5 443b | cd44 0f4c | cd45 03c8 | 458d 59ff | 4181 fbf7 | ffff 7f0f | 8367 2100 
  0x0000017ae6e87f3c: 0044 8bde | 498b d345 | 8bc1 6690 

  0x0000017ae6e87f48: ;   {static_call}
  0x0000017ae6e87f48: c5f8 77e8 

  0x0000017ae6e87f4c: ; ImmutableOopMap {[72]=Oop [80]=Oop [96]=Oop [104]=Oop [112]=Oop [120]=Oop [128]=Oop [136]=Oop [152]=Oop }
                      ;*invokestatic copyOf {reexecute=0 rethrow=0 return_oop=1}
                      ; - java.util.ArrayList::grow@37
                      ; - java.util.ArrayList::grow@7
                      ; - java.util.ArrayList::add@7
                      ; - java.util.ArrayList::add@20
                      ; - org.eclipse.osgi.internal.loader.classpath.ClasspathManager::defineClass@411 (line 777)
  0x0000017ae6e87f4c: 306e 51ff 

  0x0000017ae6e87f50: ;   {other}
  0x0000017ae6e87f50: 0f1f 8400 | c02b 0024 | 4c8b d84c | 8bac 2498 | 0000 0045 | 895d 144d | 8bd5 49c1 | ea09 49bb 
  0x0000017ae6e87f70: 0000 cfed | 7a01 0000 | 4788 2413 | 4885 c00f | 8433 1f00 | 004c 8bd8 | e9fa eeff | ff45 8bd8 
  0x0000017ae6e87f90: e9e0 dbff | ff45 33d2 | 41b8 ffff | ffff 4489 | 5424 2044 | 8944 2424 | e9a4 dbff | ff33 ffe9 
  0x0000017ae6e87fb0: b5e4 ffff | 4d8b 97b8 | 0100 004d | 8bda 4983 | c310 4d3b | 9fc8 0100 | 000f 8385 | 1500 004d 
  0x0000017ae6e87fd0: 899f b801 | 0000 410f | 0d8b c000 | 0000 49c7 | 0201 0000 

  0x0000017ae6e87fe4: ;   {metadata('java/util/HashMap$KeySet')}
  0x0000017ae6e87fe4: 0041 c742 | 0830 291a | 0045 8962 | 0c4c 8bc3 | 4589 420c | 4d8b c244 | 8943 0c4c | 8bdb 49c1 
  0x0000017ae6e88004: eb09 49b8 | 0000 cfed | 7a01 0000 | 4788 2418 | e913 e5ff | ff4d 8b97 | b801 0000 | 4d8b da49 
  0x0000017ae6e88024: 83c3 104d | 3b9f c801 | 0000 0f83 | b415 0000 | 4d89 9fb8 | 0100 0041 | 0f0d 8bc0 | 0000 0049 
  0x0000017ae6e88044: c702 0100 

  0x0000017ae6e88048: ;   {metadata('java/util/HashMap$KeySet')}
  0x0000017ae6e88048: 0000 41c7 | 4208 3029 | 1a00 4589 | 620c 4d8b | d845 895a | 0c4d 8bda | 4589 580c | 4d8b d849 
  0x0000017ae6e88068: c1eb 0949 | b800 00cf | ed7a 0100 | 0047 8824 | 18e9 80f4 | ffff 4c8b | 6c24 50e9 | 1cf4 ffff 
  0x0000017ae6e88088: 33db e92a | f4ff ff45 | 33d2 e90a | f1ff ff4c | 8bd5 488b | 5c24 2848 | 8bd3 4d8b | c266 6690 
  0x0000017ae6e880a8: ;   {optimized virtual_call}
  0x0000017ae6e880a8: c5f8 77e8 

  0x0000017ae6e880ac: ; ImmutableOopMap {[96]=Oop [104]=Oop [112]=Oop [120]=Oop [128]=Oop [136]=Oop }
                      ;*invokevirtual setInitialValue {reexecute=0 rethrow=0 return_oop=1}
                      ; - java.lang.ThreadLocal::get@31
                      ; - java.lang.ThreadLocal::get@4
                      ; - org.eclipse.osgi.internal.loader.classpath.ClasspathManager::defineClass@16 (line 734)
  0x0000017ae6e880ac: 502b def8 

  0x0000017ae6e880b0: ;   {other}
  0x0000017ae6e880b0: 0f1f 8400 | 202d 0025 | 4c8b c8e9 | dfe3 ffff | 498b 87b8 | 0100 004c | 8bd0 4983 | c218 4d3b 
  0x0000017ae6e880d0: 97c8 0100 | 000f 830f | 1a00 004d | 8997 b801 | 0000 410f | 0d8a c000 | 0000 48c7 | 0001 0000 
  0x0000017ae6e880f0: ;   {metadata('org/eclipse/osgi/internal/loader/classpath/ClasspathManager$DefineContext')}
  0x0000017ae6e880f0: 00c7 4008 | 8834 1201 | 4489 600c | 4c89 6010 | 4c8b d04c | 8954 2450 | 4d8b 87b8 | 0100 004d 
  0x0000017ae6e88110: 8bd0 4983 | c218 4d3b | 97c8 0100 | 000f 8363 | 1a00 004d | 8997 b801 | 0000 410f | 0d8a c000 
  0x0000017ae6e88130: 0000 49c7 | 0001 0000 

  0x0000017ae6e88138: ;   {metadata('java/util/ArrayList')}
  0x0000017ae6e88138: 0041 c740 | 08e8 a20b | 0045 8960 | 0c4d 8960 | 1049 8b87 | b801 0000 | 4c8b d049 | 83c2 284d 
  0x0000017ae6e88158: 3b97 c801 | 0000 0f83 | f418 0000 | 4d89 97b8 | 0100 0041 | 0f0d 8ac0 | 0000 0048 | c700 0100 
  0x0000017ae6e88178: 0000 410f | 0d8a 0001 

  0x0000017ae6e88180: ;   {metadata('java/lang/Object'[])}
  0x0000017ae6e88180: 0000 c740 | 0870 1200 | 0041 0f0d | 8a40 0100 | 00c7 400c | 0500 0000 | 410f 0d8a | 8001 0000 
  0x0000017ae6e881a0: 4c89 6010 | 4c89 6018 | 4c89 6020 | 4d8b d84c | 8b54 2450 | 4589 5a0c | 4c8b d845 | 8958 144d 
  0x0000017ae6e881c0: 8bd0 4c8b | 5c24 5049 | c1ea 0949 | b800 00cf | ed7a 0100 | 0047 8824 | 1049 c1eb | 0949 ba00 
  0x0000017ae6e881e0: 00cf ed7a | 0100 0047 | 8824 1a4d | 8b87 b801 | 0000 4d8b | d049 83c2 | 184d 3b97 | c801 0000 
  0x0000017ae6e88200: 0f83 2119 | 0000 4d89 | 97b8 0100 | 0041 0f0d | 8ac0 0000 | 0049 c700 | 0100 0000 

  0x0000017ae6e8821c: ;   {metadata('java/util/ArrayList')}
  0x0000017ae6e8821c: 41c7 4008 | e8a2 0b00 | 4589 600c | 4d89 6010 | 498b 87b8 | 0100 004c | 8bd0 4983 | c228 4d3b 
  0x0000017ae6e8823c: 97c8 0100 | 000f 8361 | 1900 004d | 8997 b801 | 0000 410f | 0d8a c000 | 0000 48c7 | 0001 0000 
  0x0000017ae6e8825c: 0041 0f0d | 8a00 0100 

  0x0000017ae6e88264: ;   {metadata('java/lang/Object'[])}
  0x0000017ae6e88264: 00c7 4008 | 7012 0000 | 410f 0d8a | 4001 0000 | c740 0c05 | 0000 0041 | 0f0d 8a80 | 0100 004c 
  0x0000017ae6e88284: 8960 104c | 8960 184c | 8960 204c | 8b54 2460 | 418b 6a28 | 4c8b d845 | 8958 144d | 8bd8 4c8b 
  0x0000017ae6e882a4: 5424 5045 | 895a 104d | 8bd0 4c8b | 5c24 5049 | c1ea 0949 | b800 00cf | ed7a 0100 | 0047 8824 
  0x0000017ae6e882c4: 1049 c1eb | 0949 ba00 | 00cf ed7a | 0100 0047 | 8824 1a44 

  0x0000017ae6e882d8: ;   {metadata('java/lang/ThreadLocal')}
  0x0000017ae6e882d8: 8b5d 0841 | 81fb d822 | 1200 0f85 | 081e 0000 | 4c8b 5424 | 504c 8954 | 2438 448b | 5c24 2444 
  0x0000017ae6e882f8: 895c 2434 | 448b 5424 | 2044 8954 | 2430 488b | d54c 8b44 | 2450 6690 

  0x0000017ae6e88310: ;   {optimized virtual_call}
  0x0000017ae6e88310: c5f8 77e8 

  0x0000017ae6e88314: ; ImmutableOopMap {[56]=Oop [96]=Oop [104]=Oop [112]=Oop [120]=Oop [128]=Oop [136]=Oop }
                      ;*invokevirtual set {reexecute=0 rethrow=0 return_oop=0}
                      ; - org.eclipse.osgi.internal.loader.classpath.ClasspathManager::defineClass@44 (line 737)
  0x0000017ae6e88314: 0834 e6ff 

  0x0000017ae6e88318: ;   {other}
  0x0000017ae6e88318: 0f1f 8400 | 882f 0026 | 4c8b 5424 | 3844 8b44 | 2430 4489 | 4424 2044 | 8b5c 2434 | 4489 5c24 
  0x0000017ae6e88338: 244d 8bca | e978 e1ff | ff4c 63c5 | 498d 4810 | 488b d148 | 83e2 f849 | 8bfd 4803 | fa48 c1e9 
  0x0000017ae6e88358: 034c 2bd9 | 498b cb48 | 33c0 4883 | f908 7f10 | 48ff c978 | 4f48 8904 | cf48 ffc9 | 7df7 eb44 
  0x0000017ae6e88378: c5fd efc0 | e90d 0000 | 00c5 fe7f | 07c5 fe7f | 4720 4883 | c740 4883 | e908 7ded | 4883 c104 
  0x0000017ae6e88398: 7c0c c5fe | 7f07 4883 | c720 4883 | e904 4883 | c104 7e10 | 48ff c9c5 | f9d6 0748 | 83c7 0848 
  0x0000017ae6e883b8: ffc9 7df3 | 498b ca49 | 8bd1 c5f8 | 7749 bac0 | 6d38 e67a | 0100 0041 

  0x0000017ae6e883d0: ;   {other}
  0x0000017ae6e883d0: ffd2 0f1f | 8400 0000 | 0000 e992 | d9ff ff44 | 8b84 2490 | 0000 0045 | 2bc2 418d | 68ff 443b 
  0x0000017ae6e883f0: b424 9000 | 0000 0f82 | 0c1d 0000 | 443b f30f | 8203 1d00 | 0085 ed0f | 8cfb 1c00 | 0041 83f8 
  0x0000017ae6e88410: 010f 845e | f0ff ffc4 | c1f9 7ec2 | 4983 c214 | 4c63 c549 | 8bca c5f8 | 7749 ba80 | 7938 e67a 
  0x0000017ae6e88430: 0100 0041 

  0x0000017ae6e88434: ;   {other}
  0x0000017ae6e88434: ffd2 0f1f | 8400 0000 | 0000 e932 | f0ff ff48 | 8b74 2428 | 4c8b 5c24 | 40e9 57da | ffff 4c8b 
  0x0000017ae6e88454: 5424 28e9 | 43fc ffff | 33c0 e9dd | d9ff ff33 | c0e9 75dc 

  0x0000017ae6e88468: ;   {oop(""{0x0000000080002420})}
  0x0000017ae6e88468: ffff 48bb | 2024 0080 | 0000 0000 | e918 d9ff | ff44 8b4c | 2430 448b | 4424 3448 | 8b4c 2438 
  0x0000017ae6e88488: 8b5c 2448 | 448b 5424 | 4ce9 fcd9 | ffff 4c89 | 8424 9800 | 0000 488b | 9424 8800 | 0000 6690 
  0x0000017ae6e884a8: ;   {optimized virtual_call}
  0x0000017ae6e884a8: c5f8 77e8 

  0x0000017ae6e884ac: ; ImmutableOopMap {rbp=NarrowOop [48]=Oop [72]=Oop [80]=Oop [96]=Oop [104]=Oop [112]=Oop [120]=Oop [128]=Oop [136]=Oop [144]=NarrowOop [152]=Oop }
                      ;*invokevirtual length {reexecute=0 rethrow=0 return_oop=0}
                      ; - java.lang.String::indexOf@30
                      ; - java.lang.String::indexOf@3
                      ; - java.lang.ClassLoader::checkName@16
                      ; - java.lang.ClassLoader::findLoadedClass@1
                      ; - org.eclipse.osgi.internal.loader.ModuleClassLoader::defineClass@17 (line 313)
                      ; - org.eclipse.osgi.internal.loader.classpath.ClasspathManager::defineClass@424 (line 779)
  0x0000017ae6e884ac: d062 51ff 

  0x0000017ae6e884b0: ;   {other}
  0x0000017ae6e884b0: 0f1f 8400 | 2031 0027 | 488b d541 | b82f 0000 | 0044 8b4c | 2420 8bf8 

  0x0000017ae6e884c8: ;   {static_call}
  0x0000017ae6e884c8: c5f8 77e8 

  0x0000017ae6e884cc: ; ImmutableOopMap {[48]=Oop [72]=Oop [80]=Oop [96]=Oop [104]=Oop [112]=Oop [120]=Oop [128]=Oop [136]=Oop [144]=NarrowOop [152]=Oop }
                      ;*invokestatic indexOf {reexecute=0 rethrow=0 return_oop=0}
                      ; - java.lang.String::indexOf@33
                      ; - java.lang.String::indexOf@3
                      ; - java.lang.ClassLoader::checkName@16
                      ; - java.lang.ClassLoader::findLoadedClass@1
                      ; - org.eclipse.osgi.internal.loader.ModuleClassLoader::defineClass@17 (line 313)
                      ; - org.eclipse.osgi.internal.loader.classpath.ClasspathManager::defineClass@424 (line 779)
  0x0000017ae6e884cc: b068 51ff 

  0x0000017ae6e884d0: ;   {other}
  0x0000017ae6e884d0: 0f1f 8400 | 4031 0028 | 8944 2424 | 4c8b 9c24 | 8800 0000 | 4c8b 8424 | 9800 0000 | e9e9 ebff 
  0x0000017ae6e884f0: ff4c 8b94 | 2490 0000 | 0041 c642 | 1101 33c0 | 448b 4c24 | 3044 8b44 | 2434 488b | 4c24 388b 
  0x0000017ae6e88510: 7c24 4848 | 8b74 2428 | 4c8b 5c24 | 40e9 1ed9 | ffff 897c | 2448 4c89 | 5c24 4048 | 894c 2438 
  0x0000017ae6e88530: 4489 4424 | 3444 894c | 2430 4889 | 7424 2890 

  0x0000017ae6e88540: ;   {static_call}
  0x0000017ae6e88540: c5f8 77e8 

  0x0000017ae6e88544: ; ImmutableOopMap {rbp=Oop [40]=Oop [48]=NarrowOop [52]=NarrowOop [56]=Oop [64]=Oop [72]=NarrowOop [96]=Oop [104]=Oop [112]=Oop [120]=Oop [128]=Oop [136]=Oop [144]=Oop }
                      ;*invokestatic hashCode {reexecute=0 rethrow=0 return_oop=0}
                      ; - java.lang.String::hashCode@37
                      ; - java.util.concurrent.ConcurrentHashMap::get@1
                      ; - java.lang.ClassLoader::getDefinedPackage@13
                      ; - java.lang.ClassLoader::getPackage@2
                      ; - org.eclipse.osgi.internal.loader.ModuleClassLoader::publicGetPackage@9 (line 330)
                      ; - org.eclipse.osgi.internal.loader.classpath.ClasspathManager::definePackage@26 (line 825)
                      ; - org.eclipse.osgi.internal.loader.classpath.ClasspathManager::defineClass@9 (line 733)
  0x0000017ae6e88544: 3868 51ff 

  0x0000017ae6e88548: ;   {other}
  0x0000017ae6e88548: 0f1f 8400 | b831 0029 | e963 f3ff | ff48 8b74 | 2428 4c8b | 5c24 40e9 | 45d9 ffff | 448b 4c24 
  0x0000017ae6e88568: 3044 8b44 | 2434 488b | 4c24 388b | 7c24 488b | 5c24 4c44 | 8b5c 2450 | e968 dcff | ff4c 8b94 
  0x0000017ae6e88588: 2490 0000 | 0041 c642 | 1101 33c0 | 448b 4c24 | 3044 8b44 | 2434 488b | 4c24 388b | 7c24 488b 
  0x0000017ae6e885a8: 7424 4ce9 | 2fdb ffff | 8974 244c | 897c 2448 | 4889 4c24 | 3844 8944 | 2434 4489 | 4c24 3090 
  0x0000017ae6e885c8: ;   {static_call}
  0x0000017ae6e885c8: c5f8 77e8 

  0x0000017ae6e885cc: ; ImmutableOopMap {rbp=Oop [40]=Oop [48]=NarrowOop [52]=NarrowOop [56]=Oop [64]=Oop [72]=NarrowOop [76]=NarrowOop [96]=Oop [104]=Oop [112]=Oop [120]=Oop [128]=Oop [136]=Oop [144]=Oop }
                      ;*invokestatic hashCode {reexecute=0 rethrow=0 return_oop=0}
                      ; - java.lang.String::hashCode@37
                      ; - java.util.concurrent.ConcurrentHashMap::get@1
                      ; - java.lang.ClassLoader::definePackage@47
                      ; - java.lang.ClassLoader::getDefinedPackage@32
                      ; - java.lang.ClassLoader::getPackage@2
                      ; - org.eclipse.osgi.internal.loader.ModuleClassLoader::publicGetPackage@9 (line 330)
                      ; - org.eclipse.osgi.internal.loader.classpath.ClasspathManager::definePackage@26 (line 825)
                      ; - org.eclipse.osgi.internal.loader.classpath.ClasspathManager::defineClass@9 (line 733)
  0x0000017ae6e885cc: b067 51ff 

  0x0000017ae6e885d0: ;   {other}
  0x0000017ae6e885d0: 0f1f 8400 | 4032 002a | e967 f3ff | ff44 8954 | 2424 498b 

  0x0000017ae6e885e4: ;   {metadata('org/eclipse/osgi/internal/loader/ModuleClassLoader$DefineClassResult')}
  0x0000017ae6e885e4: e848 ba28 | 6612 817a | 0100 0090 

  0x0000017ae6e885f0: ;   {runtime_call _new_instance_Java}
  0x0000017ae6e885f0: c5f8 77e8 

  0x0000017ae6e885f4: ; ImmutableOopMap {rbp=Oop [72]=Oop [80]=Oop [96]=Oop [104]=Oop [112]=Oop [120]=Oop [128]=Oop [136]=Oop }
                      ;*new {reexecute=0 rethrow=0 return_oop=1}
                      ; - org.eclipse.osgi.internal.loader.ModuleClassLoader::defineClass@55 (line 319)
                      ; - org.eclipse.osgi.internal.loader.classpath.ClasspathManager::defineClass@424 (line 779)
  0x0000017ae6e885f4: 88e2 5cff 

  0x0000017ae6e885f8: ;   {other}
  0x0000017ae6e885f8: 0f1f 8400 | 6832 002b | 4c8b c544 | 8b54 2424 | 4c8b e8e9 | 71ec ffff | 4889 7424 | 3844 8b54 
  0x0000017ae6e88618: 2424 4489 | 5424 3044 | 8944 242c | 448b 5c24 | 2044 895c | 2428 8954 | 2424 4489 | 4c24 2048 
  0x0000017ae6e88638: 8bac 2488 

  0x0000017ae6e8863c: ;   {metadata('java/lang/String')}
  0x0000017ae6e8863c: 0000 0048 | ba78 e800 | 807a 0100 | 0066 6690 

  0x0000017ae6e8864c: ;   {runtime_call _new_instance_Java}
  0x0000017ae6e8864c: c5f8 77e8 

  0x0000017ae6e88650: ; ImmutableOopMap {rbp=Oop [32]=NarrowOop [56]=Oop [96]=Oop [104]=Oop [112]=Oop [120]=Oop [128]=Oop [136]=Oop }
                      ;*new {reexecute=0 rethrow=0 return_oop=1}
                      ; - java.lang.StringLatin1::newString@7
                      ; - java.lang.String::substring@41
                      ; - org.eclipse.osgi.internal.loader.classpath.ClasspathManager::definePackage@15 (line 824)
                      ; - org.eclipse.osgi.internal.loader.classpath.ClasspathManager::defineClass@9 (line 733)
  0x0000017ae6e88650: 2ce2 5cff 

  0x0000017ae6e88654: ;   {other}
  0x0000017ae6e88654: 0f1f 8400 | c432 002c | 448b 4c24 | 208b 5424 | 2444 8b54 | 2428 4489 | 5424 2044 | 8b44 242c 
  0x0000017ae6e88674: 448b 5c24 | 3044 895c | 2424 488b | d848 8b74 | 2438 e95b | d5ff ff4c | 8954 2448 | 4889 4c24 
  0x0000017ae6e88694: 404c 894c | 2438 448b | 5c24 2444 | 895c 2430 | 8b6c 2420 | 4889 8424 | 8000 0000 | 4c8b 5424 
  0x0000017ae6e886b4: 604c 8954 | 2428 4c8b | 9424 8800 | 0000 4c89 

  0x0000017ae6e886c4: ;   {metadata('java/util/HashMap$KeyIterator')}
  0x0000017ae6e886c4: 5424 2048 | ba30 6c1a | 807a 0100 | 0066 6690 

  0x0000017ae6e886d4: ;   {runtime_call _new_instance_Java}
  0x0000017ae6e886d4: c5f8 77e8 

  0x0000017ae6e886d8: ; ImmutableOopMap {[32]=Oop [40]=Oop [56]=Oop [64]=Oop [72]=Oop [104]=Oop [112]=Oop [120]=Oop [128]=Oop }
                      ;*new {reexecute=0 rethrow=0 return_oop=1}
                      ; - java.util.HashMap$KeySet::iterator@0
                      ; - java.util.HashSet::iterator@7
                      ; - java.util.Collections$UnmodifiableCollection$1::<init>@17
                      ; - java.util.Collections$UnmodifiableCollection::iterator@5
                      ; - org.eclipse.osgi.internal.loader.classpath.ClasspathManager::defineClass@258 (line 764)
  0x0000017ae6e886d8: a4e1 5cff 

  0x0000017ae6e886dc: ;   {other}
  0x0000017ae6e886dc: 0f1f 8400 | 4c33 002d | 4c8b d84c | 8b54 2420 | 4c89 9424 | 8800 0000 | 4c8b 5424 | 284c 8954 
  0x0000017ae6e886fc: 2460 488b | 8424 8000 | 0000 896c | 2420 448b | 5424 3044 | 8954 2424 | 4c8b 4c24 | 3848 8b4c 
  0x0000017ae6e8871c: 2440 4c8b | 5424 484d | 8beb e958 | deff ff4c | 8954 2440 | 4889 5c24 | 384c 896c | 2430 488b 
  0x0000017ae6e8873c: ;   {metadata('java/util/HashMap$KeyIterator')}
  0x0000017ae6e8873c: ee48 ba30 | 6c1a 807a | 0100 0090 

  0x0000017ae6e88748: ;   {runtime_call _new_instance_Java}
  0x0000017ae6e88748: c5f8 77e8 

  0x0000017ae6e8874c: ; ImmutableOopMap {rbp=Oop [48]=Oop [56]=Oop [64]=Oop [96]=Oop [104]=Oop [112]=Oop [120]=Oop [136]=Oop }
                      ;*new {reexecute=0 rethrow=0 return_oop=1}
                      ; - java.util.HashMap$KeySet::iterator@0
                      ; - java.util.HashSet::iterator@7
                      ; - java.util.Collections$UnmodifiableCollection$1::<init>@17
                      ; - java.util.Collections$UnmodifiableCollection::iterator@5
                      ; - org.eclipse.osgi.internal.loader.classpath.ClasspathManager::defineClass@576 (line 788)
  0x0000017ae6e8874c: 30e1 5cff 

  0x0000017ae6e88750: ;   {other}
  0x0000017ae6e88750: 0f1f 8400 | c033 002e | 488b f54c | 8b6c 2430 | 488b 5c24 | 384c 8b54 | 2440 488b | c8e9 e1ed 
  0x0000017ae6e88770: ffff 4889 | 7c24 584c | 895c 2450 | 4c89 5424 | 4848 895c | 2440 4889 | 7424 3844 | 8b54 2424 
  0x0000017ae6e88790: 4489 5424 | 3044 8944 | 242c 448b | 5424 2044 | 8954 2428 | 4c8b 9424 | 8800 0000 | 4c89 5424 
  0x0000017ae6e887b0: ;   {metadata({type array byte})}
  0x0000017ae6e887b0: 2048 ba18 | 2300 807a | 0100 0090 

  0x0000017ae6e887bc: ;   {runtime_call _new_array_nozero_Java}
  0x0000017ae6e887bc: c5f8 77e8 

  0x0000017ae6e887c0: ; ImmutableOopMap {[32]=Oop [56]=Oop [64]=Oop [96]=Oop [104]=Oop [112]=Oop [120]=Oop [128]=Oop [160]=Oop [72]=Derived_oop_[160] }
                      ;*newarray {reexecute=0 rethrow=0 return_oop=1}
                      ; - java.util.Arrays::copyOfRangeByte@10
                      ; - java.util.Arrays::copyOfRange@13
                      ; - java.lang.StringLatin1::newString@16
                      ; - java.lang.String::substring@41
                      ; - org.eclipse.osgi.internal.loader.classpath.ClasspathManager::definePackage@15 (line 824)
                      ; - org.eclipse.osgi.internal.loader.classpath.ClasspathManager::defineClass@9 (line 733)
  0x0000017ae6e887c0: bcd1 5cff 

  0x0000017ae6e887c4: ;   {other}
  0x0000017ae6e887c4: 0f1f 8400 | 3434 002f | 4c8b 5424 | 204c 8994 | 2488 0000 | 0044 8b5c | 2428 4489 | 5c24 2044 
  0x0000017ae6e887e4: 8b44 242c | 448b 5c24 | 3044 895c | 2424 488b | 5c24 404c | 8b54 2448 | 4c8b 5c24 | 5048 8b7c 
  0x0000017ae6e88804: 2458 4c8b | e848 8b74 | 2438 e919 | d5ff ff89 | 7c24 5048 | 894c 2448 | 4489 4424 | 3c44 894c 
  0x0000017ae6e88824: 2438 4c8b | 9424 9000 | 0000 4c89 

  0x0000017ae6e88830: ;   {metadata('java/lang/ClassLoader$$Lambda+0x0000017a8136b088')}
  0x0000017ae6e88830: 5424 3048 | ba88 b036 | 817a 0100 | 0066 6690 

  0x0000017ae6e88840: ;   {runtime_call _new_instance_Java}
  0x0000017ae6e88840: c5f8 77e8 

  0x0000017ae6e88844: ; ImmutableOopMap {rbp=NarrowOop [40]=Oop [48]=Oop [56]=NarrowOop [60]=NarrowOop [64]=Oop [72]=Oop [80]=NarrowOop [96]=Oop [104]=Oop [112]=Oop [120]=Oop [128]=Oop [136]=Oop }
                      ;*invokevirtual allocateInstance {reexecute=0 rethrow=0 return_oop=1}
                      ; - java.lang.invoke.DirectMethodHandle::allocateInstance@12
                      ; - java.lang.invoke.DirectMethodHandle$Holder::newInvokeSpecial@1
                      ; - java.lang.invoke.Invokers$Holder::linkToTargetMethod@6
                      ; - java.lang.ClassLoader::definePackage@73
                      ; - java.lang.ClassLoader::getDefinedPackage@32
                      ; - java.lang.ClassLoader::getPackage@2
                      ; - org.eclipse.osgi.internal.loader.ModuleClassLoader::publicGetPackage@9 (line 330)
                      ; - org.eclipse.osgi.internal.loader.classpath.ClasspathManager::definePackage@26 (line 825)
                      ; - org.eclipse.osgi.internal.loader.classpath.ClasspathManager::defineClass@9 (line 733)
  0x0000017ae6e88844: 38e0 5cff 

  0x0000017ae6e88848: ;   {other}
  0x0000017ae6e88848: 0f1f 8400 | b834 0030 | 4c8b 5c24 | 304c 899c | 2490 0000 | 0044 8b4c | 2438 448b | 4424 3c48 
  0x0000017ae6e88868: 8b4c 2448 | 8b7c 2450 | 4c8b d0e9 | 84da ffff | 4889 8424 | 8000 0000 | 4c89 4c24 | 5048 894c 
  0x0000017ae6e88888: 2448 897c | 2428 8954 | 242c 498b | ed89 9c24 | 9000 0000 | 4489 5424 

  0x0000017ae6e888a0: ;   {metadata('java/lang/Object'[])}
  0x0000017ae6e888a0: 3048 ba70 | 1200 807a | 0100 0090 

  0x0000017ae6e888ac: ;   {runtime_call _new_array_Java}
  0x0000017ae6e888ac: c5f8 77e8 

  0x0000017ae6e888b0: ; ImmutableOopMap {rbp=Oop [72]=Oop [80]=Oop [96]=Oop [104]=Oop [112]=Oop [120]=Oop [128]=Oop [136]=Oop }
                      ;*anewarray {reexecute=0 rethrow=0 return_oop=1}
                      ; - java.util.ArrayList::grow@52
                      ; - java.util.ArrayList::grow@7
                      ; - java.util.ArrayList::add@7
                      ; - java.util.ArrayList::add@20
                      ; - org.eclipse.osgi.internal.loader.classpath.ClasspathManager::defineClass@411 (line 777)
  0x0000017ae6e888b0: 4cb6 5cff 

  0x0000017ae6e888b4: ;   {other}
  0x0000017ae6e888b4: 0f1f 8400 | 2435 0031 | 4c8b d8e9 | a4e5 ffff | 4c89 4424 | 404c 8954 | 2438 4889 | 5c24 5848 
  0x0000017ae6e888d4: 8974 2430 | 448b 5c24 | 2444 895c | 2428 8b6c | 2420 448b | d244 894c | 2450 4c8b | 9c24 8800 
  0x0000017ae6e888f4: 0000 4c89 

  0x0000017ae6e888f8: ;   {metadata({type array byte})}
  0x0000017ae6e888f8: 5c24 2048 | ba18 2300 | 807a 0100 | 0045 8bc2 

  0x0000017ae6e88908: ;   {runtime_call _new_array_nozero_Java}
  0x0000017ae6e88908: c5f8 77e8 

  0x0000017ae6e8890c: ; ImmutableOopMap {[32]=Oop [48]=Oop [80]=NarrowOop [88]=Oop [96]=Oop [104]=Oop [112]=Oop [120]=Oop [128]=Oop [160]=Oop [56]=Derived_oop_[160] }
                      ;*invokevirtual clone {reexecute=1 rethrow=0 return_oop=1}
                      ; - (reexecute) java.util.Arrays::copyOfRange@18
                      ; - java.lang.StringLatin1::newString@16
                      ; - java.lang.String::substring@41
                      ; - org.eclipse.osgi.internal.loader.classpath.ClasspathManager::definePackage@15 (line 824)
                      ; - org.eclipse.osgi.internal.loader.classpath.ClasspathManager::defineClass@9 (line 733)
  0x0000017ae6e8890c: 70d0 5cff 

  0x0000017ae6e88910: ;   {other}
  0x0000017ae6e88910: 0f1f 8400 | 8035 0032 | 4c8b 5424 | 204c 8994 | 2488 0000 | 0089 6c24 | 2044 8b5c | 2428 4489 
  0x0000017ae6e88930: 5c24 2448 | 8b5c 2458 | 4c8b 5424 | 384c 8b44 | 2440 488b | f848 8b74 | 2430 e914 | d3ff ff4c 
  0x0000017ae6e88950: 8954 2448 | 4889 4c24 | 404c 894c | 2438 448b | 5c24 2444 | 895c 2430 | 8b6c 2420 | 4889 8424 
  0x0000017ae6e88970: 8000 0000 | 4c8b 5424 | 604c 8954 | 2428 4c8b | 9424 8800 | 0000 4c89 

  0x0000017ae6e88988: ;   {metadata('java/util/LinkedHashMap$LinkedKeyIterator')}
  0x0000017ae6e88988: 5424 2048 | ba18 5805 | 817a 0100 | 0066 6690 

  0x0000017ae6e88998: ;   {runtime_call _new_instance_Java}
  0x0000017ae6e88998: c5f8 77e8 

  0x0000017ae6e8899c: ; ImmutableOopMap {[32]=Oop [40]=Oop [56]=Oop [64]=Oop [72]=Oop [104]=Oop [112]=Oop [120]=Oop [128]=Oop }
                      ;*new {reexecute=0 rethrow=0 return_oop=1}
                      ; - java.util.LinkedHashMap$LinkedKeySet::iterator@0
                      ; - java.util.HashSet::iterator@7
                      ; - java.util.Collections$UnmodifiableCollection$1::<init>@17
                      ; - java.util.Collections$UnmodifiableCollection::iterator@5
                      ; - org.eclipse.osgi.internal.loader.classpath.ClasspathManager::defineClass@258 (line 764)
  0x0000017ae6e8899c: e0de 5cff 

  0x0000017ae6e889a0: ;   {other}
  0x0000017ae6e889a0: 0f1f 8400 | 1036 0033 | 4c8b d84c | 8b54 2420 | 4c89 9424 | 8800 0000 | 4c8b 5424 | 284c 8954 
  0x0000017ae6e889c0: 2460 488b | 8424 8000 | 0000 896c | 2420 448b | 5424 3044 | 8954 2424 | 4c8b 4c24 | 3848 8b4c 
  0x0000017ae6e889e0: 2440 4c8b | 5424 484d | 8beb e96e | f0ff ff4c | 8954 2438 | 4889 5c24 | 304c 896c | 2428 488b 
  0x0000017ae6e88a00: ;   {metadata('java/util/LinkedHashMap$LinkedKeyIterator')}
  0x0000017ae6e88a00: ee48 ba18 | 5805 817a | 0100 0090 

  0x0000017ae6e88a0c: ;   {runtime_call _new_instance_Java}
  0x0000017ae6e88a0c: c5f8 77e8 

  0x0000017ae6e88a10: ; ImmutableOopMap {rbp=Oop [40]=Oop [48]=Oop [56]=Oop [96]=Oop [104]=Oop [112]=Oop [120]=Oop [136]=Oop }
                      ;*new {reexecute=0 rethrow=0 return_oop=1}
                      ; - java.util.LinkedHashMap$LinkedKeySet::iterator@0
                      ; - java.util.HashSet::iterator@7
                      ; - java.util.Collections$UnmodifiableCollection$1::<init>@17
                      ; - java.util.Collections$UnmodifiableCollection::iterator@5
                      ; - org.eclipse.osgi.internal.loader.classpath.ClasspathManager::defineClass@576 (line 788)
  0x0000017ae6e88a10: 6cde 5cff 

  0x0000017ae6e88a14: ;   {other}
  0x0000017ae6e88a14: 0f1f 8400 | 8436 0034 | 488b f54c | 8b6c 2428 | 488b 5c24 | 304c 8b54 | 2438 488b | c8e9 5cf1 
  0x0000017ae6e88a34: ffff 4c89 | 8424 9800 | 0000 4c89 | 9c24 8800 | 0000 498b | d144 8b44 | 2420 6690 

  0x0000017ae6e88a50: ;   {static_call}
  0x0000017ae6e88a50: c5f8 77e8 

  0x0000017ae6e88a54: ; ImmutableOopMap {[48]=Oop [72]=Oop [80]=Oop [96]=Oop [104]=Oop [112]=Oop [120]=Oop [128]=Oop [136]=Oop [144]=NarrowOop [152]=Oop }
                      ;*invokestatic charAt {reexecute=0 rethrow=0 return_oop=0}
                      ; - java.lang.String::charAt@21
                      ; - java.lang.ClassLoader::checkName@25
                      ; - java.lang.ClassLoader::findLoadedClass@1
                      ; - org.eclipse.osgi.internal.loader.ModuleClassLoader::defineClass@17 (line 313)
                      ; - org.eclipse.osgi.internal.loader.classpath.ClasspathManager::defineClass@424 (line 779)
  0x0000017ae6e88a54: 2863 51ff 

  0x0000017ae6e88a58: ;   {other}
  0x0000017ae6e88a58: 0f1f 8400 | c836 0035 | 4c8b 9c24 | 8800 0000 | 4c8b 8424 | 9800 0000 | 448b d0e9 | 91e6 ffff 
  0x0000017ae6e88a78: 4889 5c24 | 4848 894c | 2440 4c89 | 4c24 3844 | 8b5c 2424 | 4489 5c24 | 308b 6c24 | 204c 8b54 
  0x0000017ae6e88a98: 2460 4c89 | 5424 284c | 8b94 2488 | 0000 004c | 8954 2420 

  0x0000017ae6e88aac: ;   {metadata('java/util/LinkedHashMap$LinkedKeySet')}
  0x0000017ae6e88aac: 48ba d052 | 0581 7a01 | 0000 6690 

  0x0000017ae6e88ab8: ;   {runtime_call _new_instance_Java}
  0x0000017ae6e88ab8: c5f8 77e8 

  0x0000017ae6e88abc: ; ImmutableOopMap {[32]=Oop [40]=Oop [56]=Oop [64]=Oop [72]=Oop [104]=Oop [112]=Oop [120]=Oop [128]=Oop }
                      ;*new {reexecute=0 rethrow=0 return_oop=1}
                      ; - java.util.LinkedHashMap::sequencedKeySet@9
                      ; - java.util.LinkedHashMap::keySet@1
                      ; - java.util.HashSet::iterator@4
                      ; - java.util.Collections$UnmodifiableCollection$1::<init>@17
                      ; - java.util.Collections$UnmodifiableCollection::iterator@5
                      ; - org.eclipse.osgi.internal.loader.classpath.ClasspathManager::defineClass@258 (line 764)
  0x0000017ae6e88abc: c0dd 5cff 

  0x0000017ae6e88ac0: ;   {other}
  0x0000017ae6e88ac0: 0f1f 8400 | 3037 0036 | 4c8b d04c | 8b5c 2420 | 4c89 9c24 | 8800 0000 | 4c8b 5c24 | 284c 895c 
  0x0000017ae6e88ae0: 2460 488b | 8424 8000 | 0000 896c | 2420 448b | 5c24 3044 | 895c 2424 | 4c8b 4c24 | 3848 8b4c 
  0x0000017ae6e88b00: 2440 488b | 5c24 48e9 | d6ee ffff | 4c89 4424 | 4048 895c | 2438 4c89 | 6c24 3048 

  0x0000017ae6e88b1c: ;   {metadata('java/util/LinkedHashMap$LinkedKeySet')}
  0x0000017ae6e88b1c: 8bee 48ba | d052 0581 | 7a01 0000 

  0x0000017ae6e88b28: ;   {runtime_call _new_instance_Java}
  0x0000017ae6e88b28: c5f8 77e8 

  0x0000017ae6e88b2c: ; ImmutableOopMap {rbp=Oop [48]=Oop [56]=Oop [64]=Oop [96]=Oop [104]=Oop [112]=Oop [120]=Oop [136]=Oop }
                      ;*new {reexecute=0 rethrow=0 return_oop=1}
                      ; - java.util.LinkedHashMap::sequencedKeySet@9
                      ; - java.util.LinkedHashMap::keySet@1
                      ; - java.util.HashSet::iterator@4
                      ; - java.util.Collections$UnmodifiableCollection$1::<init>@17
                      ; - java.util.Collections$UnmodifiableCollection::iterator@5
                      ; - org.eclipse.osgi.internal.loader.classpath.ClasspathManager::defineClass@576 (line 788)
  0x0000017ae6e88b2c: 50dd 5cff 

  0x0000017ae6e88b30: ;   {other}
  0x0000017ae6e88b30: 0f1f 8400 | a037 0037 | 488b f54c | 8b6c 2430 | 488b 5c24 | 384c 8b44 | 2440 4c8b | d0e9 c7ef 
  0x0000017ae6e88b50: ffff 4889 | 4424 2048 | 8b6c 2468 | bade ffff | ff4c 8b54 | 2460 4c89 | 5424 284c | 8b54 2458 
  0x0000017ae6e88b70: 4c89 5424 | 5066 6690 

  0x0000017ae6e88b78: ;   {runtime_call UncommonTrapBlob}
  0x0000017ae6e88b78: c5f8 77e8 

  0x0000017ae6e88b7c: ; ImmutableOopMap {rbp=Oop [32]=Oop [40]=Oop [80]=Oop [112]=Oop [120]=Oop [136]=Oop [144]=Oop [152]=Oop }
                      ;*checkcast {reexecute=0 rethrow=0 return_oop=0}
                      ; - org.eclipse.osgi.internal.loader.classpath.ClasspathManager::defineClass@275 (line 764)
  0x0000017ae6e88b7c: 80ae 51ff 

  0x0000017ae6e88b80: ;   {other}
  0x0000017ae6e88b80: 0f1f 8400 | f037 0038 | 488b e8ba | deff ffff | 4c8b 5424 | 604c 8954 | 2420 6690 

  0x0000017ae6e88b9c: ;   {runtime_call UncommonTrapBlob}
  0x0000017ae6e88b9c: c5f8 77e8 

  0x0000017ae6e88ba0: ; ImmutableOopMap {rbp=Oop [32]=Oop [72]=Oop [80]=Oop [88]=Oop [104]=Oop [112]=Oop [120]=Oop [128]=Oop [136]=Oop }
                      ;*checkcast {reexecute=0 rethrow=0 return_oop=0}
                      ; - org.eclipse.osgi.internal.loader.classpath.ClasspathManager::defineClass@593 (line 788)
  0x0000017ae6e88ba0: 5cae 51ff 

  0x0000017ae6e88ba4: ;   {other}
  0x0000017ae6e88ba4: 0f1f 8400 | 1438 0039 | 8944 2420 | 488b 6c24 | 68ba 45ff | ffff 4c8b | 5424 604c | 8954 2428 
  0x0000017ae6e88bc4: 4c8b 5424 | 584c 8954 | 2450 6690 

  0x0000017ae6e88bd0: ;   {runtime_call UncommonTrapBlob}
  0x0000017ae6e88bd0: c5f8 77e8 

  0x0000017ae6e88bd4: ; ImmutableOopMap {rbp=Oop [40]=Oop [80]=Oop [112]=Oop [120]=Oop [136]=Oop [144]=Oop [152]=Oop }
                      ;*ifeq {reexecute=1 rethrow=0 return_oop=0}
                      ; - (reexecute) org.eclipse.osgi.internal.loader.classpath.ClasspathManager::defineClass@285 (line 765)
  0x0000017ae6e88bd4: 28ae 51ff 

  0x0000017ae6e88bd8: ;   {other}
  0x0000017ae6e88bd8: 0f1f 8400 | 4838 003a | bae4 ffff | ff48 8b6c | 2460 4c8b | 5424 684c | 8954 2428 | 4c8b 5424 
  0x0000017ae6e88bf8: 704c 8954 | 2430 4c8b | 5424 784c | 8954 2438 | 4c89 4c24 | 4848 894c | 2450 4c89 | 6c24 604c 
  0x0000017ae6e88c18: 896c 2470 | 895c 246c | 4489 5c24 | 7866 6690 

  0x0000017ae6e88c28: ;   {runtime_call UncommonTrapBlob}
  0x0000017ae6e88c28: c5f8 77e8 

  0x0000017ae6e88c2c: ; ImmutableOopMap {rbp=Oop [40]=Oop [48]=Oop [56]=Oop [72]=Oop [80]=Oop [96]=Oop [108]=NarrowOop [112]=Oop [136]=Oop }
                      ;*aaload {reexecute=0 rethrow=0 return_oop=0}
                      ; - java.util.HashMap$HashIterator::<init>@70
                      ; - java.util.HashMap$KeyIterator::<init>@2
                      ; - java.util.HashMap$KeySet::iterator@8
                      ; - java.util.HashSet::iterator@7
                      ; - java.util.Collections$UnmodifiableCollection$1::<init>@17
                      ; - java.util.Collections$UnmodifiableCollection::iterator@5
                      ; - org.eclipse.osgi.internal.loader.classpath.ClasspathManager::defineClass@258 (line 764)
  0x0000017ae6e88c2c: d0ad 51ff 

  0x0000017ae6e88c30: ;   {other}
  0x0000017ae6e88c30: 0f1f 8400 | a038 003b | 458b daba | e4ff ffff | 488b 6c24 | 604c 8b54 | 2468 4c89 | 5424 284c 
  0x0000017ae6e88c50: 8b54 2470 | 4c89 5424 | 304c 8b54 | 2478 4c89 | 5424 384c | 896c 2440 | 4889 5c24 | 4848 8974 
  0x0000017ae6e88c70: 2450 4889 | 4c24 6048 | 894c 2470 | 897c 246c | 4489 5c24 | 7866 6690 

  0x0000017ae6e88c88: ;   {runtime_call UncommonTrapBlob}
  0x0000017ae6e88c88: c5f8 77e8 

  0x0000017ae6e88c8c: ; ImmutableOopMap {rbp=Oop [40]=Oop [48]=Oop [56]=Oop [64]=Oop [72]=Oop [80]=Oop [96]=Oop [108]=NarrowOop [112]=Oop [136]=Oop }
                      ;*aaload {reexecute=0 rethrow=0 return_oop=0}
                      ; - java.util.HashMap$HashIterator::<init>@70
                      ; - java.util.HashMap$KeyIterator::<init>@2
                      ; - java.util.HashMap$KeySet::iterator@8
                      ; - java.util.HashSet::iterator@7
                      ; - java.util.Collections$UnmodifiableCollection$1::<init>@17
                      ; - java.util.Collections$UnmodifiableCollection::iterator@5
                      ; - org.eclipse.osgi.internal.loader.classpath.ClasspathManager::defineClass@576 (line 788)
  0x0000017ae6e88c8c: 70ad 51ff 

  0x0000017ae6e88c90: ;   {other}
  0x0000017ae6e88c90: 0f1f 8400 | 0039 003c | baf6 ffff | ff49 8bea | 4c8b 5424 | 684c 8954 | 2428 4c8b | 5424 704c 
  0x0000017ae6e88cb0: 8954 2430 | 4489 4c24 | 6066 6690 

  0x0000017ae6e88cbc: ;   {runtime_call UncommonTrapBlob}
  0x0000017ae6e88cbc: c5f8 77e8 

  0x0000017ae6e88cc0: ; ImmutableOopMap {rbp=Oop [40]=Oop [48]=Oop [96]=NarrowOop [120]=Oop [128]=Oop [136]=Oop [144]=Oop }
                      ;*monitorenter {reexecute=0 rethrow=0 return_oop=0}
                      ; - org.eclipse.osgi.internal.loader.ModuleClassLoader::publicGetPackage@6 (line 329)
                      ; - org.eclipse.osgi.internal.loader.classpath.ClasspathManager::definePackage@26 (line 825)
                      ; - org.eclipse.osgi.internal.loader.classpath.ClasspathManager::defineClass@9 (line 733)
  0x0000017ae6e88cc0: 3cad 51ff 

  0x0000017ae6e88cc4: ;   {other}
  0x0000017ae6e88cc4: 0f1f 8400 | 3439 003d | baf6 ffff | ff48 8b6c | 2460 4c8b | 5424 684c | 8954 2428 | 4c8b 5424 
  0x0000017ae6e88ce4: 704c 8954 | 2430 4489 | 4424 6490 

  0x0000017ae6e88cf0: ;   {runtime_call UncommonTrapBlob}
  0x0000017ae6e88cf0: c5f8 77e8 

  0x0000017ae6e88cf4: ; ImmutableOopMap {rbp=Oop [40]=Oop [48]=Oop [100]=NarrowOop [120]=Oop [128]=Oop [136]=Oop [144]=Oop }
                      ;*invokevirtual get {reexecute=0 rethrow=0 return_oop=0}
                      ; - java.lang.ClassLoader::getDefinedPackage@13
                      ; - java.lang.ClassLoader::getPackage@2
                      ; - org.eclipse.osgi.internal.loader.ModuleClassLoader::publicGetPackage@9 (line 330)
                      ; - org.eclipse.osgi.internal.loader.classpath.ClasspathManager::definePackage@26 (line 825)
                      ; - org.eclipse.osgi.internal.loader.classpath.ClasspathManager::defineClass@9 (line 733)
  0x0000017ae6e88cf4: 08ad 51ff 

  0x0000017ae6e88cf8: ;   {other}
  0x0000017ae6e88cf8: 0f1f 8400 | 6839 003e | 33ed 4585 | d240 0f9d | c5ba 45ff | ffff 4889 | 4c24 4890 

  0x0000017ae6e88d14: ;   {runtime_call UncommonTrapBlob}
  0x0000017ae6e88d14: c5f8 77e8 

  0x0000017ae6e88d18: ; ImmutableOopMap {[72]=Oop [96]=Oop [104]=Oop [112]=Oop [120]=Oop [136]=Oop }
                      ;*ifeq {reexecute=1 rethrow=0 return_oop=0}
                      ; - (reexecute) org.eclipse.osgi.internal.loader.classpath.ClasspathManager::defineClass@324 (line 773)
  0x0000017ae6e88d18: e4ac 51ff 

  0x0000017ae6e88d1c: ;   {other}
  0x0000017ae6e88d1c: 0f1f 8400 | 8c39 003f | bae4 ffff | ff4c 8b54 | 2460 498b | ea4c 8b54 | 2468 4c89 | 5424 2848 
  0x0000017ae6e88d3c: 894c 2440 | 4c89 4c24 | 484c 896c | 2458 4c89 | 5c24 6889 | 5c24 6490 

  0x0000017ae6e88d54: ;   {runtime_call UncommonTrapBlob}
  0x0000017ae6e88d54: c5f8 77e8 

  0x0000017ae6e88d58: ; ImmutableOopMap {rbp=Oop [40]=Oop [64]=Oop [72]=Oop [88]=Oop [104]=Oop [112]=Oop [120]=Oop [136]=Oop }
                      ;*aastore {reexecute=1 rethrow=0 return_oop=0}
                      ; - (reexecute) java.util.ArrayList::add@14
                      ; - java.util.ArrayList::add@20
                      ; - org.eclipse.osgi.internal.loader.classpath.ClasspathManager::defineClass@411 (line 777)
  0x0000017ae6e88d58: a4ac 51ff 

  0x0000017ae6e88d5c: ;   {other}
  0x0000017ae6e88d5c: 0f1f 8400 | cc39 0040 | baf6 ffff | ff48 8b6c | 2460 4c8b | 5c24 704c | 895c 2430 | 4889 4c24 
  0x0000017ae6e88d7c: 404c 894c | 2448 4c8b | 5c24 684c | 895c 2458 | 4489 5424 | 7066 6690 

  0x0000017ae6e88d94: ;   {runtime_call UncommonTrapBlob}
  0x0000017ae6e88d94: c5f8 77e8 

  0x0000017ae6e88d98: ; ImmutableOopMap {rbp=Oop [48]=Oop [64]=Oop [72]=Oop [88]=Oop [112]=NarrowOop [120]=Oop [136]=Oop }
                      ;*invokevirtual getLock {reexecute=0 rethrow=0 return_oop=0}
                      ; - org.eclipse.osgi.internal.loader.ModuleClassLoader::getClassLoadingLock@5 (line 437)
                      ; - org.eclipse.osgi.internal.loader.ModuleClassLoader::defineClass@8 (line 312)
                      ; - org.eclipse.osgi.internal.loader.classpath.ClasspathManager::defineClass@424 (line 779)
  0x0000017ae6e88d98: 64ac 51ff 

  0x0000017ae6e88d9c: ;   {other}
  0x0000017ae6e88d9c: 0f1f 8400 | 0c3a 0041 | baf6 ffff | ff48 8b6c | 2460 4c8b | 5424 704c | 8954 2430 | 4c8b 5424 
  0x0000017ae6e88dbc: 484c 8954 | 2440 4c8b | 5424 504c | 8954 2448 | 4c8b 5424 | 684c 8954 | 2458 6690 

  0x0000017ae6e88dd8: ;   {runtime_call UncommonTrapBlob}
  0x0000017ae6e88dd8: c5f8 77e8 

  0x0000017ae6e88ddc: ; ImmutableOopMap {rbp=Oop [48]=Oop [64]=Oop [72]=Oop [88]=Oop [120]=Oop [136]=Oop [144]=NarrowOop }
                      ;*monitorenter {reexecute=0 rethrow=0 return_oop=0}
                      ; - org.eclipse.osgi.internal.loader.ModuleClassLoader::defineClass@14 (line 312)
                      ; - org.eclipse.osgi.internal.loader.classpath.ClasspathManager::defineClass@424 (line 779)
  0x0000017ae6e88ddc: 20ac 51ff 

  0x0000017ae6e88de0: ;   {other}
  0x0000017ae6e88de0: 0f1f 8400 | 503a 0042 | ba76 ffff | ff48 8b6c | 2460 4c8b | 8c24 8800 | 0000 4c89 | 4c24 204c 
  0x0000017ae6e88e00: 8b4c 2468 | 4c89 4c24 | 284c 8b4c | 2448 4c89 | 4c24 404c | 896c 2448 | 4c89 5c24 | 5844 8944 
  0x0000017ae6e88e20: 2460 4489 | 5424 6890 

  0x0000017ae6e88e28: ;   {runtime_call UncommonTrapBlob}
  0x0000017ae6e88e28: c5f8 77e8 

  0x0000017ae6e88e2c: ; ImmutableOopMap {rbp=Oop [32]=Oop [40]=Oop [64]=Oop [72]=Oop [88]=Oop [96]=NarrowOop [112]=Oop [120]=Oop }
                      ;*if_icmpge {reexecute=1 rethrow=0 return_oop=0}
                      ; - (reexecute) java.util.ArrayList::remove@42
                      ; - org.eclipse.osgi.internal.loader.classpath.ClasspathManager::defineClass@455 (line 781)
  0x0000017ae6e88e2c: d0ab 51ff 

  0x0000017ae6e88e30: ;   {other}
  0x0000017ae6e88e30: 0f1f 8400 | a03a 0043 | bae4 ffff | ff4c 8b54 | 2448 4c89 | 5424 4048 | ff74 2450 | 488f 4424 
  0x0000017ae6e88e50: 4889 5c24 | 5466 6690 

  0x0000017ae6e88e58: ;   {runtime_call UncommonTrapBlob}
  0x0000017ae6e88e58: c5f8 77e8 

  0x0000017ae6e88e5c: ; ImmutableOopMap {[64]=Oop [72]=Oop [96]=Oop [104]=Oop [112]=Oop [120]=Oop [136]=Oop [148]=NarrowOop }
                      ;*aastore {reexecute=1 rethrow=0 return_oop=0}
                      ; - (reexecute) java.util.ArrayList::fastRemove@42
                      ; - java.util.ArrayList::remove@71
                      ; - org.eclipse.osgi.internal.loader.classpath.ClasspathManager::defineClass@455 (line 781)
  0x0000017ae6e88e5c: a0ab 51ff 

  0x0000017ae6e88e60: ;   {other}
  0x0000017ae6e88e60: 0f1f 8400 | d03a 0044 | ba76 ffff | ff48 8b6c | 2460 4c8b | 9424 8800 | 0000 4c89 | 5424 204c 
  0x0000017ae6e88e80: 8b54 2468 | 4c89 5424 | 2848 897c | 2450 4489 | 4c24 5844 | 8944 2460 

  0x0000017ae6e88e98: ;   {runtime_call UncommonTrapBlob}
  0x0000017ae6e88e98: c5f8 77e8 

  0x0000017ae6e88e9c: ; ImmutableOopMap {rbp=Oop [32]=Oop [40]=Oop [80]=Oop [88]=NarrowOop [112]=Oop [120]=Oop [128]=Oop }
                      ;*iflt {reexecute=1 rethrow=0 return_oop=0}
                      ; - (reexecute) java.lang.StringLatin1::lastIndexOf@19
                      ; - java.lang.String::lastIndexOf@13
                      ; - java.lang.String::lastIndexOf@8
                      ; - org.eclipse.osgi.internal.loader.classpath.ClasspathManager::definePackage@3 (line 820)
                      ; - org.eclipse.osgi.internal.loader.classpath.ClasspathManager::defineClass@9 (line 733)
  0x0000017ae6e88e9c: 60ab 51ff 

  0x0000017ae6e88ea0: ;   {other}
  0x0000017ae6e88ea0: 0f1f 8400 | 103b 0045 | 4c89 5c24 | 4848 894c | 2440 4489 | 4424 3c44 | 894c 2438 | 4889 7424 
  0x0000017ae6e88ec0: 3044 8b54 | 2424 4489 | 5424 2c44 | 8b5c 2420 | 4489 5c24 | 284c 8b54 | 2460 4c89 | 5424 2048 
  0x0000017ae6e88ee0: 8bac 2488 | 0000 0048 | 8b54 2448 | 4c8d 8424 | e000 0000 

  0x0000017ae6e88ef4: ;   {runtime_call _complete_monitor_locking_Java}
  0x0000017ae6e88ef4: c5f8 77e8 

  0x0000017ae6e88ef8: ; ImmutableOopMap {rbp=Oop [32]=Oop [48]=Oop [56]=NarrowOop [60]=NarrowOop [64]=Oop [72]=Oop [104]=Oop [112]=Oop [120]=Oop [128]=Oop [144]=Oop }
                      ;*monitorenter {reexecute=0 rethrow=0 return_oop=0}
                      ; - org.eclipse.osgi.internal.loader.ModuleClassLoader::publicGetPackage@6 (line 329)
                      ; - org.eclipse.osgi.internal.loader.classpath.ClasspathManager::definePackage@26 (line 825)
                      ; - org.eclipse.osgi.internal.loader.classpath.ClasspathManager::defineClass@9 (line 733)
  0x0000017ae6e88ef8: 04e1 5cff 

  0x0000017ae6e88efc: ;   {other}
  0x0000017ae6e88efc: 0f1f 8400 | 6c3b 0046 | 4889 ac24 | 8800 0000 | 4c8b 5424 | 204c 8954 | 2460 448b | 5424 2844 
  0x0000017ae6e88f1c: 8954 2420 | 448b 5c24 | 2c44 895c | 2424 448b | 4c24 3844 | 8b44 243c | 488b 4c24 | 404c 8b5c 
  0x0000017ae6e88f3c: 2448 488b | 7424 30e9 | d8ce ffff | 488b 4c24 | 4048 8d94 | 24e0 0000 | 004d 8bc7 | c5f8 7749 
  0x0000017ae6e88f5c: baa0 c39e | b7fd 7f00 | 0041 ffd2 

  0x0000017ae6e88f68: ;   {other}
  0x0000017ae6e88f68: 0f1f 8400 | 0000 0000 | e983 d4ff | ffba deff | ffff 4489 | 4424 4890 

  0x0000017ae6e88f80: ;   {runtime_call UncommonTrapBlob}
  0x0000017ae6e88f80: c5f8 77e8 

  0x0000017ae6e88f84: ; ImmutableOopMap {[72]=NarrowOop [96]=Oop [104]=Oop [112]=Oop [120]=Oop [128]=Oop [136]=Oop }
                      ;*invokevirtual get {reexecute=0 rethrow=0 return_oop=0}
                      ; - org.eclipse.osgi.internal.loader.classpath.ClasspathManager::defineClass@16 (line 734)
  0x0000017ae6e88f84: 78aa 51ff 

  0x0000017ae6e88f88: ;   {other}
  0x0000017ae6e88f88: 0f1f 8400 | f83b 0047 | bade ffff | ff4c 894c | 2440 4889 | 4424 5090 

  0x0000017ae6e88fa0: ;   {runtime_call UncommonTrapBlob}
  0x0000017ae6e88fa0: c5f8 77e8 

  0x0000017ae6e88fa4: ; ImmutableOopMap {[64]=Oop [80]=Oop [96]=Oop [104]=Oop [112]=Oop [120]=Oop [128]=Oop [136]=Oop }
                      ;*invokeinterface iterator {reexecute=0 rethrow=0 return_oop=0}
                      ; - org.eclipse.osgi.internal.loader.classpath.ClasspathManager::defineClass@258 (line 764)
  0x0000017ae6e88fa4: 58aa 51ff 

  0x0000017ae6e88fa8: ;   {other}
  0x0000017ae6e88fa8: 0f1f 8400 | 183c 0048 | bade ffff | ff48 894c | 2448 4c89 | 4c24 5090 

  0x0000017ae6e88fc0: ;   {runtime_call UncommonTrapBlob}
  0x0000017ae6e88fc0: c5f8 77e8 

  0x0000017ae6e88fc4: ; ImmutableOopMap {rbp=NarrowOop [72]=Oop [80]=Oop [96]=Oop [104]=Oop [112]=Oop [120]=Oop [136]=Oop }
                      ;*invokeinterface contains {reexecute=0 rethrow=0 return_oop=0}
                      ; - org.eclipse.osgi.internal.loader.classpath.ClasspathManager::defineClass@319 (line 773)
  0x0000017ae6e88fc4: 38aa 51ff 

  0x0000017ae6e88fc8: ;   {other}
  0x0000017ae6e88fc8: 0f1f 8400 | 383c 0049 | bad6 ffff | ff4c 8b54 | 2460 498b | ea4c 8b54 | 2468 4c89 | 5424 2848 
  0x0000017ae6e88fe8: 894c 2440 | 4c89 4c24 | 484c 896c | 2458 4c89 | 5c24 6889 | 5c24 6490 

  0x0000017ae6e89000: ;   {runtime_call UncommonTrapBlob}
  0x0000017ae6e89000: c5f8 77e8 

  0x0000017ae6e89004: ; ImmutableOopMap {rbp=Oop [40]=Oop [64]=Oop [72]=Oop [88]=Oop [104]=Oop [112]=Oop [120]=Oop [136]=Oop }
                      ;*aastore {reexecute=1 rethrow=0 return_oop=0}
                      ; - (reexecute) java.util.ArrayList::add@14
                      ; - java.util.ArrayList::add@20
                      ; - org.eclipse.osgi.internal.loader.classpath.ClasspathManager::defineClass@411 (line 777)
  0x0000017ae6e89004: f8a9 51ff 

  0x0000017ae6e89008: ;   {other}
  0x0000017ae6e89008: 0f1f 8400 | 783c 004a | 498b e849 | 8bd0 4c8d | 8424 e000 | 0000 6690 

  0x0000017ae6e89020: ;   {runtime_call _complete_monitor_locking_Java}
  0x0000017ae6e89020: c5f8 77e8 

  0x0000017ae6e89024: ; ImmutableOopMap {rbp=Oop [48]=Oop [72]=Oop [80]=Oop [96]=Oop [104]=Oop [112]=Oop [120]=Oop [128]=Oop [136]=Oop [144]=NarrowOop }
                      ;*monitorenter {reexecute=0 rethrow=0 return_oop=0}
                      ; - org.eclipse.osgi.internal.loader.ModuleClassLoader::defineClass@14 (line 312)
                      ; - org.eclipse.osgi.internal.loader.classpath.ClasspathManager::defineClass@424 (line 779)
  0x0000017ae6e89024: d8df 5cff 

  0x0000017ae6e89028: ;   {other}
  0x0000017ae6e89028: 0f1f 8400 | 983c 004b | 4c8b c5e9 | 97df ffff | ba45 ffff | ff48 8b6c | 2460 4c8b | 5424 704c 
  0x0000017ae6e89048: 8954 2430 | 4c8b 5424 | 784c 8954 | 2438 4c8b | 5424 484c | 8954 2440 | 4c8b 5424 | 504c 8954 
  0x0000017ae6e89068: 2448 4c8b | 5424 684c | 8954 2458 | 448b 9424 | 9000 0000 | 4c89 8424 | 8000 0000 | 4489 5424 
  0x0000017ae6e89088: 7466 6690 

  0x0000017ae6e8908c: ;   {runtime_call UncommonTrapBlob}
  0x0000017ae6e8908c: c5f8 77e8 

  0x0000017ae6e89090: ; ImmutableOopMap {rbp=Oop [48]=Oop [56]=Oop [64]=Oop [72]=Oop [88]=Oop [116]=NarrowOop [128]=Oop [136]=Oop [144]=NarrowOop }
                      ;*ifeq {reexecute=1 rethrow=0 return_oop=0}
                      ; - (reexecute) java.lang.ClassLoader::checkName@8
                      ; - java.lang.ClassLoader::findLoadedClass@1
                      ; - org.eclipse.osgi.internal.loader.ModuleClassLoader::defineClass@17 (line 313)
                      ; - org.eclipse.osgi.internal.loader.classpath.ClasspathManager::defineClass@424 (line 779)
  0x0000017ae6e89090: 6ca9 51ff 

  0x0000017ae6e89094: ;   {other}
  0x0000017ae6e89094: 0f1f 8400 | 043d 004c | bae4 ffff | ff4c 8b54 | 2460 4c89 | 5424 204c | 8b54 2470 | 4c89 5424 
  0x0000017ae6e890b4: 384c 8b54 | 2478 4c89 | 5424 404c | 895c 2458 | 4c8b 5424 | 684c 8954 | 2460 4c89 | 5c24 7044 
  0x0000017ae6e890d4: 8b9c 2490 | 0000 004c | 8984 2488 | 0000 0045 | 8bd3 4489 | 5424 7c44 | 898c 2490 | 0000 0090 
  0x0000017ae6e890f4: ;   {runtime_call UncommonTrapBlob}
  0x0000017ae6e890f4: c5f8 77e8 

  0x0000017ae6e890f8: ; ImmutableOopMap {[32]=Oop [56]=Oop [64]=Oop [72]=Oop [80]=Oop [88]=Oop [96]=Oop [112]=Oop [124]=NarrowOop [136]=Oop [144]=NarrowOop }
                      ;*invokestatic checkIndex {reexecute=0 rethrow=0 return_oop=0}
                      ; - java.lang.String::checkIndex@5
                      ; - java.lang.StringLatin1::charAt@3
                      ; - java.lang.String::charAt@12
                      ; - java.lang.ClassLoader::checkName@25
                      ; - java.lang.ClassLoader::findLoadedClass@1
                      ; - org.eclipse.osgi.internal.loader.ModuleClassLoader::defineClass@17 (line 313)
                      ; - org.eclipse.osgi.internal.loader.classpath.ClasspathManager::defineClass@424 (line 779)
  0x0000017ae6e890f8: 04a9 51ff 

  0x0000017ae6e890fc: ;   {other}
  0x0000017ae6e890fc: 0f1f 8400 | 6c3d 004d | 418b fa49 | 8bd8 498b | c948 8d94 | 24e0 0000 | 004d 8bc7 | c5f8 7749 
  0x0000017ae6e8911c: baa0 c39e | b7fd 7f00 | 0041 ffd2 

  0x0000017ae6e89128: ;   {other}
  0x0000017ae6e89128: 0f1f 8400 | 0000 0000 | 4c8b c344 | 8bd7 e904 | e1ff ffba | deff ffff | 4c8b 9424 | 8800 0000 
  0x0000017ae6e89148: 4c89 5424 | 284c 896c | 2450 6690 

  0x0000017ae6e89154: ;   {runtime_call UncommonTrapBlob}
  0x0000017ae6e89154: c5f8 77e8 

  0x0000017ae6e89158: ; ImmutableOopMap {rbp=NarrowOop [40]=Oop [72]=Oop [80]=Oop [96]=Oop [104]=Oop [112]=Oop [120]=Oop }
                      ;*invokeinterface remove {reexecute=0 rethrow=0 return_oop=0}
                      ; - org.eclipse.osgi.internal.loader.classpath.ClasspathManager::defineClass@455 (line 781)
  0x0000017ae6e89158: a4a8 51ff 

  0x0000017ae6e8915c: ;   {other}
  0x0000017ae6e8915c: 0f1f 8400 | cc3d 004e | bae4 ffff | ff4c 8b44 | 2460 4c89 | 4424 204c | 8b44 2468 | 4c89 4424 
  0x0000017ae6e8917c: 304c 8b44 | 2470 4c89 | 4424 3848 | 894c 2458 | 4489 5c24 | 6048 895c | 2468 4489 | 5424 7090 
  0x0000017ae6e8919c: ;   {runtime_call UncommonTrapBlob}
  0x0000017ae6e8919c: c5f8 77e8 

  0x0000017ae6e891a0: ; ImmutableOopMap {rbp=NarrowOop [32]=Oop [48]=Oop [56]=Oop [88]=Oop [96]=NarrowOop [104]=Oop [120]=Oop [128]=Oop [136]=Oop }
                      ;*aaload {reexecute=0 rethrow=0 return_oop=0}
                      ; - java.lang.ThreadLocal$ThreadLocalMap::getEntry@18
                      ; - java.lang.ThreadLocal::get@12
                      ; - java.lang.ThreadLocal::get@4
                      ; - org.eclipse.osgi.internal.loader.classpath.ClasspathManager::defineClass@16 (line 734)
  0x0000017ae6e891a0: 5ca8 51ff 

  0x0000017ae6e891a4: ;   {other}
  0x0000017ae6e891a4: 0f1f 8400 | 143e 004f | bace ffff | ff4c 8b54 | 2460 4c89 | 5424 204c | 8b54 2470 | 4c89 5424 
  0x0000017ae6e891c4: 384c 8b54 | 2478 4c89 | 5424 4048 | ffb4 2488 | 0000 0048 | 8f44 2458 | 4c8b 5424 | 684c 8954 
  0x0000017ae6e891e4: 2460 48ff | b424 8800 | 0000 488f | 4424 7044 | 8b9c 2490 | 0000 004c | 8984 2498 | 0000 0045 
  0x0000017ae6e89204: 8bd3 4489 | 9424 8400 | 0000 4489 | 8c24 9000 | 0000 6690 

  0x0000017ae6e89218: ;   {runtime_call UncommonTrapBlob}
  0x0000017ae6e89218: c5f8 77e8 

  0x0000017ae6e8921c: ; ImmutableOopMap {rbp=NarrowOop [32]=Oop [56]=Oop [64]=Oop [72]=Oop [80]=Oop [88]=Oop [96]=Oop [112]=Oop [132]=NarrowOop [152]=Oop }
                      ;*invokestatic indexOfChar {reexecute=0 rethrow=0 return_oop=0}
                      ; - java.lang.StringLatin1::indexOf@33
                      ; - java.lang.String::indexOf@17
                      ; - java.lang.String::indexOf@3
                      ; - java.lang.ClassLoader::checkName@16
                      ; - java.lang.ClassLoader::findLoadedClass@1
                      ; - org.eclipse.osgi.internal.loader.ModuleClassLoader::defineClass@17 (line 313)
                      ; - org.eclipse.osgi.internal.loader.classpath.ClasspathManager::defineClass@424 (line 779)
  0x0000017ae6e8921c: e0a7 51ff 

  0x0000017ae6e89220: ;   {other}
  0x0000017ae6e89220: 0f1f 8400 | 903e 0050 | ba6e ffff | ff48 8b6c | 2460 4c8b | 9424 8800 | 0000 4c89 | 5424 204c 
  0x0000017ae6e89240: 8b54 2468 | 4c89 5424 | 2848 897c | 2450 4489 | 4c24 5844 | 8944 2460 

  0x0000017ae6e89258: ;   {runtime_call UncommonTrapBlob}
  0x0000017ae6e89258: c5f8 77e8 

  0x0000017ae6e8925c: ; ImmutableOopMap {rbp=Oop [32]=Oop [40]=Oop [80]=Oop [88]=NarrowOop [112]=Oop [120]=Oop [128]=Oop }
                      ;*iflt {reexecute=1 rethrow=0 return_oop=0}
                      ; - (reexecute) java.lang.StringLatin1::lastIndexOf@19
                      ; - java.lang.String::lastIndexOf@13
                      ; - java.lang.String::lastIndexOf@8
                      ; - org.eclipse.osgi.internal.loader.classpath.ClasspathManager::definePackage@3 (line 820)
                      ; - org.eclipse.osgi.internal.loader.classpath.ClasspathManager::defineClass@9 (line 733)
  0x0000017ae6e8925c: a0a7 51ff 

  0x0000017ae6e89260: ;   {other}
  0x0000017ae6e89260: 0f1f 8400 | d03e 0051 | ba76 ffff | ff48 8b6c | 2460 4889 | 4c24 404c | 894c 2448 | 4489 5c24 
  0x0000017ae6e89280: 5c89 5c24 | 6066 6690 

  0x0000017ae6e89288: ;   {runtime_call UncommonTrapBlob}
  0x0000017ae6e89288: c5f8 77e8 

  0x0000017ae6e8928c: ; ImmutableOopMap {rbp=Oop [64]=Oop [72]=Oop [92]=NarrowOop [104]=Oop [112]=Oop [120]=Oop [136]=Oop }
                      ;*if_icmpge {reexecute=1 rethrow=0 return_oop=0}
                      ; - (reexecute) java.util.ArrayList::indexOfRange@45
                      ; - java.util.ArrayList::indexOf@7
                      ; - java.util.ArrayList::contains@2
                      ; - org.eclipse.osgi.internal.loader.classpath.ClasspathManager::defineClass@319 (line 773)
  0x0000017ae6e8928c: 70a7 51ff 

  0x0000017ae6e89290: ;   {other}
  0x0000017ae6e89290: 0f1f 8400 | 003f 0052 | 4d63 d8e9 | 05ca ffff | 4983 c3fe | 498b cb49 | 8bf9 4833 | c048 83f9 
  0x0000017ae6e892b0: 087f 1048 | ffc9 784f | 4889 04cf | 48ff c97d | f7eb 44c5 | fdef c0e9 | 0d00 0000 | c5fe 7f07 
  0x0000017ae6e892d0: c5fe 7f47 | 2048 83c7 | 4048 83e9 | 087d ed48 | 83c1 047c | 0cc5 fe7f | 0748 83c7 | 2048 83e9 
  0x0000017ae6e892f0: 0448 83c1 | 047e 1048 | ffc9 c5f9 | d607 4883 | c708 48ff | c97d f3e9 | 65ca ffff | bacc ffff 
  0x0000017ae6e89310: ff48 8b6c | 2460 4c8b | 5424 684c | 8954 2428 | 4c8b 5424 | 704c 8954 | 2430 4489 | 4c24 5044 
  0x0000017ae6e89330: 8944 2458 | 4889 5c24 | 7066 6690 

  0x0000017ae6e8933c: ;   {runtime_call UncommonTrapBlob}
  0x0000017ae6e8933c: c5f8 77e8 

  0x0000017ae6e89340: ; ImmutableOopMap {rbp=Oop [40]=Oop [48]=Oop [80]=NarrowOop [112]=Oop [120]=Oop [128]=Oop [136]=Oop }
                      ;*newarray {reexecute=1 rethrow=0 return_oop=0}
                      ; - (reexecute) java.util.Arrays::copyOfRangeByte@10
                      ; - java.util.Arrays::copyOfRange@13
                      ; - java.lang.StringLatin1::newString@16
                      ; - java.lang.String::substring@41
                      ; - org.eclipse.osgi.internal.loader.classpath.ClasspathManager::definePackage@15 (line 824)
                      ; - org.eclipse.osgi.internal.loader.classpath.ClasspathManager::defineClass@9 (line 733)
  0x0000017ae6e89340: bca6 51ff 

  0x0000017ae6e89344: ;   {other}
  0x0000017ae6e89344: 0f1f 8400 | b43f 0053 | baf6 ffff | ff48 8b6c | 2460 4c8b | 5424 684c | 8954 2428 | 4c8b 5424 
  0x0000017ae6e89364: 704c 8954 | 2430 4489 | 4424 6490 

  0x0000017ae6e89370: ;   {runtime_call UncommonTrapBlob}
  0x0000017ae6e89370: c5f8 77e8 

  0x0000017ae6e89374: ; ImmutableOopMap {rbp=Oop [40]=Oop [48]=Oop [100]=NarrowOop [120]=Oop [128]=Oop [136]=Oop [144]=Oop }
                      ;*invokevirtual get {reexecute=0 rethrow=0 return_oop=0}
                      ; - java.lang.ClassLoader::definePackage@47
                      ; - java.lang.ClassLoader::getDefinedPackage@32
                      ; - java.lang.ClassLoader::getPackage@2
                      ; - org.eclipse.osgi.internal.loader.ModuleClassLoader::publicGetPackage@9 (line 330)
                      ; - org.eclipse.osgi.internal.loader.classpath.ClasspathManager::definePackage@26 (line 825)
                      ; - org.eclipse.osgi.internal.loader.classpath.ClasspathManager::defineClass@9 (line 733)
  0x0000017ae6e89374: 88a6 51ff 

  0x0000017ae6e89378: ;   {other}
  0x0000017ae6e89378: 0f1f 8400 | e83f 0054 | ba45 ffff | ff48 8b6c | 2460 4c8b | 5424 684c | 8954 2428 | 4c8b 5424 
  0x0000017ae6e89398: 704c 8954 | 2430 4c8b | 5424 784c | 8954 2438 | 4c8b 9424 | 8000 0000 | 4c89 5424 | 5044 8944 
  0x0000017ae6e893b8: 2464 4489 | 4c24 6c89 | bc24 8000 | 0000 6690 

  0x0000017ae6e893c8: ;   {runtime_call UncommonTrapBlob}
  0x0000017ae6e893c8: c5f8 77e8 

  0x0000017ae6e893cc: ; ImmutableOopMap {rbp=Oop [40]=Oop [48]=Oop [56]=Oop [80]=Oop [100]=NarrowOop [108]=NarrowOop [128]=NarrowOop [136]=Oop [144]=Oop }
                      ;*ifeq {reexecute=1 rethrow=0 return_oop=0}
                      ; - (reexecute) java.lang.ClassLoader::definePackage@4
                      ; - java.lang.ClassLoader::getDefinedPackage@32
                      ; - java.lang.ClassLoader::getPackage@2
                      ; - org.eclipse.osgi.internal.loader.ModuleClassLoader::publicGetPackage@9 (line 330)
                      ; - org.eclipse.osgi.internal.loader.classpath.ClasspathManager::definePackage@26 (line 825)
                      ; - org.eclipse.osgi.internal.loader.classpath.ClasspathManager::defineClass@9 (line 733)
  0x0000017ae6e893cc: 30a6 51ff 

  0x0000017ae6e893d0: ;   {other}
  0x0000017ae6e893d0: 0f1f 8400 | 4040 0055 | ba6e ffff | ff48 8b6c | 2460 4c8b | 5424 684c | 8954 2428 | 4c89 4c24 
  0x0000017ae6e893f0: 4848 894c | 2450 4c89 | 6c24 6089 | 5c24 6889 | 7c24 6c90 

  0x0000017ae6e89404: ;   {runtime_call UncommonTrapBlob}
  0x0000017ae6e89404: c5f8 77e8 

  0x0000017ae6e89408: ; ImmutableOopMap {rbp=Oop [40]=Oop [72]=Oop [80]=Oop [96]=Oop [104]=NarrowOop [112]=Oop [120]=Oop [136]=Oop }
                      ;*if_icmpge {reexecute=1 rethrow=0 return_oop=0}
                      ; - (reexecute) java.util.HashMap$HashIterator::<init>@54
                      ; - java.util.HashMap$KeyIterator::<init>@2
                      ; - java.util.HashMap$KeySet::iterator@8
                      ; - java.util.HashSet::iterator@7
                      ; - java.util.Collections$UnmodifiableCollection$1::<init>@17
                      ; - java.util.Collections$UnmodifiableCollection::iterator@5
                      ; - org.eclipse.osgi.internal.loader.classpath.ClasspathManager::defineClass@258 (line 764)
  0x0000017ae6e89408: f4a5 51ff 

  0x0000017ae6e8940c: ;   {other}
  0x0000017ae6e8940c: 0f1f 8400 | 7c40 0056 | ba6e ffff | ff4c 8b54 | 2460 4c89 | 5424 204c | 8b54 2468 | 4c89 5424 
  0x0000017ae6e8942c: 304c 8b54 | 2470 4c89 | 5424 384c | 896c 2448 | 4889 5c24 | 5048 8974 | 2458 4889 | 4c24 6889 
  0x0000017ae6e8944c: 7c24 7090 

  0x0000017ae6e89450: ;   {runtime_call UncommonTrapBlob}
  0x0000017ae6e89450: c5f8 77e8 

  0x0000017ae6e89454: ; ImmutableOopMap {[32]=Oop [48]=Oop [56]=Oop [72]=Oop [80]=Oop [88]=Oop [104]=Oop [112]=NarrowOop [120]=Oop [136]=Oop }
                      ;*if_icmpge {reexecute=1 rethrow=0 return_oop=0}
                      ; - (reexecute) java.util.HashMap$HashIterator::<init>@54
                      ; - java.util.HashMap$KeyIterator::<init>@2
                      ; - java.util.HashMap$KeySet::iterator@8
                      ; - java.util.HashSet::iterator@7
                      ; - java.util.Collections$UnmodifiableCollection$1::<init>@17
                      ; - java.util.Collections$UnmodifiableCollection::iterator@5
                      ; - org.eclipse.osgi.internal.loader.classpath.ClasspathManager::defineClass@576 (line 788)
  0x0000017ae6e89454: a8a5 51ff 

  0x0000017ae6e89458: ;   {other}
  0x0000017ae6e89458: 0f1f 8400 | c840 0057 | bade ffff | ff4c 8b54 | 2468 4c89 | 5424 304c | 8b54 2470 | 4c89 5424 
  0x0000017ae6e89478: 384c 8b54 | 2460 4c89 | 5424 4844 | 8944 246c 

  0x0000017ae6e89488: ;   {runtime_call UncommonTrapBlob}
  0x0000017ae6e89488: c5f8 77e8 

  0x0000017ae6e8948c: ; ImmutableOopMap {rbp=NarrowOop [48]=Oop [56]=Oop [72]=Oop [108]=NarrowOop [120]=Oop [128]=Oop [136]=Oop [144]=Oop }
                      ;*checkcast {reexecute=0 rethrow=0 return_oop=0}
                      ; - java.lang.ClassLoader::definePackage@50
                      ; - java.lang.ClassLoader::getDefinedPackage@32
                      ; - java.lang.ClassLoader::getPackage@2
                      ; - org.eclipse.osgi.internal.loader.ModuleClassLoader::publicGetPackage@9 (line 330)
                      ; - org.eclipse.osgi.internal.loader.classpath.ClasspathManager::definePackage@26 (line 825)
                      ; - org.eclipse.osgi.internal.loader.classpath.ClasspathManager::defineClass@9 (line 733)
  0x0000017ae6e8948c: 70a5 51ff 

  0x0000017ae6e89490: ;   {other}
  0x0000017ae6e89490: 0f1f 8400 | 0041 0058 | 33ed 4585 | d240 0f94 | c5ba 45ff | ffff 4c8b | 5424 604c | 8954 2420 
  0x0000017ae6e894b0: 4c8b 5424 | 684c 8954 | 2430 4c89 | 4424 5048 | 897c 2458 | 4c89 4424 | 6044 895c | 2470 6690 
  0x0000017ae6e894d0: ;   {runtime_call UncommonTrapBlob}
  0x0000017ae6e894d0: c5f8 77e8 

  0x0000017ae6e894d4: ; ImmutableOopMap {[32]=Oop [48]=Oop [80]=Oop [88]=Oop [96]=Oop [120]=Oop [128]=Oop }
                      ;*ifeq {reexecute=1 rethrow=0 return_oop=0}
                      ; - (reexecute) java.lang.String::lastIndexOf@4
                      ; - java.lang.String::lastIndexOf@8
                      ; - org.eclipse.osgi.internal.loader.classpath.ClasspathManager::definePackage@3 (line 820)
                      ; - org.eclipse.osgi.internal.loader.classpath.ClasspathManager::defineClass@9 (line 733)
  0x0000017ae6e894d4: 28a5 51ff 

  0x0000017ae6e894d8: ;   {other}
  0x0000017ae6e894d8: 0f1f 8400 | 4841 0059 | ba45 ffff | ff48 8b6c | 2460 4c8b | 4c24 704c | 894c 2430 | 4c8b 4c24 
  0x0000017ae6e894f8: 784c 894c | 2438 4c8b | 4c24 484c | 894c 2440 | 4c8b 4c24 | 504c 894c | 2448 4c89 | 5c24 504c 
  0x0000017ae6e89518: 8b4c 2468 | 4c89 4c24 | 584c 895c | 2468 448b | 8c24 9000 | 0000 4c89 | 8424 8000 | 0000 4489 
  0x0000017ae6e89538: 4c24 7444 | 8994 2488 | 0000 0090 

  0x0000017ae6e89544: ;   {runtime_call UncommonTrapBlob}
  0x0000017ae6e89544: c5f8 77e8 

  0x0000017ae6e89548: ; ImmutableOopMap {rbp=Oop [48]=Oop [56]=Oop [64]=Oop [72]=Oop [80]=Oop [88]=Oop [104]=Oop [116]=NarrowOop [128]=Oop [144]=NarrowOop }
                      ;*if_icmpne {reexecute=1 rethrow=0 return_oop=0}
                      ; - (reexecute) java.lang.ClassLoader::checkName@20
                      ; - java.lang.ClassLoader::findLoadedClass@1
                      ; - org.eclipse.osgi.internal.loader.ModuleClassLoader::defineClass@17 (line 313)
                      ; - org.eclipse.osgi.internal.loader.classpath.ClasspathManager::defineClass@424 (line 779)
  0x0000017ae6e89548: b4a4 51ff 

  0x0000017ae6e8954c: ;   {other}
  0x0000017ae6e8954c: 0f1f 8400 | bc41 005a | 4889 5c24 | 4848 894c | 2440 4c89 | 4c24 3844 | 8b5c 2424 | 4489 5c24 
  0x0000017ae6e8956c: 308b 6c24 | 204c 8b54 | 2460 4c89 | 5424 284c | 8b94 2488 | 0000 004c | 8954 2420 

  0x0000017ae6e89588: ;   {metadata('java/util/HashMap$KeySet')}
  0x0000017ae6e89588: 48ba 3029 | 1a80 7a01 | 0000 6690 

  0x0000017ae6e89594: ;   {runtime_call _new_instance_Java}
  0x0000017ae6e89594: c5f8 77e8 

  0x0000017ae6e89598: ; ImmutableOopMap {[32]=Oop [40]=Oop [56]=Oop [64]=Oop [72]=Oop [104]=Oop [112]=Oop [120]=Oop [128]=Oop }
                      ;*new {reexecute=0 rethrow=0 return_oop=1}
                      ; - java.util.HashMap::keySet@9
                      ; - java.util.HashSet::iterator@4
                      ; - java.util.Collections$UnmodifiableCollection$1::<init>@17
                      ; - java.util.Collections$UnmodifiableCollection::iterator@5
                      ; - org.eclipse.osgi.internal.loader.classpath.ClasspathManager::defineClass@258 (line 764)
  0x0000017ae6e89598: e4d2 5cff 

  0x0000017ae6e8959c: ;   {other}
  0x0000017ae6e8959c: 0f1f 8400 | 0c42 005b | 4c8b d04c | 8b5c 2420 | 4c89 9c24 | 8800 0000 | 4c8b 5c24 | 284c 895c 
  0x0000017ae6e895bc: 2460 488b | 8424 8000 | 0000 896c | 2420 448b | 5c24 3044 | 895c 2424 | 4c8b 4c24 | 3848 8b4c 
  0x0000017ae6e895dc: 2440 488b | 5c24 48e9 | 09ea ffff | 4c89 4424 | 4048 895c | 2438 4c89 | 6c24 3048 

  0x0000017ae6e895f8: ;   {metadata('java/util/HashMap$KeySet')}
  0x0000017ae6e895f8: 8bee 48ba | 3029 1a80 | 7a01 0000 

  0x0000017ae6e89604: ;   {runtime_call _new_instance_Java}
  0x0000017ae6e89604: c5f8 77e8 

  0x0000017ae6e89608: ; ImmutableOopMap {rbp=Oop [48]=Oop [56]=Oop [64]=Oop [96]=Oop [104]=Oop [112]=Oop [120]=Oop [136]=Oop }
                      ;*new {reexecute=0 rethrow=0 return_oop=1}
                      ; - java.util.HashMap::keySet@9
                      ; - java.util.HashSet::iterator@4
                      ; - java.util.Collections$UnmodifiableCollection$1::<init>@17
                      ; - java.util.Collections$UnmodifiableCollection::iterator@5
                      ; - org.eclipse.osgi.internal.loader.classpath.ClasspathManager::defineClass@576 (line 788)
  0x0000017ae6e89608: 74d2 5cff 

  0x0000017ae6e8960c: ;   {other}
  0x0000017ae6e8960c: 0f1f 8400 | 7c42 005c | 488b f54c | 8b6c 2430 | 488b 5c24 | 384c 8b44 | 2440 4c8b | d0e9 28ea 
  0x0000017ae6e8962c: ffff ba45 | ffff ff48 | 8b6c 2460 | 4c8b 5c24 | 684c 895c | 2428 4c8b | 5c24 704c | 895c 2430 
  0x0000017ae6e8964c: 4c8b 5c24 | 784c 895c | 2438 4c8b | 9c24 8000 | 0000 4c89 | 5c24 5044 | 8944 2464 | 4489 4c24 
  0x0000017ae6e8966c: 6c44 8994 | 2480 0000 | 0066 6690 

  0x0000017ae6e89678: ;   {runtime_call UncommonTrapBlob}
  0x0000017ae6e89678: c5f8 77e8 

  0x0000017ae6e8967c: ; ImmutableOopMap {rbp=Oop [40]=Oop [48]=Oop [56]=Oop [80]=Oop [100]=NarrowOop [108]=NarrowOop [136]=Oop [144]=Oop }
                      ;*ifle {reexecute=1 rethrow=0 return_oop=0}
                      ; - (reexecute) java.util.concurrent.ConcurrentHashMap::get@23
                      ; - java.lang.ClassLoader::getDefinedPackage@13
                      ; - java.lang.ClassLoader::getPackage@2
                      ; - org.eclipse.osgi.internal.loader.ModuleClassLoader::publicGetPackage@9 (line 330)
                      ; - org.eclipse.osgi.internal.loader.classpath.ClasspathManager::definePackage@26 (line 825)
                      ; - org.eclipse.osgi.internal.loader.classpath.ClasspathManager::defineClass@9 (line 733)
  0x0000017ae6e8967c: 80a3 51ff 

  0x0000017ae6e89680: ;   {other}
  0x0000017ae6e89680: 0f1f 8400 | f042 005d | ba45 ffff | ff48 8b6c | 2460 4489 | 4424 4090 

  0x0000017ae6e89698: ;   {runtime_call UncommonTrapBlob}
  0x0000017ae6e89698: c5f8 77e8 

  0x0000017ae6e8969c: ; ImmutableOopMap {rbp=Oop [104]=Oop [112]=Oop [120]=Oop [128]=Oop [136]=Oop }
                      ;*ifge {reexecute=1 rethrow=0 return_oop=0}
                      ; - (reexecute) org.eclipse.osgi.internal.loader.classpath.ClasspathManager::definePackage@8 (line 821)
                      ; - org.eclipse.osgi.internal.loader.classpath.ClasspathManager::defineClass@9 (line 733)
  0x0000017ae6e8969c: 60a3 51ff 

  0x0000017ae6e896a0: ;   {other}
  0x0000017ae6e896a0: 0f1f 8400 | 1043 005e | ba45 ffff | ff48 8b6c | 2460 4c8b | 9424 8800 | 0000 4c89 | 5424 204c 
  0x0000017ae6e896c0: 8b54 2468 | 4c89 5424 | 284c 8b54 | 2470 4c89 | 5424 3044 | 8944 245c | 4489 4424 | 6089 4c24 
  0x0000017ae6e896e0: 7089 4c24 | 7466 6690 

  0x0000017ae6e896e8: ;   {runtime_call UncommonTrapBlob}
  0x0000017ae6e896e8: c5f8 77e8 

  0x0000017ae6e896ec: ; ImmutableOopMap {rbp=Oop [32]=Oop [40]=Oop [48]=Oop [120]=Oop [128]=Oop }
                      ;*if_icmple {reexecute=1 rethrow=0 return_oop=0}
                      ; - (reexecute) jdk.internal.util.Preconditions::checkFromToIndex@11
                      ; - java.lang.String::checkBoundsBeginEnd@6
                      ; - java.lang.String::substring@8
                      ; - org.eclipse.osgi.internal.loader.classpath.ClasspathManager::definePackage@15 (line 824)
                      ; - org.eclipse.osgi.internal.loader.classpath.ClasspathManager::defineClass@9 (line 733)
  0x0000017ae6e896ec: 10a3 51ff 

  0x0000017ae6e896f0: ;   {other}
  0x0000017ae6e896f0: 0f1f 8400 | 6043 005f | ba45 ffff | ff4c 894c | 2448 6690 

  0x0000017ae6e89704: ;   {runtime_call UncommonTrapBlob}
  0x0000017ae6e89704: c5f8 77e8 

  0x0000017ae6e89708: ; ImmutableOopMap {[72]=Oop [96]=Oop [104]=Oop [112]=Oop [120]=Oop [128]=Oop [136]=Oop }
                      ;*ifne {reexecute=1 rethrow=0 return_oop=0}
                      ; - (reexecute) org.eclipse.osgi.internal.loader.classpath.ClasspathManager::defineClass@57 (line 741)
  0x0000017ae6e89708: f4a2 51ff 

  0x0000017ae6e8970c: ;   {other}
  0x0000017ae6e8970c: 0f1f 8400 | 7c43 0060 | ba45 ffff | ff48 8b6c | 2460 4c8b | 4c24 704c | 894c 2430 | 4c8b 4c24 
  0x0000017ae6e8972c: 784c 894c | 2438 4c8b | 4c24 484c | 894c 2440 | 4c8b 4c24 | 504c 894c | 2448 4c89 | 5c24 504c 
  0x0000017ae6e8974c: 8b4c 2468 | 4c89 4c24 | 584c 895c | 2468 448b | 8c24 9000 | 0000 4c89 | 8424 8000 | 0000 4489 
  0x0000017ae6e8976c: 4c24 7444 | 8994 2488 | 0000 0090 

  0x0000017ae6e89778: ;   {runtime_call UncommonTrapBlob}
  0x0000017ae6e89778: c5f8 77e8 

  0x0000017ae6e8977c: ; ImmutableOopMap {rbp=Oop [48]=Oop [56]=Oop [64]=Oop [72]=Oop [80]=Oop [88]=Oop [104]=Oop [116]=NarrowOop [128]=Oop [144]=NarrowOop }
                      ;*if_icmpne {reexecute=1 rethrow=0 return_oop=0}
                      ; - (reexecute) java.lang.ClassLoader::checkName@30
                      ; - java.lang.ClassLoader::findLoadedClass@1
                      ; - org.eclipse.osgi.internal.loader.ModuleClassLoader::defineClass@17 (line 313)
                      ; - org.eclipse.osgi.internal.loader.classpath.ClasspathManager::defineClass@424 (line 779)
  0x0000017ae6e8977c: 80a2 51ff 

  0x0000017ae6e89780: ;   {other}
  0x0000017ae6e89780: 0f1f 8400 | f043 0061 | ba45 ffff | ff48 8b6c | 2460 4c89 | 4c24 4848 | 894c 2450 | 4c89 6c24 
  0x0000017ae6e897a0: 5889 7c24 | 6066 6690 

  0x0000017ae6e897a8: ;   {runtime_call UncommonTrapBlob}
  0x0000017ae6e897a8: c5f8 77e8 

  0x0000017ae6e897ac: ; ImmutableOopMap {rbp=Oop [72]=Oop [80]=Oop [88]=Oop [104]=Oop [112]=Oop [120]=Oop [136]=Oop }
                      ;*if_icmpge {reexecute=1 rethrow=0 return_oop=0}
                      ; - (reexecute) java.util.HashMap$HashIterator::<init>@54
                      ; - java.util.HashMap$KeyIterator::<init>@2
                      ; - java.util.HashMap$KeySet::iterator@8
                      ; - java.util.HashSet::iterator@7
                      ; - java.util.Collections$UnmodifiableCollection$1::<init>@17
                      ; - java.util.Collections$UnmodifiableCollection::iterator@5
                      ; - org.eclipse.osgi.internal.loader.classpath.ClasspathManager::defineClass@258 (line 764)
  0x0000017ae6e897ac: 50a2 51ff 

  0x0000017ae6e897b0: ;   {other}
  0x0000017ae6e897b0: 0f1f 8400 | 2044 0062 | ba45 ffff | ff4c 8b54 | 2460 4c89 | 5424 204c | 896c 2448 | 4889 5c24 
  0x0000017ae6e897d0: 5048 8974 | 2458 4889 | 4c24 6090 

  0x0000017ae6e897dc: ;   {runtime_call UncommonTrapBlob}
  0x0000017ae6e897dc: c5f8 77e8 

  0x0000017ae6e897e0: ; ImmutableOopMap {[32]=Oop [72]=Oop [80]=Oop [88]=Oop [96]=Oop [104]=Oop [112]=Oop [120]=Oop [136]=Oop }
                      ;*if_icmpge {reexecute=1 rethrow=0 return_oop=0}
                      ; - (reexecute) java.util.HashMap$HashIterator::<init>@54
                      ; - java.util.HashMap$KeyIterator::<init>@2
                      ; - java.util.HashMap$KeySet::iterator@8
                      ; - java.util.HashSet::iterator@7
                      ; - java.util.Collections$UnmodifiableCollection$1::<init>@17
                      ; - java.util.Collections$UnmodifiableCollection::iterator@5
                      ; - org.eclipse.osgi.internal.loader.classpath.ClasspathManager::defineClass@576 (line 788)
  0x0000017ae6e897e0: 1ca2 51ff 

  0x0000017ae6e897e4: ;   {other}
  0x0000017ae6e897e4: 0f1f 8400 | 5444 0063 | ba45 ffff | ff48 8b6c | 2460 4c8b | 5424 684c | 8954 2428 | 4c8b 5424 
  0x0000017ae6e89804: 704c 8954 | 2430 4c8b | 5424 784c | 8954 2438 | 4c8b 9424 | 8000 0000 | 4c89 5424 | 5044 8944 
  0x0000017ae6e89824: 2464 4489 | 4c24 6c89 | bc24 8000 | 0000 4489 | 9c24 8400 | 0000 6690 

  0x0000017ae6e8983c: ;   {runtime_call UncommonTrapBlob}
  0x0000017ae6e8983c: c5f8 77e8 

  0x0000017ae6e89840: ; ImmutableOopMap {rbp=Oop [40]=Oop [48]=Oop [56]=Oop [80]=Oop [100]=NarrowOop [108]=NarrowOop [128]=NarrowOop [136]=Oop [144]=Oop }
                      ;*ifle {reexecute=1 rethrow=0 return_oop=0}
                      ; - (reexecute) java.util.concurrent.ConcurrentHashMap::get@23
                      ; - java.lang.ClassLoader::definePackage@47
                      ; - java.lang.ClassLoader::getDefinedPackage@32
                      ; - java.lang.ClassLoader::getPackage@2
                      ; - org.eclipse.osgi.internal.loader.ModuleClassLoader::publicGetPackage@9 (line 330)
                      ; - org.eclipse.osgi.internal.loader.classpath.ClasspathManager::definePackage@26 (line 825)
                      ; - org.eclipse.osgi.internal.loader.classpath.ClasspathManager::defineClass@9 (line 733)
  0x0000017ae6e89840: bca1 51ff 

  0x0000017ae6e89844: ;   {other}
  0x0000017ae6e89844: 0f1f 8400 | b444 0064 | baf6 ffff | ff48 8b6c | 2460 4c8b | 5c24 684c | 895c 2428 | 4c8b 5c24 
  0x0000017ae6e89864: 704c 895c | 2430 4489 | 4424 644c | 8954 2470 

  0x0000017ae6e89874: ;   {runtime_call UncommonTrapBlob}
  0x0000017ae6e89874: c5f8 77e8 

  0x0000017ae6e89878: ; ImmutableOopMap {rbp=Oop [40]=Oop [48]=Oop [100]=NarrowOop [112]=Oop [120]=Oop [128]=Oop [136]=Oop [144]=Oop }
                      ;*invokevirtual compute {reexecute=0 rethrow=0 return_oop=0}
                      ; - java.lang.ClassLoader::definePackage@78
                      ; - java.lang.ClassLoader::getDefinedPackage@32
                      ; - java.lang.ClassLoader::getPackage@2
                      ; - org.eclipse.osgi.internal.loader.ModuleClassLoader::publicGetPackage@9 (line 330)
                      ; - org.eclipse.osgi.internal.loader.classpath.ClasspathManager::definePackage@26 (line 825)
                      ; - org.eclipse.osgi.internal.loader.classpath.ClasspathManager::defineClass@9 (line 733)
  0x0000017ae6e89878: 84a1 51ff 

  0x0000017ae6e8987c: ;   {other}
  0x0000017ae6e8987c: 0f1f 8400 | ec44 0065 | 4d63 d8e9 | d4d4 ffff | bade ffff | ff4c 8b54 | 2468 4c89 | 5424 304c 
  0x0000017ae6e8989c: 8b54 2470 | 4c89 5424 | 384c 8b54 | 2460 4c89 | 5424 4844 | 8944 246c 

  0x0000017ae6e898b4: ;   {runtime_call UncommonTrapBlob}
  0x0000017ae6e898b4: c5f8 77e8 

  0x0000017ae6e898b8: ; ImmutableOopMap {rbp=NarrowOop [48]=Oop [56]=Oop [72]=Oop [108]=NarrowOop [120]=Oop [128]=Oop [136]=Oop [144]=Oop }
                      ;*invokevirtual getPackage {reexecute=0 rethrow=0 return_oop=0}
                      ; - java.lang.ClassLoader::getPackage@22
                      ; - org.eclipse.osgi.internal.loader.ModuleClassLoader::publicGetPackage@9 (line 330)
                      ; - org.eclipse.osgi.internal.loader.classpath.ClasspathManager::definePackage@26 (line 825)
                      ; - org.eclipse.osgi.internal.loader.classpath.ClasspathManager::defineClass@9 (line 733)
  0x0000017ae6e898b8: 44a1 51ff 

  0x0000017ae6e898bc: ;   {other}
  0x0000017ae6e898bc: 0f1f 8400 | 2c45 0066 | bac6 ffff | ff4c 894c | 2448 4889 | 4c24 5044 | 895c 2458 

  0x0000017ae6e898d8: ;   {runtime_call UncommonTrapBlob}
  0x0000017ae6e898d8: c5f8 77e8 

  0x0000017ae6e898dc: ; ImmutableOopMap {[72]=Oop [80]=Oop [88]=NarrowOop [96]=Oop [104]=Oop [112]=Oop [120]=Oop [136]=Oop }
                      ;*invokevirtual keySet {reexecute=0 rethrow=0 return_oop=0}
                      ; - java.util.HashSet::iterator@4
                      ; - java.util.Collections$UnmodifiableCollection$1::<init>@17
                      ; - java.util.Collections$UnmodifiableCollection::iterator@5
                      ; - org.eclipse.osgi.internal.loader.classpath.ClasspathManager::defineClass@258 (line 764)
  0x0000017ae6e898dc: 20a1 51ff 

  0x0000017ae6e898e0: ;   {other}
  0x0000017ae6e898e0: 0f1f 8400 | 5045 0067 | bac6 ffff | ff4c 894c | 2448 4889 | 4c24 504c | 8954 2458 

  0x0000017ae6e898fc: ;   {runtime_call UncommonTrapBlob}
  0x0000017ae6e898fc: c5f8 77e8 

  0x0000017ae6e89900: ; ImmutableOopMap {[72]=Oop [80]=Oop [88]=Oop [96]=Oop [104]=Oop [112]=Oop [120]=Oop [136]=Oop }
                      ;*invokeinterface iterator {reexecute=0 rethrow=0 return_oop=0}
                      ; - java.util.HashSet::iterator@7
                      ; - java.util.Collections$UnmodifiableCollection$1::<init>@17
                      ; - java.util.Collections$UnmodifiableCollection::iterator@5
                      ; - org.eclipse.osgi.internal.loader.classpath.ClasspathManager::defineClass@258 (line 764)
  0x0000017ae6e89900: fca0 51ff 

  0x0000017ae6e89904: ;   {other}
  0x0000017ae6e89904: 0f1f 8400 | 7445 0068 | bac6 ffff | ff4c 896c | 2440 4889 | 5c24 4848 | 8974 2450 | 4489 5c24 
  0x0000017ae6e89924: 5866 6690 

  0x0000017ae6e89928: ;   {runtime_call UncommonTrapBlob}
  0x0000017ae6e89928: c5f8 77e8 

  0x0000017ae6e8992c: ; ImmutableOopMap {[64]=Oop [72]=Oop [80]=Oop [88]=NarrowOop [96]=Oop [104]=Oop [112]=Oop [120]=Oop [136]=Oop }
                      ;*invokevirtual keySet {reexecute=0 rethrow=0 return_oop=0}
                      ; - java.util.HashSet::iterator@4
                      ; - java.util.Collections$UnmodifiableCollection$1::<init>@17
                      ; - java.util.Collections$UnmodifiableCollection::iterator@5
                      ; - org.eclipse.osgi.internal.loader.classpath.ClasspathManager::defineClass@576 (line 788)
  0x0000017ae6e8992c: d0a0 51ff 

  0x0000017ae6e89930: ;   {other}
  0x0000017ae6e89930: 0f1f 8400 | a045 0069 | bac6 ffff | ff4c 896c | 2440 4889 | 5c24 4848 | 8974 2450 | 4c89 5424 
  0x0000017ae6e89950: 5866 6690 

  0x0000017ae6e89954: ;   {runtime_call UncommonTrapBlob}
  0x0000017ae6e89954: c5f8 77e8 

  0x0000017ae6e89958: ; ImmutableOopMap {[64]=Oop [72]=Oop [80]=Oop [88]=Oop [96]=Oop [104]=Oop [112]=Oop [120]=Oop [136]=Oop }
                      ;*invokeinterface iterator {reexecute=0 rethrow=0 return_oop=0}
                      ; - java.util.HashSet::iterator@7
                      ; - java.util.Collections$UnmodifiableCollection$1::<init>@17
                      ; - java.util.Collections$UnmodifiableCollection::iterator@5
                      ; - org.eclipse.osgi.internal.loader.classpath.ClasspathManager::defineClass@576 (line 788)
  0x0000017ae6e89958: a4a0 51ff 

  0x0000017ae6e8995c: ;   {other}
  0x0000017ae6e8995c: 0f1f 8400 | cc45 006a | 4889 4424 | 2048 8b6c | 2468 e9e9 | f1ff ff48 | 8be8 e910 | f2ff ffba 
  0x0000017ae6e8997c: f6ff ffff 

  0x0000017ae6e89980: ;   {runtime_call UncommonTrapBlob}
  0x0000017ae6e89980: c5f8 77e8 

  0x0000017ae6e89984: ; ImmutableOopMap {[96]=Oop [104]=Oop [112]=Oop [120]=Oop [128]=Oop [136]=Oop [144]=Oop }
                      ;*invokevirtual manifestPackageAttributesFor {reexecute=0 rethrow=0 return_oop=0}
                      ; - org.eclipse.osgi.internal.loader.classpath.ClasspathManager::definePackage@77 (line 836)
                      ; - org.eclipse.osgi.internal.loader.classpath.ClasspathManager::defineClass@9 (line 733)
  0x0000017ae6e89984: 78a0 51ff 

  0x0000017ae6e89988: ;   {other}
  0x0000017ae6e89988: 0f1f 8400 | f845 006b | baf6 ffff | ff48 ff74 | 2460 488f | 4424 204c | 8b54 2468 | 4c89 5424 
  0x0000017ae6e899a8: 3044 894c | 2458 8974 | 245c 895c | 2460 894c | 2464 4489 | 4424 6890 

  0x0000017ae6e899c0: ;   {runtime_call UncommonTrapBlob}
  0x0000017ae6e899c0: c5f8 77e8 

  0x0000017ae6e899c4: ; ImmutableOopMap {rbp=NarrowOop [32]=Oop [48]=Oop [88]=NarrowOop [92]=NarrowOop [96]=NarrowOop [100]=NarrowOop [104]=NarrowOop [112]=Oop [120]=Oop [128]=Oop [136]=Oop [144]=Oop }
                      ;*invokevirtual publicDefinePackage {reexecute=0 rethrow=0 return_oop=0}
                      ; - org.eclipse.osgi.internal.loader.classpath.ClasspathManager::definePackage@157 (line 849)
                      ; - org.eclipse.osgi.internal.loader.classpath.ClasspathManager::defineClass@9 (line 733)
  0x0000017ae6e899c4: 38a0 51ff 

  0x0000017ae6e899c8: ;   {other}
  0x0000017ae6e899c8: 0f1f 8400 | 3846 006c | ba45 ffff | ff4c 8b9c | 2488 0000 | 004c 895c | 2428 4c8b | 5c24 684c 
  0x0000017ae6e899e8: 895c 2430 | 4c8b 5c24 | 704c 895c | 2438 4c8b | 5c24 784c | 895c 2440 | 4c8b 5c24 | 604c 895c 
  0x0000017ae6e89a08: 2448 4c8b | 9c24 8000 | 0000 4c89 | 5c24 584c | 8b9c 2490 | 0000 0044 | 8944 246c | 4c89 5c24 
  0x0000017ae6e89a28: 7844 894c | 2474 4c89 | 9c24 8000 | 0000 4489 | 9424 9000 | 0000 899c | 2494 0000 | 0066 6690 
  0x0000017ae6e89a48: ;   {runtime_call UncommonTrapBlob}
  0x0000017ae6e89a48: c5f8 77e8 

  0x0000017ae6e89a4c: ; ImmutableOopMap {[40]=Oop [48]=Oop [56]=Oop [64]=Oop [72]=Oop [88]=Oop [108]=NarrowOop [116]=NarrowOop [120]=Oop [128]=Oop [144]=NarrowOop }
                      ;*ifge {reexecute=1 rethrow=0 return_oop=0}
                      ; - (reexecute) java.util.concurrent.ConcurrentHashMap::get@86
                      ; - java.lang.ClassLoader::getDefinedPackage@13
                      ; - java.lang.ClassLoader::getPackage@2
                      ; - org.eclipse.osgi.internal.loader.ModuleClassLoader::publicGetPackage@9 (line 330)
                      ; - org.eclipse.osgi.internal.loader.classpath.ClasspathManager::definePackage@26 (line 825)
                      ; - org.eclipse.osgi.internal.loader.classpath.ClasspathManager::defineClass@9 (line 733)
  0x0000017ae6e89a4c: b09f 51ff 

  0x0000017ae6e89a50: ;   {other}
  0x0000017ae6e89a50: 0f1f 8400 | c046 006d | 4c89 4424 | 384c 8b54 | 2450 4c89 | 5424 3044 | 8b5c 2424 | 4489 5c24 
  0x0000017ae6e89a70: 2c44 8b54 | 2420 4489 | 5424 284c | 8b54 2460 | 4c89 5424 | 2048 8bac | 2488 0000 

  0x0000017ae6e89a8c: ;   {metadata('java/lang/Object'[])}
  0x0000017ae6e89a8c: 0048 ba70 | 1200 807a | 0100 0041 | b805 0000 | 0066 6690 

  0x0000017ae6e89aa0: ;   {runtime_call _new_array_Java}
  0x0000017ae6e89aa0: c5f8 77e8 

  0x0000017ae6e89aa4: ; ImmutableOopMap {rbp=Oop [32]=Oop [48]=Oop [56]=Oop [104]=Oop [112]=Oop [120]=Oop [128]=Oop }
                      ;*anewarray {reexecute=0 rethrow=0 return_oop=1}
                      ; - java.util.ArrayList::<init>@10
                      ; - org.eclipse.osgi.internal.loader.classpath.ClasspathManager$DefineContext::<init>@10 (line 705)
                      ; - org.eclipse.osgi.internal.loader.classpath.ClasspathManager::defineClass@33 (line 736)
  0x0000017ae6e89aa4: 58a4 5cff 

  0x0000017ae6e89aa8: ;   {other}
  0x0000017ae6e89aa8: 0f1f 8400 | 1847 006e | 4889 ac24 | 8800 0000 | 4c8b 5424 | 204c 8954 | 2460 448b | 5c24 2844 
  0x0000017ae6e89ac8: 895c 2420 | 448b 5424 | 2c44 8954 | 2424 4c8b | 5424 304c | 8954 2450 | 4c8b 4424 | 38e9 c2e6 
  0x0000017ae6e89ae8: ffff 448b | 5c24 2444 | 895c 2430 | 8b6c 2420 

  0x0000017ae6e89af8: ;   {metadata('org/eclipse/osgi/internal/loader/classpath/ClasspathManager$DefineContext')}
  0x0000017ae6e89af8: 48ba 8834 | 1281 7a01 | 0000 6690 

  0x0000017ae6e89b04: ;   {runtime_call _new_instance_Java}
  0x0000017ae6e89b04: c5f8 77e8 

  0x0000017ae6e89b08: ; ImmutableOopMap {[96]=Oop [104]=Oop [112]=Oop [120]=Oop [128]=Oop [136]=Oop }
                      ;*new {reexecute=0 rethrow=0 return_oop=1}
                      ; - org.eclipse.osgi.internal.loader.classpath.ClasspathManager::defineClass@29 (line 736)
  0x0000017ae6e89b08: 74cd 5cff 

  0x0000017ae6e89b0c: ;   {other}
  0x0000017ae6e89b0c: 0f1f 8400 | 7c47 006f | 896c 2420 | 448b 5424 | 3044 8954 | 2424 e9d9 | e5ff ff4c | 8b54 2450 
  0x0000017ae6e89b2c: 4c89 5424 | 3044 8b5c | 2424 4489 | 5c24 2c44 | 8b54 2420 | 4489 5424 

  0x0000017ae6e89b44: ;   {metadata('java/util/ArrayList')}
  0x0000017ae6e89b44: 2848 bae8 | a20b 807a | 0100 0090 

  0x0000017ae6e89b50: ;   {runtime_call _new_instance_Java}
  0x0000017ae6e89b50: c5f8 77e8 

  0x0000017ae6e89b54: ; ImmutableOopMap {[48]=Oop [96]=Oop [104]=Oop [112]=Oop [120]=Oop [128]=Oop [136]=Oop }
                      ;*new {reexecute=0 rethrow=0 return_oop=1}
                      ; - org.eclipse.osgi.internal.loader.classpath.ClasspathManager$DefineContext::<init>@17 (line 706)
                      ; - org.eclipse.osgi.internal.loader.classpath.ClasspathManager::defineClass@33 (line 736)
  0x0000017ae6e89b54: 28cd 5cff 

  0x0000017ae6e89b58: ;   {other}
  0x0000017ae6e89b58: 0f1f 8400 | c847 0070 | 448b 4424 | 2844 8944 | 2420 448b | 5c24 2c44 | 895c 2424 | 4c8b 5c24 
  0x0000017ae6e89b78: 304c 895c | 2450 4c8b | c0e9 a6e6 

  0x0000017ae6e89b84: ;   {metadata('java/util/ArrayList')}
  0x0000017ae6e89b84: ffff 48ba | e8a2 0b80 | 7a01 0000 

  0x0000017ae6e89b90: ;   {runtime_call _new_instance_Java}
  0x0000017ae6e89b90: c5f8 77e8 

  0x0000017ae6e89b94: ; ImmutableOopMap {[80]=Oop [96]=Oop [104]=Oop [112]=Oop [120]=Oop [128]=Oop [136]=Oop }
                      ;*new {reexecute=0 rethrow=0 return_oop=1}
                      ; - org.eclipse.osgi.internal.loader.classpath.ClasspathManager$DefineContext::<init>@5 (line 705)
                      ; - org.eclipse.osgi.internal.loader.classpath.ClasspathManager::defineClass@33 (line 736)
  0x0000017ae6e89b94: e8cc 5cff 

  0x0000017ae6e89b98: ;   {other}
  0x0000017ae6e89b98: 0f1f 8400 | 0848 0071 | 4c8b c0e9 | a1e5 ffff | 4c89 4424 | 384c 8b54 | 2450 4c89 | 5424 3044 
  0x0000017ae6e89bb8: 8b5c 2424 | 4489 5c24 | 2c44 8b54 | 2420 4489 | 5424 284c | 8b54 2460 | 4c89 5424 | 2048 8bac 
  0x0000017ae6e89bd8: 2488 0000 

  0x0000017ae6e89bdc: ;   {metadata('java/lang/Object'[])}
  0x0000017ae6e89bdc: 0048 ba70 | 1200 807a | 0100 0041 | b805 0000 | 0066 6690 

  0x0000017ae6e89bf0: ;   {runtime_call _new_array_Java}
  0x0000017ae6e89bf0: c5f8 77e8 

  0x0000017ae6e89bf4: ; ImmutableOopMap {rbp=Oop [32]=Oop [48]=Oop [56]=Oop [104]=Oop [112]=Oop [120]=Oop [128]=Oop }
                      ;*anewarray {reexecute=0 rethrow=0 return_oop=1}
                      ; - java.util.ArrayList::<init>@10
                      ; - org.eclipse.osgi.internal.loader.classpath.ClasspathManager$DefineContext::<init>@22 (line 706)
                      ; - org.eclipse.osgi.internal.loader.classpath.ClasspathManager::defineClass@33 (line 736)
  0x0000017ae6e89bf4: 08a3 5cff 

  0x0000017ae6e89bf8: ;   {other}
  0x0000017ae6e89bf8: 0f1f 8400 | 6848 0072 | 4889 ac24 | 8800 0000 | 4c8b 5424 | 204c 8954 | 2460 448b | 5c24 2844 
  0x0000017ae6e89c18: 895c 2420 | 448b 5424 | 2c44 8954 | 2424 4c8b | 5424 304c | 8954 2450 | 4c8b 4424 | 38e9 55e6 
  0x0000017ae6e89c38: ffff ba45 | ffff ff4c | 8b9c 2488 | 0000 004c | 895c 2428 | 4c8b 5c24 | 684c 895c | 2430 4c8b 
  0x0000017ae6e89c58: 5c24 704c | 895c 2438 | 4c8b 5c24 | 784c 895c | 2440 4c8b | 5c24 604c | 895c 2448 | 4c8b 9c24 
  0x0000017ae6e89c78: 8000 0000 | 4c89 5c24 | 5844 8944 | 246c 4889 | 7c24 7844 | 894c 2474 | 4889 bc24 | 8000 0000 
  0x0000017ae6e89c98: 4489 9424 | 9000 0000 | 899c 2494 | 0000 0090 

  0x0000017ae6e89ca8: ;   {runtime_call UncommonTrapBlob}
  0x0000017ae6e89ca8: c5f8 77e8 

  0x0000017ae6e89cac: ; ImmutableOopMap {rbp=NarrowOop [40]=Oop [48]=Oop [56]=Oop [64]=Oop [72]=Oop [88]=Oop [108]=NarrowOop [116]=NarrowOop [120]=Oop [128]=Oop [144]=NarrowOop }
                      ;*ifnull {reexecute=1 rethrow=0 return_oop=0}
                      ; - (reexecute) java.util.concurrent.ConcurrentHashMap::get@67
                      ; - java.lang.ClassLoader::getDefinedPackage@13
                      ; - java.lang.ClassLoader::getPackage@2
                      ; - org.eclipse.osgi.internal.loader.ModuleClassLoader::publicGetPackage@9 (line 330)
                      ; - org.eclipse.osgi.internal.loader.classpath.ClasspathManager::definePackage@26 (line 825)
                      ; - org.eclipse.osgi.internal.loader.classpath.ClasspathManager::defineClass@9 (line 733)
  0x0000017ae6e89cac: 509d 51ff 

  0x0000017ae6e89cb0: ;   {other}
  0x0000017ae6e89cb0: 0f1f 8400 | 2049 0073 | ba45 ffff | ff4c 8b94 | 2488 0000 | 004c 8954 | 2428 4c8b | 5424 684c 
  0x0000017ae6e89cd0: 8954 2430 | 4c8b 5424 | 704c 8954 | 2438 4c8b | 5424 784c | 8954 2440 | 4c8b 5424 | 604c 8954 
  0x0000017ae6e89cf0: 2448 4c8b | 9424 8000 | 0000 4c89 | 5424 5844 | 8944 246c | 4489 4c24 | 7489 bc24 | 8800 0000 
  0x0000017ae6e89d10: 4489 9c24 | 8c00 0000 | 899c 2498 | 0000 0090 

  0x0000017ae6e89d20: ;   {runtime_call UncommonTrapBlob}
  0x0000017ae6e89d20: c5f8 77e8 

  0x0000017ae6e89d24: ; ImmutableOopMap {[40]=Oop [48]=Oop [56]=Oop [64]=Oop [72]=Oop [88]=Oop [108]=NarrowOop [116]=NarrowOop [136]=NarrowOop [140]=NarrowOop [144]=Oop }
                      ;*ifge {reexecute=1 rethrow=0 return_oop=0}
                      ; - (reexecute) java.util.concurrent.ConcurrentHashMap::get@86
                      ; - java.lang.ClassLoader::definePackage@47
                      ; - java.lang.ClassLoader::getDefinedPackage@32
                      ; - java.lang.ClassLoader::getPackage@2
                      ; - org.eclipse.osgi.internal.loader.ModuleClassLoader::publicGetPackage@9 (line 330)
                      ; - org.eclipse.osgi.internal.loader.classpath.ClasspathManager::definePackage@26 (line 825)
                      ; - org.eclipse.osgi.internal.loader.classpath.ClasspathManager::defineClass@9 (line 733)
  0x0000017ae6e89d24: d89c 51ff 

  0x0000017ae6e89d28: ;   {other}
  0x0000017ae6e89d28: 0f1f 8400 | 9849 0074 | ba45 ffff | ff4c 8b94 | 2488 0000 | 004c 8954 | 2428 4c8b | 5424 684c 
  0x0000017ae6e89d48: 8954 2430 | 4c8b 5424 | 704c 8954 | 2438 4c8b | 5424 784c | 8954 2440 | 4c8b 5424 | 604c 8954 
  0x0000017ae6e89d68: 2448 4c8b | 9424 8000 | 0000 4c89 | 5424 5844 | 8944 246c | 4489 4c24 | 7489 bc24 | 8800 0000 
  0x0000017ae6e89d88: 4489 9c24 | 8c00 0000 | 899c 2498 | 0000 0090 

  0x0000017ae6e89d98: ;   {runtime_call UncommonTrapBlob}
  0x0000017ae6e89d98: c5f8 77e8 

  0x0000017ae6e89d9c: ; ImmutableOopMap {rbp=NarrowOop [40]=Oop [48]=Oop [56]=Oop [64]=Oop [72]=Oop [88]=Oop [108]=NarrowOop [116]=NarrowOop [136]=NarrowOop [140]=NarrowOop [144]=Oop }
                      ;*ifnull {reexecute=1 rethrow=0 return_oop=0}
                      ; - (reexecute) java.util.concurrent.ConcurrentHashMap::get@67
                      ; - java.lang.ClassLoader::definePackage@47
                      ; - java.lang.ClassLoader::getDefinedPackage@32
                      ; - java.lang.ClassLoader::getPackage@2
                      ; - org.eclipse.osgi.internal.loader.ModuleClassLoader::publicGetPackage@9 (line 330)
                      ; - org.eclipse.osgi.internal.loader.classpath.ClasspathManager::definePackage@26 (line 825)
                      ; - org.eclipse.osgi.internal.loader.classpath.ClasspathManager::defineClass@9 (line 733)
  0x0000017ae6e89d9c: 609c 51ff 

  0x0000017ae6e89da0: ;   {other}
  0x0000017ae6e89da0: 0f1f 8400 | 104a 0075 | ba45 ffff | ff4c 8b54 | 2460 4c89 | 5424 204c | 8b54 2468 | 4c89 5424 
  0x0000017ae6e89dc0: 304c 8b54 | 2470 4c89 | 5424 384c | 8b54 2478 | 4c89 5424 | 404c 894c | 2450 4889 | 4c24 584c 
  0x0000017ae6e89de0: 896c 2468 | 4489 4424 | 704c 896c | 2478 6690 

  0x0000017ae6e89df0: ;   {runtime_call UncommonTrapBlob}
  0x0000017ae6e89df0: c5f8 77e8 

  0x0000017ae6e89df4: ; ImmutableOopMap {[32]=Oop [48]=Oop [56]=Oop [64]=Oop [80]=Oop [88]=Oop [104]=Oop [112]=NarrowOop [120]=Oop [136]=Oop }
                      ;*ifeq {reexecute=1 rethrow=0 return_oop=0}
                      ; - (reexecute) java.util.LinkedHashMap$LinkedHashIterator::<init>@16
                      ; - java.util.LinkedHashMap$LinkedKeyIterator::<init>@3
                      ; - java.util.LinkedHashMap$LinkedKeySet::iterator@12
                      ; - java.util.HashSet::iterator@7
                      ; - java.util.Collections$UnmodifiableCollection$1::<init>@17
                      ; - java.util.Collections$UnmodifiableCollection::iterator@5
                      ; - org.eclipse.osgi.internal.loader.classpath.ClasspathManager::defineClass@258 (line 764)
  0x0000017ae6e89df4: 089c 51ff 

  0x0000017ae6e89df8: ;   {other}
  0x0000017ae6e89df8: 0f1f 8400 | 684a 0076 | ba45 ffff | ff4c 8b54 | 2460 4c89 | 5424 204c | 8b54 2468 | 4c89 5424 
  0x0000017ae6e89e18: 304c 8b54 | 2470 4c89 | 5424 384c | 8b54 2478 | 4c89 5424 | 404c 896c | 2448 4889 | 5c24 5048 
  0x0000017ae6e89e38: 8974 2458 | 4889 4c24 | 6848 894c | 2470 4489 | 4424 7890 

  0x0000017ae6e89e4c: ;   {runtime_call UncommonTrapBlob}
  0x0000017ae6e89e4c: c5f8 77e8 

  0x0000017ae6e89e50: ; ImmutableOopMap {rbp=NarrowOop [32]=Oop [48]=Oop [56]=Oop [64]=Oop [72]=Oop [80]=Oop [88]=Oop [104]=Oop [112]=Oop [136]=Oop }
                      ;*ifeq {reexecute=1 rethrow=0 return_oop=0}
                      ; - (reexecute) java.util.LinkedHashMap$LinkedHashIterator::<init>@16
                      ; - java.util.LinkedHashMap$LinkedKeyIterator::<init>@3
                      ; - java.util.LinkedHashMap$LinkedKeySet::iterator@12
                      ; - java.util.HashSet::iterator@7
                      ; - java.util.Collections$UnmodifiableCollection$1::<init>@17
                      ; - java.util.Collections$UnmodifiableCollection::iterator@5
                      ; - org.eclipse.osgi.internal.loader.classpath.ClasspathManager::defineClass@576 (line 788)
  0x0000017ae6e89e50: ac9b 51ff 

  0x0000017ae6e89e54: ;   {other}
  0x0000017ae6e89e54: 0f1f 8400 | c44a 0077 | 8944 2420 | 488b 6c24 | 68e9 4bed | ffff ba45 | ffff ff90 

  0x0000017ae6e89e70: ;   {runtime_call UncommonTrapBlob}
  0x0000017ae6e89e70: c5f8 77e8 

  0x0000017ae6e89e74: ; ImmutableOopMap {[96]=Oop [104]=Oop [112]=Oop [120]=Oop [128]=Oop [136]=Oop [144]=Oop }
                      ;*ifeq {reexecute=1 rethrow=0 return_oop=0}
                      ; - (reexecute) org.eclipse.osgi.internal.loader.classpath.ClasspathManager::definePackage@71 (line 834)
                      ; - org.eclipse.osgi.internal.loader.classpath.ClasspathManager::defineClass@9 (line 733)
  0x0000017ae6e89e74: 889b 51ff 

  0x0000017ae6e89e78: ;   {other}
  0x0000017ae6e89e78: 0f1f 8400 | e84a 0078 | ba76 ffff | ff48 8944 | 2458 6690 

  0x0000017ae6e89e8c: ;   {runtime_call UncommonTrapBlob}
  0x0000017ae6e89e8c: c5f8 77e8 

  0x0000017ae6e89e90: ; ImmutableOopMap {[64]=Oop [72]=Oop [88]=Oop [96]=Oop [104]=Oop [112]=Oop [120]=Oop [136]=Oop }
                      ;*aload {reexecute=0 rethrow=0 return_oop=0}
                      ; - org.eclipse.osgi.internal.loader.classpath.ClasspathManager::defineClass@303 (line 764)
  0x0000017ae6e89e90: 6c9b 51ff 

  0x0000017ae6e89e94: ;   {other}
  0x0000017ae6e89e94: 0f1f 8400 | 044b 0079 | baf6 ffff | ff48 8944 | 2458 6690 

  0x0000017ae6e89ea8: ;   {runtime_call UncommonTrapBlob}
  0x0000017ae6e89ea8: c5f8 77e8 

  0x0000017ae6e89eac: ; ImmutableOopMap {[64]=Oop [72]=Oop [80]=Oop [88]=Oop [96]=Oop [104]=Oop [112]=Oop [120]=Oop [136]=Oop }
                      ;*invokeinterface hasNext {reexecute=0 rethrow=0 return_oop=0}
                      ; - java.util.Collections$UnmodifiableCollection$1::hasNext@4
                      ; - org.eclipse.osgi.internal.loader.classpath.ClasspathManager::defineClass@613 (line 788)
  0x0000017ae6e89eac: 509b 51ff 

  0x0000017ae6e89eb0: ;   {other}
  0x0000017ae6e89eb0: 0f1f 8400 | 204b 007a | baf6 ffff | ff4c 8b54 | 2448 4c89 | 5424 404c | 8b54 2450 | 4c89 5424 
  0x0000017ae6e89ed0: 4866 6690 

  0x0000017ae6e89ed4: ;   {runtime_call UncommonTrapBlob}
  0x0000017ae6e89ed4: c5f8 77e8 

  0x0000017ae6e89ed8: ; ImmutableOopMap {[64]=Oop [72]=Oop [96]=Oop [104]=Oop [112]=Oop [120]=Oop [136]=Oop }
                      ;*aastore {reexecute=1 rethrow=0 return_oop=0}
                      ; - (reexecute) java.util.ArrayList::add@14
                      ; - java.util.ArrayList::add@20
                      ; - org.eclipse.osgi.internal.loader.classpath.ClasspathManager::defineClass@411 (line 777)
  0x0000017ae6e89ed8: 249b 51ff 

  0x0000017ae6e89edc: ;   {other}
  0x0000017ae6e89edc: 0f1f 8400 | 4c4b 007b | ba45 ffff | ff4c 8b94 | 2488 0000 | 004c 8954 | 2428 4c8b | 5424 684c 
  0x0000017ae6e89efc: 8954 2430 | 4c8b 5424 | 704c 8954 | 2438 4c8b | 5424 784c | 8954 2440 | 4c8b 5424 | 604c 8954 
  0x0000017ae6e89f1c: 2448 4c8b | 9424 8000 | 0000 4c89 | 5424 5844 | 8944 246c | 4c89 5c24 | 7844 894c | 2474 4c89 
  0x0000017ae6e89f3c: 9c24 8000 | 0000 4889 | b424 9000 | 0000 899c | 2498 0000 | 0066 6690 

  0x0000017ae6e89f54: ;   {runtime_call UncommonTrapBlob}
  0x0000017ae6e89f54: c5f8 77e8 

  0x0000017ae6e89f58: ; ImmutableOopMap {rbp=NarrowOop [40]=Oop [48]=Oop [56]=Oop [64]=Oop [72]=Oop [88]=Oop [108]=NarrowOop [116]=NarrowOop [120]=Oop [128]=Oop [144]=Oop }
                      ;*ifnull {reexecute=1 rethrow=0 return_oop=0}
                      ; - (reexecute) java.util.concurrent.ConcurrentHashMap::get@143
                      ; - java.lang.ClassLoader::getDefinedPackage@13
                      ; - java.lang.ClassLoader::getPackage@2
                      ; - org.eclipse.osgi.internal.loader.ModuleClassLoader::publicGetPackage@9 (line 330)
                      ; - org.eclipse.osgi.internal.loader.classpath.ClasspathManager::definePackage@26 (line 825)
                      ; - org.eclipse.osgi.internal.loader.classpath.ClasspathManager::defineClass@9 (line 733)
  0x0000017ae6e89f58: a49a 51ff 

  0x0000017ae6e89f5c: ;   {other}
  0x0000017ae6e89f5c: 0f1f 8400 | cc4b 007c | ba45 ffff | ff48 8b6c | 2460 4c8b | 9c24 8800 | 0000 4c89 | 5c24 204c 
  0x0000017ae6e89f7c: 8b5c 2468 | 4c89 5c24 | 284c 8b5c | 2470 4c89 | 5c24 304c | 8b5c 2478 | 4c89 5c24 | 384c 8b9c 
  0x0000017ae6e89f9c: 2480 0000 | 004c 895c | 2460 8984 | 2494 0000 | 0066 6690 

  0x0000017ae6e89fb0: ;   {runtime_call UncommonTrapBlob}
  0x0000017ae6e89fb0: c5f8 77e8 

  0x0000017ae6e89fb4: ; ImmutableOopMap {rbp=Oop [32]=Oop [40]=Oop [48]=Oop [56]=Oop [80]=Oop [88]=NarrowOop [92]=NarrowOop [96]=Oop [160]=Oop }
                      ;*ifeq {reexecute=1 rethrow=0 return_oop=0}
                      ; - (reexecute) java.util.concurrent.ConcurrentHashMap::get@152
                      ; - java.lang.ClassLoader::getDefinedPackage@13
                      ; - java.lang.ClassLoader::getPackage@2
                      ; - org.eclipse.osgi.internal.loader.ModuleClassLoader::publicGetPackage@9 (line 330)
                      ; - org.eclipse.osgi.internal.loader.classpath.ClasspathManager::definePackage@26 (line 825)
                      ; - org.eclipse.osgi.internal.loader.classpath.ClasspathManager::defineClass@9 (line 733)
  0x0000017ae6e89fb4: 489a 51ff 

  0x0000017ae6e89fb8: ;   {other}
  0x0000017ae6e89fb8: 0f1f 8400 | 284c 007d | ba45 ffff | ff4c 8b94 | 2488 0000 | 004c 8954 | 2428 4c8b | 5424 684c 
  0x0000017ae6e89fd8: 8954 2430 | 4c8b 5424 | 704c 8954 | 2438 4c8b | 5424 784c | 8954 2440 | 4c8b 5424 | 604c 8954 
  0x0000017ae6e89ff8: 2448 4c8b | 9424 8000 | 0000 4c89 | 5424 5844 | 8944 246c | 4489 4c24 | 7489 bc24 | 8800 0000 
  0x0000017ae6e8a018: 4c89 9c24 | 9800 0000 | 899c 248c | 0000 0090 

  0x0000017ae6e8a028: ;   {runtime_call UncommonTrapBlob}
  0x0000017ae6e8a028: c5f8 77e8 

  0x0000017ae6e8a02c: ; ImmutableOopMap {rbp=NarrowOop [40]=Oop [48]=Oop [56]=Oop [64]=Oop [72]=Oop [88]=Oop [108]=NarrowOop [116]=NarrowOop [136]=NarrowOop [144]=Oop [152]=Oop }
                      ;*ifnull {reexecute=1 rethrow=0 return_oop=0}
                      ; - (reexecute) java.util.concurrent.ConcurrentHashMap::get@143
                      ; - java.lang.ClassLoader::definePackage@47
                      ; - java.lang.ClassLoader::getDefinedPackage@32
                      ; - java.lang.ClassLoader::getPackage@2
                      ; - org.eclipse.osgi.internal.loader.ModuleClassLoader::publicGetPackage@9 (line 330)
                      ; - org.eclipse.osgi.internal.loader.classpath.ClasspathManager::definePackage@26 (line 825)
                      ; - org.eclipse.osgi.internal.loader.classpath.ClasspathManager::defineClass@9 (line 733)
  0x0000017ae6e8a02c: d099 51ff 

  0x0000017ae6e8a030: ;   {other}
  0x0000017ae6e8a030: 0f1f 8400 | a04c 007e | ba45 ffff | ff48 8b6c | 2460 4c8b | 9c24 8800 | 0000 4c89 | 5c24 204c 
  0x0000017ae6e8a050: 8b5c 2468 | 4c89 5c24 | 284c 8b5c | 2470 4c89 | 5c24 304c | 8b5c 2478 | 4c89 5c24 | 384c 8b9c 
  0x0000017ae6e8a070: 2480 0000 | 004c 895c | 2460 448b | 9c24 9800 | 0000 4489 | 9c24 8000 | 0000 8984 | 2498 0000 
  0x0000017ae6e8a090: 0066 6690 

  0x0000017ae6e8a094: ;   {runtime_call UncommonTrapBlob}
  0x0000017ae6e8a094: c5f8 77e8 

  0x0000017ae6e8a098: ; ImmutableOopMap {rbp=Oop [32]=Oop [40]=Oop [48]=Oop [56]=Oop [80]=Oop [88]=NarrowOop [92]=NarrowOop [96]=Oop [128]=NarrowOop [160]=Oop }
                      ;*ifeq {reexecute=1 rethrow=0 return_oop=0}
                      ; - (reexecute) java.util.concurrent.ConcurrentHashMap::get@152
                      ; - java.lang.ClassLoader::definePackage@47
                      ; - java.lang.ClassLoader::getDefinedPackage@32
                      ; - java.lang.ClassLoader::getPackage@2
                      ; - org.eclipse.osgi.internal.loader.ModuleClassLoader::publicGetPackage@9 (line 330)
                      ; - org.eclipse.osgi.internal.loader.classpath.ClasspathManager::definePackage@26 (line 825)
                      ; - org.eclipse.osgi.internal.loader.classpath.ClasspathManager::defineClass@9 (line 733)
  0x0000017ae6e8a098: 6499 51ff 

  0x0000017ae6e8a09c: ;   {other}
  0x0000017ae6e8a09c: 0f1f 8400 | 0c4d 007f | ba3d ffff | ff4c 8b54 | 2460 4c89 | 5424 204c | 8b54 2468 | 4c89 5424 
  0x0000017ae6e8a0bc: 304c 8b54 | 2470 4c89 | 5424 384c | 8b54 2478 | 4c89 5424 | 404c 896c | 2470 4489 | 4424 6c44 
  0x0000017ae6e8a0dc: 894c 247c 

  0x0000017ae6e8a0e0: ;   {runtime_call UncommonTrapBlob}
  0x0000017ae6e8a0e0: c5f8 77e8 

  0x0000017ae6e8a0e4: ; ImmutableOopMap {[32]=Oop [48]=Oop [56]=Oop [64]=Oop [72]=Oop [80]=Oop [112]=Oop [136]=Oop [152]=Oop }
                      ;*if_icmpge {reexecute=1 rethrow=0 return_oop=0}
                      ; - (reexecute) jdk.internal.util.ArraysSupport::newLength@10
                      ; - java.util.ArrayList::grow@27
                      ; - java.util.ArrayList::grow@7
                      ; - java.util.ArrayList::add@7
                      ; - java.util.ArrayList::add@20
                      ; - org.eclipse.osgi.internal.loader.classpath.ClasspathManager::defineClass@411 (line 777)
  0x0000017ae6e8a0e4: 1899 51ff 

  0x0000017ae6e8a0e8: ;   {other}
  0x0000017ae6e8a0e8: 0f1f 8400 | 584d 0080 | bade ffff | ff66 6690 

  0x0000017ae6e8a0f8: ;   {runtime_call UncommonTrapBlob}
  0x0000017ae6e8a0f8: c5f8 77e8 

  0x0000017ae6e8a0fc: ; ImmutableOopMap {rbp=NarrowOop [80]=Oop [96]=Oop [104]=Oop [112]=Oop [120]=Oop [128]=Oop [136]=Oop }
                      ;*invokevirtual set {reexecute=0 rethrow=0 return_oop=0}
                      ; - org.eclipse.osgi.internal.loader.classpath.ClasspathManager::defineClass@44 (line 737)
  0x0000017ae6e8a0fc: 0099 51ff 

  0x0000017ae6e8a100: ;   {other}
  0x0000017ae6e8a100: 0f1f 8400 | 704d 0081 | bacc ffff | ff4c 8b5c | 2460 4c89 | 5c24 204c | 8b5c 2468 | 4c89 5c24 
  0x0000017ae6e8a120: 304c 8b5c | 2470 4c89 | 5c24 3844 | 894c 2458 | 4489 5424 | 5c44 8b94 | 2494 0000 | 0089 5c24 
  0x0000017ae6e8a140: 6c44 8954 | 2470 4489 | 5424 7490 

  0x0000017ae6e8a14c: ;   {runtime_call UncommonTrapBlob}
  0x0000017ae6e8a14c: c5f8 77e8 

  0x0000017ae6e8a150: ; ImmutableOopMap {[32]=Oop [48]=Oop [56]=Oop [72]=Oop [80]=Oop [112]=NarrowOop [116]=NarrowOop [120]=Oop [128]=Oop [136]=Oop }
                      ;*invokestatic arraycopy {reexecute=0 rethrow=0 return_oop=0}
                      ; - java.util.ArrayList::fastRemove@31
                      ; - java.util.ArrayList::remove@71
                      ; - org.eclipse.osgi.internal.loader.classpath.ClasspathManager::defineClass@455 (line 781)
  0x0000017ae6e8a150: ac98 51ff 

  0x0000017ae6e8a154: ;   {other}
  0x0000017ae6e8a154: 0f1f 8400 | c44d 0082 | bade ffff | ff4c 8b54 | 2468 4c89 | 5424 304c | 8b54 2470 | 4c89 5424 
  0x0000017ae6e8a174: 384c 8b54 | 2478 4c89 | 5424 404c | 8b54 2460 | 4c89 5424 | 484c 8b94 | 2480 0000 | 004c 8954 
  0x0000017ae6e8a194: 2458 4489 | 4424 6c44 | 894c 2474 

  0x0000017ae6e8a1a0: ;   {runtime_call UncommonTrapBlob}
  0x0000017ae6e8a1a0: c5f8 77e8 

  0x0000017ae6e8a1a4: ; ImmutableOopMap {rbp=NarrowOop [48]=Oop [56]=Oop [64]=Oop [72]=Oop [88]=Oop [108]=NarrowOop [116]=NarrowOop [136]=Oop [144]=Oop }
                      ;*checkcast {reexecute=0 rethrow=0 return_oop=0}
                      ; - java.lang.ClassLoader::getDefinedPackage@16
                      ; - java.lang.ClassLoader::getPackage@2
                      ; - org.eclipse.osgi.internal.loader.ModuleClassLoader::publicGetPackage@9 (line 330)
                      ; - org.eclipse.osgi.internal.loader.classpath.ClasspathManager::definePackage@26 (line 825)
                      ; - org.eclipse.osgi.internal.loader.classpath.ClasspathManager::defineClass@9 (line 733)
  0x0000017ae6e8a1a4: 5898 51ff 

  0x0000017ae6e8a1a8: ;   {other}
  0x0000017ae6e8a1a8: 0f1f 8400 | 184e 0083 | bade ffff | ff4c 896c | 2448 4889 | 5c24 5048 | 8974 2458 

  0x0000017ae6e8a1c4: ;   {runtime_call UncommonTrapBlob}
  0x0000017ae6e8a1c4: c5f8 77e8 

  0x0000017ae6e8a1c8: ; ImmutableOopMap {rbp=NarrowOop [72]=Oop [80]=Oop [88]=Oop [96]=Oop [104]=Oop [112]=Oop [120]=Oop [136]=Oop }
                      ;*checkcast {reexecute=0 rethrow=0 return_oop=0}
                      ; - java.util.LinkedHashMap::sequencedKeySet@27
                      ; - java.util.LinkedHashMap::keySet@1
                      ; - java.util.HashSet::iterator@4
                      ; - java.util.Collections$UnmodifiableCollection$1::<init>@17
                      ; - java.util.Collections$UnmodifiableCollection::iterator@5
                      ; - org.eclipse.osgi.internal.loader.classpath.ClasspathManager::defineClass@576 (line 788)
  0x0000017ae6e8a1c8: 3498 51ff 

  0x0000017ae6e8a1cc: ;   {other}
  0x0000017ae6e8a1cc: 0f1f 8400 | 3c4e 0084 | bade ffff | ff4c 894c | 2450 4889 | 4c24 5890 

  0x0000017ae6e8a1e4: ;   {runtime_call UncommonTrapBlob}
  0x0000017ae6e8a1e4: c5f8 77e8 

  0x0000017ae6e8a1e8: ; ImmutableOopMap {rbp=NarrowOop [80]=Oop [88]=Oop [96]=Oop [104]=Oop [112]=Oop [120]=Oop [136]=Oop }
                      ;*checkcast {reexecute=0 rethrow=0 return_oop=0}
                      ; - java.util.LinkedHashMap::sequencedKeySet@27
                      ; - java.util.LinkedHashMap::keySet@1
                      ; - java.util.HashSet::iterator@4
                      ; - java.util.Collections$UnmodifiableCollection$1::<init>@17
                      ; - java.util.Collections$UnmodifiableCollection::iterator@5
                      ; - org.eclipse.osgi.internal.loader.classpath.ClasspathManager::defineClass@258 (line 764)
  0x0000017ae6e8a1e8: 1498 51ff 

  0x0000017ae6e8a1ec: ;   {other}
  0x0000017ae6e8a1ec: 0f1f 8400 | 5c4e 0085 | bade ffff | ff4c 8b5c | 2460 4c89 | 5c24 204c | 8b5c 2468 | 4c89 5c24 
  0x0000017ae6e8a20c: 304c 8b5c | 2470 4c89 | 5c24 384c | 8974 2448 | 4c89 6c24 | 50c5 fa11 | 5c24 6c44 | 8954 2470 
  0x0000017ae6e8a22c: ;   {runtime_call UncommonTrapBlob}
  0x0000017ae6e8a22c: c5f8 77e8 

  0x0000017ae6e8a230: ; ImmutableOopMap {rbp=NarrowOop [32]=Oop [48]=Oop [56]=Oop [72]=Oop [80]=Oop [108]=NarrowOop [120]=Oop [136]=Oop }
                      ;*instanceof {reexecute=0 rethrow=0 return_oop=0}
                      ; - java.lang.String::equals@8
                      ; - java.util.ArrayList::indexOfRange@54
                      ; - java.util.ArrayList::indexOf@7
                      ; - java.util.ArrayList::contains@2
                      ; - org.eclipse.osgi.internal.loader.classpath.ClasspathManager::defineClass@319 (line 773)
  0x0000017ae6e8a230: cc97 51ff 

  0x0000017ae6e8a234: ;   {other}
  0x0000017ae6e8a234: 0f1f 8400 | a44e 0086 | bade ffff | ff48 8b6c | 2460 4c8b | 9c24 8800 | 0000 4c89 | 5c24 204c 
  0x0000017ae6e8a254: 8b5c 2468 | 4c89 5c24 | 284c 8b5c | 2470 4c89 | 5c24 304c | 8b5c 2478 | 4c89 5c24 | 384c 8b5c 
  0x0000017ae6e8a274: 2448 4c89 | 5c24 4048 | ff74 2450 | 488f 4424 | 4844 8954 | 2458 895c | 2468 6690 

  0x0000017ae6e8a290: ;   {runtime_call UncommonTrapBlob}
  0x0000017ae6e8a290: c5f8 77e8 

  0x0000017ae6e8a294: ; ImmutableOopMap {rbp=Oop [32]=Oop [40]=Oop [48]=Oop [56]=Oop [64]=Oop [72]=Oop [104]=NarrowOop [128]=Oop [148]=NarrowOop }
                      ;*instanceof {reexecute=0 rethrow=0 return_oop=0}
                      ; - java.lang.String::equals@8
                      ; - java.util.ArrayList::remove@50
                      ; - org.eclipse.osgi.internal.loader.classpath.ClasspathManager::defineClass@455 (line 781)
  0x0000017ae6e8a294: 6897 51ff 

  0x0000017ae6e8a298: ;   {other}
  0x0000017ae6e8a298: 0f1f 8400 | 084f 0087 | bade ffff | ff48 8b6c | 2460 4c8b | 5424 684c | 8954 2428 | 4c8b 5424 
  0x0000017ae6e8a2b8: 384c 8954 | 2430 4c8b | 5424 784c | 8954 2438 | 4889 4424 | 7866 6690 

  0x0000017ae6e8a2d0: ;   {runtime_call UncommonTrapBlob}
  0x0000017ae6e8a2d0: c5f8 77e8 

  0x0000017ae6e8a2d4: ; ImmutableOopMap {rbp=Oop [40]=Oop [48]=Oop [56]=Oop [80]=NarrowOop [84]=NarrowOop [120]=Oop [128]=Oop [136]=Oop [144]=Oop }
                      ;*checkcast {reexecute=0 rethrow=0 return_oop=0}
                      ; - java.lang.ClassLoader::definePackage@81
                      ; - java.lang.ClassLoader::getDefinedPackage@32
                      ; - java.lang.ClassLoader::getPackage@2
                      ; - org.eclipse.osgi.internal.loader.ModuleClassLoader::publicGetPackage@9 (line 330)
                      ; - org.eclipse.osgi.internal.loader.classpath.ClasspathManager::definePackage@26 (line 825)
                      ; - org.eclipse.osgi.internal.loader.classpath.ClasspathManager::defineClass@9 (line 733)
  0x0000017ae6e8a2d4: 2897 51ff 

  0x0000017ae6e8a2d8: ;   {other}
  0x0000017ae6e8a2d8: 0f1f 8400 | 484f 0088 | bade ffff | ff4c 894c | 2448 6690 

  0x0000017ae6e8a2ec: ;   {runtime_call UncommonTrapBlob}
  0x0000017ae6e8a2ec: c5f8 77e8 

  0x0000017ae6e8a2f0: ; ImmutableOopMap {[72]=Oop [96]=Oop [104]=Oop [112]=Oop [120]=Oop [128]=Oop [136]=Oop }
                      ;*checkcast {reexecute=0 rethrow=0 return_oop=0}
                      ; - org.eclipse.osgi.internal.loader.classpath.ClasspathManager::defineClass@19 (line 734)
  0x0000017ae6e8a2f0: 0c97 51ff 

  0x0000017ae6e8a2f4: ;   {other}
  0x0000017ae6e8a2f4: 0f1f 8400 | 644f 0089 | baf4 ffff | ff4c 8b54 | 2448 4c89 | 5424 404c | 8b54 2450 | 4c89 5424 
  0x0000017ae6e8a314: 484c 8b54 | 2458 4c89 | 5424 5090 

  0x0000017ae6e8a320: ;   {runtime_call UncommonTrapBlob}
  0x0000017ae6e8a320: c5f8 77e8 

  0x0000017ae6e8a324: ; ImmutableOopMap {[64]=Oop [72]=Oop [80]=Oop [96]=Oop [104]=Oop [112]=Oop [120]=Oop [128]=Oop [136]=Oop }
                      ;*checkcast {reexecute=0 rethrow=0 return_oop=0}
                      ; - org.eclipse.osgi.internal.loader.classpath.ClasspathManager::defineClass@593 (line 788)
  0x0000017ae6e8a324: d896 51ff 

  0x0000017ae6e8a328: ;   {other}
  0x0000017ae6e8a328: 0f1f 8400 | 984f 008a | baf6 ffff | ff48 8b6c | 2460 6690 

  0x0000017ae6e8a33c: ;   {runtime_call UncommonTrapBlob}
  0x0000017ae6e8a33c: c5f8 77e8 

  0x0000017ae6e8a340: ; ImmutableOopMap {rbp=Oop [104]=Oop [112]=Oop [120]=Oop [128]=Oop [136]=Oop }
                      ;*invokevirtual lastIndexOf {reexecute=0 rethrow=0 return_oop=0}
                      ; - org.eclipse.osgi.internal.loader.classpath.ClasspathManager::definePackage@3 (line 820)
                      ; - org.eclipse.osgi.internal.loader.classpath.ClasspathManager::defineClass@9 (line 733)
  0x0000017ae6e8a340: bc96 51ff 

  0x0000017ae6e8a344: ;   {other}
  0x0000017ae6e8a344: 0f1f 8400 | b44f 008b | baf6 ffff | ff48 8b6c | 2460 6690 

  0x0000017ae6e8a358: ;   {runtime_call UncommonTrapBlob}
  0x0000017ae6e8a358: c5f8 77e8 

  0x0000017ae6e8a35c: ; ImmutableOopMap {rbp=Oop [104]=Oop [112]=Oop [120]=Oop [128]=Oop [136]=Oop }
                      ;*arraylength {reexecute=0 rethrow=0 return_oop=0}
                      ; - java.lang.String::length@4
                      ; - java.lang.String::lastIndexOf@3
                      ; - org.eclipse.osgi.internal.loader.classpath.ClasspathManager::definePackage@3 (line 820)
                      ; - org.eclipse.osgi.internal.loader.classpath.ClasspathManager::defineClass@9 (line 733)
  0x0000017ae6e8a35c: a096 51ff 

  0x0000017ae6e8a360: ;   {other}
  0x0000017ae6e8a360: 0f1f 8400 | d04f 008c | baf6 ffff | ff49 8bea 

  0x0000017ae6e8a370: ;   {runtime_call UncommonTrapBlob}
  0x0000017ae6e8a370: c5f8 77e8 

  0x0000017ae6e8a374: ; ImmutableOopMap {rbp=Oop [104]=Oop [112]=Oop [120]=Oop [128]=Oop [136]=Oop [144]=Oop }
                      ;*invokevirtual publicGetPackage {reexecute=0 rethrow=0 return_oop=0}
                      ; - org.eclipse.osgi.internal.loader.classpath.ClasspathManager::definePackage@26 (line 825)
                      ; - org.eclipse.osgi.internal.loader.classpath.ClasspathManager::defineClass@9 (line 733)
  0x0000017ae6e8a374: 8896 51ff 

  0x0000017ae6e8a378: ;   {other}
  0x0000017ae6e8a378: 0f1f 8400 | e84f 008d | baf6 ffff | ff66 6690 

  0x0000017ae6e8a388: ;   {runtime_call UncommonTrapBlob}
  0x0000017ae6e8a388: c5f8 77e8 

  0x0000017ae6e8a38c: ; ImmutableOopMap {[96]=Oop [104]=Oop [112]=Oop [120]=Oop [128]=Oop [136]=Oop }
                      ;*invokevirtual get {reexecute=0 rethrow=0 return_oop=0}
                      ; - org.eclipse.osgi.internal.loader.classpath.ClasspathManager::defineClass@16 (line 734)
  0x0000017ae6e8a38c: 7096 51ff 

  0x0000017ae6e8a390: ;   {other}
  0x0000017ae6e8a390: 0f1f 8400 | 0050 008e | baf6 ffff | ff4c 894c | 2440 6690 

  0x0000017ae6e8a3a4: ;   {runtime_call UncommonTrapBlob}
  0x0000017ae6e8a3a4: c5f8 77e8 

  0x0000017ae6e8a3a8: ; ImmutableOopMap {[64]=Oop [96]=Oop [104]=Oop [112]=Oop [120]=Oop [128]=Oop [136]=Oop }
                      ;*invokevirtual getContainer {reexecute=0 rethrow=0 return_oop=0}
                      ; - org.eclipse.osgi.internal.loader.classpath.ClasspathManager::defineClass@51 (line 741)
  0x0000017ae6e8a3a8: 5496 51ff 

  0x0000017ae6e8a3ac: ;   {other}
  0x0000017ae6e8a3ac: 0f1f 8400 | 1c50 008f | baf6 ffff | ff4c 894c | 2440 6690 

  0x0000017ae6e8a3c0: ;   {runtime_call UncommonTrapBlob}
  0x0000017ae6e8a3c0: c5f8 77e8 

  0x0000017ae6e8a3c4: ; ImmutableOopMap {[64]=Oop [96]=Oop [104]=Oop [112]=Oop [120]=Oop [128]=Oop [136]=Oop }
                      ;*invokevirtual isProcessClassRecursionSupportedByAll {reexecute=0 rethrow=0 return_oop=0}
                      ; - org.eclipse.osgi.internal.loader.classpath.ClasspathManager::defineClass@54 (line 741)
  0x0000017ae6e8a3c4: 3896 51ff 

  0x0000017ae6e8a3c8: ;   {other}
  0x0000017ae6e8a3c8: 0f1f 8400 | 3850 0090 | baf6 ffff | ff4c 894c | 2440 6690 

  0x0000017ae6e8a3dc: ;   {runtime_call UncommonTrapBlob}
  0x0000017ae6e8a3dc: c5f8 77e8 

  0x0000017ae6e8a3e0: ; ImmutableOopMap {[64]=Oop [96]=Oop [104]=Oop [112]=Oop [120]=Oop [136]=Oop }
                      ;*invokeinterface iterator {reexecute=0 rethrow=0 return_oop=0}
                      ; - org.eclipse.osgi.internal.loader.classpath.ClasspathManager::defineClass@258 (line 764)
  0x0000017ae6e8a3e0: 1c96 51ff 

  0x0000017ae6e8a3e4: ;   {other}
  0x0000017ae6e8a3e4: 0f1f 8400 | 5450 0091 | baf6 ffff | ff48 894c | 2440 4c89 | 4c24 4890 

  0x0000017ae6e8a3fc: ;   {runtime_call UncommonTrapBlob}
  0x0000017ae6e8a3fc: c5f8 77e8 

  0x0000017ae6e8a400: ; ImmutableOopMap {[64]=Oop [72]=Oop [96]=Oop [104]=Oop [112]=Oop [120]=Oop [136]=Oop }
                      ;*invokeinterface iterator {reexecute=0 rethrow=0 return_oop=0}
                      ; - java.util.Collections$UnmodifiableCollection$1::<init>@17
                      ; - java.util.Collections$UnmodifiableCollection::iterator@5
                      ; - org.eclipse.osgi.internal.loader.classpath.ClasspathManager::defineClass@258 (line 764)
  0x0000017ae6e8a400: fc95 51ff 

  0x0000017ae6e8a404: ;   {other}
  0x0000017ae6e8a404: 0f1f 8400 | 7450 0092 | baf6 ffff | ff48 894c | 2440 4c89 | 4c24 4890 

  0x0000017ae6e8a41c: ;   {runtime_call UncommonTrapBlob}
  0x0000017ae6e8a41c: c5f8 77e8 

  0x0000017ae6e8a420: ; ImmutableOopMap {[64]=Oop [72]=Oop [96]=Oop [104]=Oop [112]=Oop [120]=Oop [136]=Oop }
                      ;*invokeinterface contains {reexecute=0 rethrow=0 return_oop=0}
                      ; - org.eclipse.osgi.internal.loader.classpath.ClasspathManager::defineClass@319 (line 773)
  0x0000017ae6e8a420: dc95 51ff 

  0x0000017ae6e8a424: ;   {other}
  0x0000017ae6e8a424: 0f1f 8400 | 9450 0093 | baf6 ffff | ff48 894c | 2440 4c89 | 4c24 4890 

  0x0000017ae6e8a43c: ;   {runtime_call UncommonTrapBlob}
  0x0000017ae6e8a43c: c5f8 77e8 

  0x0000017ae6e8a440: ; ImmutableOopMap {[64]=Oop [72]=Oop [96]=Oop [104]=Oop [112]=Oop [120]=Oop [136]=Oop }
                      ;*arraylength {reexecute=0 rethrow=0 return_oop=0}
                      ; - java.util.ArrayList::add@2
                      ; - java.util.ArrayList::add@20
                      ; - org.eclipse.osgi.internal.loader.classpath.ClasspathManager::defineClass@411 (line 777)
  0x0000017ae6e8a440: bc95 51ff 

  0x0000017ae6e8a444: ;   {other}
  0x0000017ae6e8a444: 0f1f 8400 | b450 0094 | baf6 ffff | ff48 8b6c | 2460 4c8b | 5424 704c | 8954 2430 | 4889 4c24 
  0x0000017ae6e8a464: 404c 894c | 2448 6690 

  0x0000017ae6e8a46c: ;   {runtime_call UncommonTrapBlob}
  0x0000017ae6e8a46c: c5f8 77e8 

  0x0000017ae6e8a470: ; ImmutableOopMap {rbp=Oop [48]=Oop [64]=Oop [72]=Oop [104]=Oop [120]=Oop [136]=Oop }
                      ;*invokevirtual defineClass {reexecute=0 rethrow=0 return_oop=0}
                      ; - org.eclipse.osgi.internal.loader.classpath.ClasspathManager::defineClass@424 (line 779)
  0x0000017ae6e8a470: 8c95 51ff 

  0x0000017ae6e8a474: ;   {other}
  0x0000017ae6e8a474: 0f1f 8400 | e450 0095 | baf6 ffff | ff48 8b6c | 2460 4c8b | 5424 704c | 8954 2430 | 4c8b 5424 
  0x0000017ae6e8a494: 784c 8954 | 2438 4c8b | 5424 484c | 8954 2440 | 4c8b 5424 | 504c 8954 | 2448 4c8b | 5424 684c 
  0x0000017ae6e8a4b4: 8954 2458 | 4c89 4424 | 7866 6690 

  0x0000017ae6e8a4c0: ;   {runtime_call UncommonTrapBlob}
  0x0000017ae6e8a4c0: c5f8 77e8 

  0x0000017ae6e8a4c4: ; ImmutableOopMap {rbp=Oop [48]=Oop [56]=Oop [64]=Oop [72]=Oop [88]=Oop [120]=Oop [136]=Oop [144]=NarrowOop }
                      ;*arraylength {reexecute=0 rethrow=0 return_oop=0}
                      ; - java.lang.String::isEmpty@4
                      ; - java.lang.ClassLoader::checkName@5
                      ; - java.lang.ClassLoader::findLoadedClass@1
                      ; - org.eclipse.osgi.internal.loader.ModuleClassLoader::defineClass@17 (line 313)
                      ; - org.eclipse.osgi.internal.loader.classpath.ClasspathManager::defineClass@424 (line 779)
  0x0000017ae6e8a4c4: 3895 51ff 

  0x0000017ae6e8a4c8: ;   {other}
  0x0000017ae6e8a4c8: 0f1f 8400 | 3851 0096 | baf6 ffff | ff48 8b6c | 2460 4c8b | 5424 704c | 8954 2430 | 4c8b 5424 
  0x0000017ae6e8a4e8: 784c 8954 | 2438 4c8b | 5424 484c | 8954 2440 | 4c8b 5424 | 504c 8954 | 2448 4c89 | 5c24 504c 
  0x0000017ae6e8a508: 8b54 2468 | 4c89 5424 | 584c 8944 | 2478 6690 

  0x0000017ae6e8a518: ;   {runtime_call UncommonTrapBlob}
  0x0000017ae6e8a518: c5f8 77e8 

  0x0000017ae6e8a51c: ; ImmutableOopMap {rbp=Oop [48]=Oop [56]=Oop [64]=Oop [72]=Oop [80]=Oop [88]=Oop [120]=Oop [144]=NarrowOop }
                      ;*arraylength {reexecute=0 rethrow=0 return_oop=0}
                      ; - java.lang.StringLatin1::charAt@2
                      ; - java.lang.String::charAt@12
                      ; - java.lang.ClassLoader::checkName@25
                      ; - java.lang.ClassLoader::findLoadedClass@1
                      ; - org.eclipse.osgi.internal.loader.ModuleClassLoader::defineClass@17 (line 313)
                      ; - org.eclipse.osgi.internal.loader.classpath.ClasspathManager::defineClass@424 (line 779)
  0x0000017ae6e8a51c: e094 51ff 

  0x0000017ae6e8a520: ;   {other}
  0x0000017ae6e8a520: 0f1f 8400 | 9051 0097 | baf6 ffff | ff4c 8b94 | 2488 0000 | 004c 8954 | 2420 4c8b | 5424 484c 
  0x0000017ae6e8a540: 8954 2440 | 4c89 6c24 | 4866 6690 

  0x0000017ae6e8a54c: ;   {runtime_call UncommonTrapBlob}
  0x0000017ae6e8a54c: c5f8 77e8 

  0x0000017ae6e8a550: ; ImmutableOopMap {[32]=Oop [64]=Oop [72]=Oop [96]=Oop [104]=Oop [112]=Oop [120]=Oop }
                      ;*invokeinterface remove {reexecute=0 rethrow=0 return_oop=0}
                      ; - org.eclipse.osgi.internal.loader.classpath.ClasspathManager::defineClass@455 (line 781)
  0x0000017ae6e8a550: ac94 51ff 

  0x0000017ae6e8a554: ;   {other}
  0x0000017ae6e8a554: 0f1f 8400 | c451 0098 | baf6 ffff | ff4c 896c | 2440 4889 | 5c24 4890 

  0x0000017ae6e8a56c: ;   {runtime_call UncommonTrapBlob}
  0x0000017ae6e8a56c: c5f8 77e8 

  0x0000017ae6e8a570: ; ImmutableOopMap {[64]=Oop [72]=Oop [96]=Oop [104]=Oop [112]=Oop [120]=Oop [136]=Oop }
                      ;*invokeinterface iterator {reexecute=0 rethrow=0 return_oop=0}
                      ; - java.util.Collections$UnmodifiableCollection$1::<init>@17
                      ; - java.util.Collections$UnmodifiableCollection::iterator@5
                      ; - org.eclipse.osgi.internal.loader.classpath.ClasspathManager::defineClass@576 (line 788)
  0x0000017ae6e8a570: 8c94 51ff 

  0x0000017ae6e8a574: ;   {other}
  0x0000017ae6e8a574: 0f1f 8400 | e451 0099 | baf6 ffff | ff66 6690 

  0x0000017ae6e8a584: ;   {runtime_call UncommonTrapBlob}
  0x0000017ae6e8a584: c5f8 77e8 

  0x0000017ae6e8a588: ; ImmutableOopMap {[96]=Oop [104]=Oop [112]=Oop [120]=Oop [128]=Oop [136]=Oop }
                      ;*arraylength {reexecute=0 rethrow=0 return_oop=0}
                      ; - java.lang.ThreadLocal$ThreadLocalMap::getEntry@8
                      ; - java.lang.ThreadLocal::get@12
                      ; - java.lang.ThreadLocal::get@4
                      ; - org.eclipse.osgi.internal.loader.classpath.ClasspathManager::defineClass@16 (line 734)
  0x0000017ae6e8a588: 7494 51ff 

  0x0000017ae6e8a58c: ;   {other}
  0x0000017ae6e8a58c: 0f1f 8400 | fc51 009a | baf6 ffff | ff48 8b6c | 2460 4c8b | 9c24 8800 | 0000 48ff | 7424 6848 
  0x0000017ae6e8a5ac: 8f44 2428 | 4c8b 5424 | 404c 8954 | 2430 4c8b | 5424 484c | 8954 2440 | 4c8b 5424 | 504c 8954 
  0x0000017ae6e8a5cc: 2448 4c89 | 5c24 584c | 8b94 2498 | 0000 004c | 8954 2460 

  0x0000017ae6e8a5e0: ;   {runtime_call UncommonTrapBlob}
  0x0000017ae6e8a5e0: c5f8 77e8 

  0x0000017ae6e8a5e4: ; ImmutableOopMap {rbp=Oop [40]=Oop [48]=Oop [64]=Oop [72]=Oop [88]=Oop [96]=Oop [120]=Oop [136]=Oop [144]=NarrowOop }
                      ;*arraylength {reexecute=0 rethrow=0 return_oop=0}
                      ; - org.eclipse.osgi.internal.loader.ModuleClassLoader::defineClass@32 (line 315)
                      ; - org.eclipse.osgi.internal.loader.classpath.ClasspathManager::defineClass@424 (line 779)
  0x0000017ae6e8a5e4: 1894 51ff 

  0x0000017ae6e8a5e8: ;   {other}
  0x0000017ae6e8a5e8: 0f1f 8400 | 5852 009b | baf6 ffff | ff48 8b6c | 2460 4c8b | 8424 8800 | 0000 4c89 | 5c24 304c 
  0x0000017ae6e8a608: 8b5c 2448 | 4c89 5c24 | 404c 8b5c | 2450 4c89 | 5c24 484d | 8bd8 4c89 | 5c24 5048 | ff74 2468 
  0x0000017ae6e8a628: 488f 4424 | 584c 8b94 | 2498 0000 | 004c 8954 | 2460 8974 | 246c 6690 

  0x0000017ae6e8a640: ;   {runtime_call UncommonTrapBlob}
  0x0000017ae6e8a640: c5f8 77e8 

  0x0000017ae6e8a644: ; ImmutableOopMap {rbp=Oop [48]=Oop [64]=Oop [72]=Oop [80]=Oop [88]=Oop [96]=Oop [120]=Oop [136]=Oop [144]=NarrowOop }
                      ;*invokevirtual getDomain {reexecute=0 rethrow=0 return_oop=0}
                      ; - org.eclipse.osgi.internal.loader.ModuleClassLoader::defineClass@34 (line 315)
                      ; - org.eclipse.osgi.internal.loader.classpath.ClasspathManager::defineClass@424 (line 779)
  0x0000017ae6e8a644: b893 51ff 

  0x0000017ae6e8a648: ;   {other}
  0x0000017ae6e8a648: 0f1f 8400 | b852 009c | baf6 ffff | ff48 894c | 2440 4c89 | 4c24 4890 

  0x0000017ae6e8a660: ;   {runtime_call UncommonTrapBlob}
  0x0000017ae6e8a660: c5f8 77e8 

  0x0000017ae6e8a664: ; ImmutableOopMap {[64]=Oop [72]=Oop [96]=Oop [104]=Oop [112]=Oop [120]=Oop [136]=Oop }
                      ;*invokevirtual keySet {reexecute=0 rethrow=0 return_oop=0}
                      ; - java.util.HashSet::iterator@4
                      ; - java.util.Collections$UnmodifiableCollection$1::<init>@17
                      ; - java.util.Collections$UnmodifiableCollection::iterator@5
                      ; - org.eclipse.osgi.internal.loader.classpath.ClasspathManager::defineClass@258 (line 764)
  0x0000017ae6e8a664: 9893 51ff 

  0x0000017ae6e8a668: ;   {other}
  0x0000017ae6e8a668: 0f1f 8400 | d852 009d | baf6 ffff | ff4c 896c | 2440 4889 | 5c24 4890 

  0x0000017ae6e8a680: ;   {runtime_call UncommonTrapBlob}
  0x0000017ae6e8a680: c5f8 77e8 

  0x0000017ae6e8a684: ; ImmutableOopMap {[64]=Oop [72]=Oop [96]=Oop [104]=Oop [112]=Oop [120]=Oop [136]=Oop }
                      ;*invokevirtual keySet {reexecute=0 rethrow=0 return_oop=0}
                      ; - java.util.HashSet::iterator@4
                      ; - java.util.Collections$UnmodifiableCollection$1::<init>@17
                      ; - java.util.Collections$UnmodifiableCollection::iterator@5
                      ; - org.eclipse.osgi.internal.loader.classpath.ClasspathManager::defineClass@576 (line 788)
  0x0000017ae6e8a684: 7893 51ff 

  0x0000017ae6e8a688: ;   {other}
  0x0000017ae6e8a688: 0f1f 8400 | f852 009e | baf6 ffff | ff48 894c | 2440 4c89 | 4c24 4890 

  0x0000017ae6e8a6a0: ;   {runtime_call UncommonTrapBlob}
  0x0000017ae6e8a6a0: c5f8 77e8 

  0x0000017ae6e8a6a4: ; ImmutableOopMap {[64]=Oop [72]=Oop [96]=Oop [104]=Oop [112]=Oop [120]=Oop [136]=Oop }
                      ;*getfield modCount {reexecute=1 rethrow=0 return_oop=0}
                      ; - (reexecute) java.util.HashMap$HashIterator::<init>@11
                      ; - java.util.HashMap$KeyIterator::<init>@2
                      ; - java.util.HashMap$KeySet::iterator@8
                      ; - java.util.HashSet::iterator@7
                      ; - java.util.Collections$UnmodifiableCollection$1::<init>@17
                      ; - java.util.Collections$UnmodifiableCollection::iterator@5
                      ; - org.eclipse.osgi.internal.loader.classpath.ClasspathManager::defineClass@258 (line 764)
  0x0000017ae6e8a6a4: 5893 51ff 

  0x0000017ae6e8a6a8: ;   {other}
  0x0000017ae6e8a6a8: 0f1f 8400 | 1853 009f | baf6 ffff | ff4c 896c | 2440 4889 | 5c24 4890 

  0x0000017ae6e8a6c0: ;   {runtime_call UncommonTrapBlob}
  0x0000017ae6e8a6c0: c5f8 77e8 

  0x0000017ae6e8a6c4: ; ImmutableOopMap {[64]=Oop [72]=Oop [96]=Oop [104]=Oop [112]=Oop [120]=Oop [136]=Oop }
                      ;*getfield modCount {reexecute=1 rethrow=0 return_oop=0}
                      ; - (reexecute) java.util.HashMap$HashIterator::<init>@11
                      ; - java.util.HashMap$KeyIterator::<init>@2
                      ; - java.util.HashMap$KeySet::iterator@8
                      ; - java.util.HashSet::iterator@7
                      ; - java.util.Collections$UnmodifiableCollection$1::<init>@17
                      ; - java.util.Collections$UnmodifiableCollection::iterator@5
                      ; - org.eclipse.osgi.internal.loader.classpath.ClasspathManager::defineClass@576 (line 788)
  0x0000017ae6e8a6c4: 3893 51ff 

  0x0000017ae6e8a6c8: ;   {other}
  0x0000017ae6e8a6c8: 0f1f 8400 | 3853 00a0 | baf6 ffff | ff48 8b6c | 2460 4c8b | 5424 704c | 8954 2430 | 4489 4424 
  0x0000017ae6e8a6e8: 6466 6690 

  0x0000017ae6e8a6ec: ;   {runtime_call UncommonTrapBlob}
  0x0000017ae6e8a6ec: c5f8 77e8 

  0x0000017ae6e8a6f0: ; ImmutableOopMap {rbp=Oop [48]=Oop [100]=NarrowOop [104]=Oop [120]=Oop [128]=Oop [136]=Oop [144]=Oop }
                      ;*arraylength {reexecute=0 rethrow=0 return_oop=0}
                      ; - java.lang.String::isEmpty@4
                      ; - java.lang.ClassLoader::definePackage@1
                      ; - java.lang.ClassLoader::getDefinedPackage@32
                      ; - java.lang.ClassLoader::getPackage@2
                      ; - org.eclipse.osgi.internal.loader.ModuleClassLoader::publicGetPackage@9 (line 330)
                      ; - org.eclipse.osgi.internal.loader.classpath.ClasspathManager::definePackage@26 (line 825)
                      ; - org.eclipse.osgi.internal.loader.classpath.ClasspathManager::defineClass@9 (line 733)
  0x0000017ae6e8a6f0: 0c93 51ff 

  0x0000017ae6e8a6f4: ;   {other}
  0x0000017ae6e8a6f4: 0f1f 8400 | 6453 00a1 | baf4 ffff | ff48 8b6c | 2460 4c8b | 5424 684c | 8954 2428 | 4c8b 5424 
  0x0000017ae6e8a714: 384c 8954 | 2430 6690 

  0x0000017ae6e8a71c: ;   {runtime_call UncommonTrapBlob}
  0x0000017ae6e8a71c: c5f8 77e8 

  0x0000017ae6e8a720: ; ImmutableOopMap {rbp=Oop [40]=Oop [48]=Oop [80]=NarrowOop [84]=NarrowOop [120]=Oop [128]=Oop [136]=Oop [144]=Oop }
                      ;*checkcast {reexecute=0 rethrow=0 return_oop=0}
                      ; - java.lang.ClassLoader::definePackage@81
                      ; - java.lang.ClassLoader::getDefinedPackage@32
                      ; - java.lang.ClassLoader::getPackage@2
                      ; - org.eclipse.osgi.internal.loader.ModuleClassLoader::publicGetPackage@9 (line 330)
                      ; - org.eclipse.osgi.internal.loader.classpath.ClasspathManager::definePackage@26 (line 825)
                      ; - org.eclipse.osgi.internal.loader.classpath.ClasspathManager::defineClass@9 (line 733)
  0x0000017ae6e8a720: dc92 51ff 

  0x0000017ae6e8a724: ;   {other}
  0x0000017ae6e8a724: 0f1f 8400 | 9453 00a2 | baf6 ffff | ff48 894c | 2440 4c89 | 4c24 4890 

  0x0000017ae6e8a73c: ;   {runtime_call UncommonTrapBlob}
  0x0000017ae6e8a73c: c5f8 77e8 

  0x0000017ae6e8a740: ; ImmutableOopMap {[64]=Oop [72]=Oop [96]=Oop [104]=Oop [112]=Oop [120]=Oop [136]=Oop }
                      ;*getfield head {reexecute=1 rethrow=0 return_oop=0}
                      ; - (reexecute) java.util.LinkedHashMap$LinkedHashIterator::<init>@27
                      ; - java.util.LinkedHashMap$LinkedKeyIterator::<init>@3
                      ; - java.util.LinkedHashMap$LinkedKeySet::iterator@12
                      ; - java.util.HashSet::iterator@7
                      ; - java.util.Collections$UnmodifiableCollection$1::<init>@17
                      ; - java.util.Collections$UnmodifiableCollection::iterator@5
                      ; - org.eclipse.osgi.internal.loader.classpath.ClasspathManager::defineClass@258 (line 764)
  0x0000017ae6e8a740: bc92 51ff 

  0x0000017ae6e8a744: ;   {other}
  0x0000017ae6e8a744: 0f1f 8400 | b453 00a3 | baf6 ffff | ff4c 896c | 2440 4889 | 5c24 4890 

  0x0000017ae6e8a75c: ;   {runtime_call UncommonTrapBlob}
  0x0000017ae6e8a75c: c5f8 77e8 

  0x0000017ae6e8a760: ; ImmutableOopMap {[64]=Oop [72]=Oop [96]=Oop [104]=Oop [112]=Oop [120]=Oop [136]=Oop }
                      ;*getfield head {reexecute=1 rethrow=0 return_oop=0}
                      ; - (reexecute) java.util.LinkedHashMap$LinkedHashIterator::<init>@27
                      ; - java.util.LinkedHashMap$LinkedKeyIterator::<init>@3
                      ; - java.util.LinkedHashMap$LinkedKeySet::iterator@12
                      ; - java.util.HashSet::iterator@7
                      ; - java.util.Collections$UnmodifiableCollection$1::<init>@17
                      ; - java.util.Collections$UnmodifiableCollection::iterator@5
                      ; - org.eclipse.osgi.internal.loader.classpath.ClasspathManager::defineClass@576 (line 788)
  0x0000017ae6e8a760: 9c92 51ff 

  0x0000017ae6e8a764: ;   {other}
  0x0000017ae6e8a764: 0f1f 8400 | d453 00a4 | 488b 6c24 | 68eb 0548 | 8b6c 2468 | baf4 ffff | ff4c 8b54 | 2458 4c89 
  0x0000017ae6e8a784: 5424 4890 

  0x0000017ae6e8a788: ;   {runtime_call UncommonTrapBlob}
  0x0000017ae6e8a788: c5f8 77e8 

  0x0000017ae6e8a78c: ; ImmutableOopMap {rbp=Oop [72]=Oop [96]=Oop [112]=Oop [120]=Oop [136]=Oop [144]=Oop [152]=Oop }
                      ;*checkcast {reexecute=0 rethrow=0 return_oop=0}
                      ; - org.eclipse.osgi.internal.loader.classpath.ClasspathManager::defineClass@275 (line 764)
  0x0000017ae6e8a78c: 7092 51ff 

  0x0000017ae6e8a790: ;   {other}
  0x0000017ae6e8a790: 0f1f 8400 | 0054 00a5 | baf6 ffff | ff66 6690 

  0x0000017ae6e8a7a0: ;   {runtime_call UncommonTrapBlob}
  0x0000017ae6e8a7a0: c5f8 77e8 

  0x0000017ae6e8a7a4: ; ImmutableOopMap {[96]=Oop [104]=Oop [112]=Oop [120]=Oop [128]=Oop [136]=Oop }
                      ;*invokevirtual getBundleInfo {reexecute=0 rethrow=0 return_oop=0}
                      ; - org.eclipse.osgi.internal.loader.classpath.ClasspathManager::definePackage@59 (line 834)
                      ; - org.eclipse.osgi.internal.loader.classpath.ClasspathManager::defineClass@9 (line 733)
  0x0000017ae6e8a7a4: 5892 51ff 

  0x0000017ae6e8a7a8: ;   {other}
  0x0000017ae6e8a7a8: 0f1f 8400 | 1854 00a6 | baf6 ffff | ff66 6690 

  0x0000017ae6e8a7b8: ;   {runtime_call UncommonTrapBlob}
  0x0000017ae6e8a7b8: c5f8 77e8 

  0x0000017ae6e8a7bc: ; ImmutableOopMap {[96]=Oop [104]=Oop [112]=Oop [120]=Oop [128]=Oop [136]=Oop }
                      ;*invokevirtual getStorage {reexecute=0 rethrow=0 return_oop=0}
                      ; - org.eclipse.osgi.internal.loader.classpath.ClasspathManager::definePackage@62 (line 834)
                      ; - org.eclipse.osgi.internal.loader.classpath.ClasspathManager::defineClass@9 (line 733)
  0x0000017ae6e8a7bc: 4092 51ff 

  0x0000017ae6e8a7c0: ;   {other}
  0x0000017ae6e8a7c0: 0f1f 8400 | 3054 00a7 | baf6 ffff | ff66 6690 

  0x0000017ae6e8a7d0: ;   {runtime_call UncommonTrapBlob}
  0x0000017ae6e8a7d0: c5f8 77e8 

  0x0000017ae6e8a7d4: ; ImmutableOopMap {[96]=Oop [104]=Oop [112]=Oop [120]=Oop [128]=Oop [136]=Oop }
                      ;*invokevirtual getConfiguration {reexecute=0 rethrow=0 return_oop=0}
                      ; - org.eclipse.osgi.internal.loader.classpath.ClasspathManager::definePackage@65 (line 834)
                      ; - org.eclipse.osgi.internal.loader.classpath.ClasspathManager::defineClass@9 (line 733)
  0x0000017ae6e8a7d4: 2892 51ff 

  0x0000017ae6e8a7d8: ;   {other}
  0x0000017ae6e8a7d8: 0f1f 8400 | 4854 00a8 | baf6 ffff | ff66 6690 

  0x0000017ae6e8a7e8: ;   {runtime_call UncommonTrapBlob}
  0x0000017ae6e8a7e8: c5f8 77e8 

  0x0000017ae6e8a7ec: ; ImmutableOopMap {[96]=Oop [104]=Oop [112]=Oop [120]=Oop [128]=Oop [136]=Oop }
                      ;*invokevirtual getConfiguration {reexecute=0 rethrow=0 return_oop=0}
                      ; - org.eclipse.osgi.storage.Storage::getConfiguration@4 (line 600)
                      ; - org.eclipse.osgi.internal.loader.classpath.ClasspathManager::definePackage@65 (line 834)
                      ; - org.eclipse.osgi.internal.loader.classpath.ClasspathManager::defineClass@9 (line 733)
  0x0000017ae6e8a7ec: 1092 51ff 

  0x0000017ae6e8a7f0: ;   {other}
  0x0000017ae6e8a7f0: 0f1f 8400 | 6054 00a9 | baf6 ffff | ff66 6690 

  0x0000017ae6e8a800: ;   {runtime_call UncommonTrapBlob}
  0x0000017ae6e8a800: c5f8 77e8 

  0x0000017ae6e8a804: ; ImmutableOopMap {[96]=Oop [104]=Oop [112]=Oop [120]=Oop [128]=Oop [136]=Oop }
                      ;*getfield DEFINE_PACKAGE_ATTRIBUTES {reexecute=1 rethrow=0 return_oop=0}
                      ; - (reexecute) org.eclipse.osgi.internal.loader.classpath.ClasspathManager::definePackage@68 (line 834)
                      ; - org.eclipse.osgi.internal.loader.classpath.ClasspathManager::defineClass@9 (line 733)
  0x0000017ae6e8a804: f891 51ff 

  0x0000017ae6e8a808: ;   {other}
  0x0000017ae6e8a808: 0f1f 8400 | 7854 00aa | baf6 ffff | ff66 6690 

  0x0000017ae6e8a818: ;   {runtime_call UncommonTrapBlob}
  0x0000017ae6e8a818: c5f8 77e8 

  0x0000017ae6e8a81c: ; ImmutableOopMap {[96]=Oop [104]=Oop [112]=Oop [120]=Oop [128]=Oop [136]=Oop }
                      ;*invokevirtual getSpecification {reexecute=0 rethrow=0 return_oop=0}
                      ; - org.eclipse.osgi.internal.loader.classpath.ClasspathManager::definePackage@84 (line 837)
                      ; - org.eclipse.osgi.internal.loader.classpath.ClasspathManager::defineClass@9 (line 733)
  0x0000017ae6e8a81c: e091 51ff 

  0x0000017ae6e8a820: ;   {other}
  0x0000017ae6e8a820: 0f1f 8400 | 9054 00ab | baf6 ffff | ff66 6690 

  0x0000017ae6e8a830: ;   {runtime_call UncommonTrapBlob}
  0x0000017ae6e8a830: c5f8 77e8 

  0x0000017ae6e8a834: ; ImmutableOopMap {[96]=Oop [104]=Oop [112]=Oop [120]=Oop [128]=Oop [136]=Oop }
                      ;*invokevirtual getTitle {reexecute=0 rethrow=0 return_oop=0}
                      ; - org.eclipse.osgi.internal.loader.classpath.ClasspathManager::definePackage@98 (line 839)
                      ; - org.eclipse.osgi.internal.loader.classpath.ClasspathManager::defineClass@9 (line 733)
  0x0000017ae6e8a834: c891 51ff 

  0x0000017ae6e8a838: ;   {other}
  0x0000017ae6e8a838: 0f1f 8400 | a854 00ac | baf6 ffff | ff66 6690 

  0x0000017ae6e8a848: ;   {runtime_call UncommonTrapBlob}
  0x0000017ae6e8a848: c5f8 77e8 

  0x0000017ae6e8a84c: ; ImmutableOopMap {[96]=Oop [104]=Oop [112]=Oop [120]=Oop [128]=Oop [136]=Oop }
                      ;*invokevirtual getTitle {reexecute=0 rethrow=0 return_oop=0}
                      ; - org.eclipse.osgi.internal.loader.classpath.ClasspathManager::definePackage@119 (line 842)
                      ; - org.eclipse.osgi.internal.loader.classpath.ClasspathManager::defineClass@9 (line 733)
  0x0000017ae6e8a84c: b091 51ff 

  0x0000017ae6e8a850: ;   {other}
  0x0000017ae6e8a850: 0f1f 8400 | c054 00ad | baf4 ffff | ff66 6690 

  0x0000017ae6e8a860: ;   {runtime_call UncommonTrapBlob}
  0x0000017ae6e8a860: c5f8 77e8 

  0x0000017ae6e8a864: ; ImmutableOopMap {rbp=Oop [64]=Oop [80]=Oop [96]=Oop [112]=Oop [120]=Oop [136]=Oop }
                      ;*checkcast {reexecute=0 rethrow=0 return_oop=0}
                      ; - org.eclipse.osgi.internal.loader.classpath.ClasspathManager::defineClass@514 (line 788)
  0x0000017ae6e8a864: 9891 51ff 

  0x0000017ae6e8a868: ;   {other}
  0x0000017ae6e8a868: 0f1f 8400 | d854 00ae | baf6 ffff | ff66 6690 

  0x0000017ae6e8a878: ;   {runtime_call UncommonTrapBlob}
  0x0000017ae6e8a878: c5f8 77e8 

  0x0000017ae6e8a87c: ; ImmutableOopMap {[80]=Oop [96]=Oop [104]=Oop [112]=Oop [120]=Oop [128]=Oop [136]=Oop }
                      ;*invokevirtual set {reexecute=0 rethrow=0 return_oop=0}
                      ; - org.eclipse.osgi.internal.loader.classpath.ClasspathManager::defineClass@44 (line 737)
  0x0000017ae6e8a87c: 8091 51ff 

  0x0000017ae6e8a880: ;   {other}
  0x0000017ae6e8a880: 0f1f 8400 | f054 00af | ba97 ffff | ff48 8b6c | 2460 4c8b | 5424 684c | 8954 2428 | 4c8b 5424 
  0x0000017ae6e8a8a0: 704c 8954 | 2430 6690 

  0x0000017ae6e8a8a8: ;   {runtime_call UncommonTrapBlob}
  0x0000017ae6e8a8a8: c5f8 77e8 

  0x0000017ae6e8a8ac: ; ImmutableOopMap {rbp=Oop [32]=Oop [40]=Oop [48]=Oop [80]=NarrowOop [88]=Oop [120]=Oop [128]=Oop }
                      ;*invokevirtual clone {reexecute=1 rethrow=0 return_oop=0}
                      ; - (reexecute) java.util.Arrays::copyOfRange@18
                      ; - java.lang.StringLatin1::newString@16
                      ; - java.lang.String::substring@41
                      ; - org.eclipse.osgi.internal.loader.classpath.ClasspathManager::definePackage@15 (line 824)
                      ; - org.eclipse.osgi.internal.loader.classpath.ClasspathManager::defineClass@9 (line 733)
  0x0000017ae6e8a8ac: 5091 51ff 

  0x0000017ae6e8a8b0: ;   {other}
  0x0000017ae6e8a8b0: 0f1f 8400 | 2055 00b0 | 488b e84c | 8b54 2468 | 4c89 5424 | 50e9 0c04 | 0000 eb28 | 4889 ac24 
  0x0000017ae6e8a8d0: 8800 0000 | 4c8b 5424 | 204c 8954 | 2460 eb14 | eb12 4889 | ac24 8800 | 0000 4c8b | 5424 204c 
  0x0000017ae6e8a8f0: 8954 2460 | 488b e84c | 8b54 2468 | 4c89 5424 | 50e9 d003 | 0000 e915 | 0100 00e9 | 1801 0000 
  0x0000017ae6e8a910: 488b 4c24 | 4048 8d94 | 24e0 0000 | 004d 8bc7 | c5f8 7749 | baa0 c39e | b7fd 7f00 | 0041 ffd2 
  0x0000017ae6e8a930: ;   {other}
  0x0000017ae6e8a930: 0f1f 8400 | 0000 0000 | e949 0200 | 00e9 de00 | 0000 e9e1 | 0000 0048 | 8bd8 e997 | 0200 00e9 
  0x0000017ae6e8a950: cc00 0000 | e9cf 0000 | 00e9 a800 | 0000 488b | d8e9 8001 | 0000 488b | e84c 8b54 | 2468 4c89 
  0x0000017ae6e8a970: 5424 50e9 | 5e03 0000 | 488b d84c | 8b54 2420 | 4c89 9424 | 8800 0000 | e9f9 0100 | 00e9 8e00 
  0x0000017ae6e8a990: 0000 e991 | 0000 0048 | 8bd8 e9e7 | 0100 0048 | 8be8 e9ea | 0200 0048 | 8bd8 e937 | 0100 0048 
  0x0000017ae6e8a9b0: 8bd0 e920 | 0400 0048 | 8bd0 e918 | 0400 0048 | 8bd8 e91f | 0100 0048 | 8bd8 e917 | 0200 0048 
  0x0000017ae6e8a9d0: 8bd8 e90f | 0200 0048 | 8be8 4c8b | 5424 684c | 8954 2450 | e9ed 0200 | 0048 8bd0 | e9e6 0300 
  0x0000017ae6e8a9f0: 0048 8bd0 | e9de 0300 | 0048 8bd0 | e9d6 0300 | 00e9 cb00 | 0000 488b | e84c 8b54 | 2468 4c89 
  0x0000017ae6e8aa10: 5424 50e9 | be02 0000 | 488b d8e9 | c600 0000 | 488b d0e9 | af03 0000 | 488b e84c 

  0x0000017ae6e8aa2c: ;   {no_reloc}
  0x0000017ae6e8aa2c: 8b54 2468 | 4c89 5424 | 504c 8b54 | 2420 4c89 | 9424 8800 | 0000 4c8b | 5424 284c | 8954 2460 
  0x0000017ae6e8aa4c: e985 0200 | 0048 8bd8 | e98d 0000 | 0048 8bd0 | e976 0300 | 0048 8bd8 | e91d 0100 | 0048 8bd8 
  0x0000017ae6e8aa6c: e915 0100 | 0048 8bd0 | e95e 0300 | 00e9 1a01 | 0000 e91d | 0100 004c | 8b54 2468 | e944 0100 
  0x0000017ae6e8aa8c: 004c 8b54 | 2468 e928 | 0100 004c | 8b54 2468 | e90c 0100 | 0048 8bd8 | eb40 488b | d8eb 3b48 
  0x0000017ae6e8aaac: 8bd8 eb36 | 488b d8eb | 3148 8be8 | 4c8b 5424 | 684c 8954 | 2450 e90f | 0200 0048 | 8bd8 eb1a 
  0x0000017ae6e8aacc: 488b d8eb | 1548 8be8 | 4c8b 5424 | 684c 8954 | 2450 e9f3 | 0100 0048 | 8bd8 488d | 8424 e000 
  0x0000017ae6e8aaec: 0000 4c8b | 5c24 4048 | 8338 000f | 8479 0000 | 004d 8b13 | 41f6 c202 | 0f84 6200 | 0000 4983 
  0x0000017ae6e8ab0c: ba86 0000 | 0000 7409 | 49ff 8a86 | 0000 00eb | 4b49 8b82 | 9600 0000 | 490b 828e | 0000 0075 
  0x0000017ae6e8ab2c: ;   {no_reloc}
  0x0000017ae6e8ab2c: 0a49 c742 | 3e00 0000 | 00eb 3d49 | 83ba 9e00 | 0000 0074 | 2248 33c0 | 49c7 423e | 0000 0000 
  0x0000017ae6e8ab4c: f083 0424 | 0049 83ba | 9e00 0000 | 0075 0df0 | 4d0f b17a | 3e75 0583 | c801 eb0c | a800 eb08 
  0x0000017ae6e8ab6c: 4c8b 10f0 | 4d0f b113 | 750a 49ff | 8f48 0500 | 0045 33d2 | 0f85 8afd | ffff 488b | eb4c 8b54 
  0x0000017ae6e8ab8c: 2468 4c89 | 5424 50e9 | 3e01 0000 | 488b d0e9 | 3702 0000 | 488b d0e9 | 2f02 0000 | 4c8b 5424 
  0x0000017ae6e8abac: 6848 8be8 | 4c89 5424 | 50e9 1c01 | 0000 4c8b | 5424 6848 | 8be8 4c89 | 5424 50e9 | 0a01 0000 
  0x0000017ae6e8abcc: 4c8b 5424 | 6848 8be8 | 4c89 5424 | 50e9 f800 | 0000 488b | d8eb 0348 | 8bd8 4c8b | 9c24 9800 
  0x0000017ae6e8abec: 0000 488d | 8424 e000 | 0000 4883 | 3800 0f84 | 7900 0000 | 4d8b 1341 | f6c2 020f | 8462 0000 
  0x0000017ae6e8ac0c: 0049 83ba | 8600 0000 | 0074 0949 | ff8a 8600 | 0000 eb4b | 498b 8296 | 0000 0049 | 0b82 8e00 
  0x0000017ae6e8ac2c: ;   {no_reloc}
  0x0000017ae6e8ac2c: 0000 750a | 49c7 423e | 0000 0000 | eb3d 4983 | ba9e 0000 | 0000 7422 | 4833 c049 | c742 3e00 
  0x0000017ae6e8ac4c: 0000 00f0 | 8304 2400 | 4983 ba9e | 0000 0000 | 750d f04d | 0fb1 7a3e | 7505 83c8 | 01eb 0ca8 
  0x0000017ae6e8ac6c: 00eb 084c | 8b10 f04d | 0fb1 1375 | 0a49 ff8f | 4805 0000 | 4533 d20f | 8583 0100 | 0048 8beb 
  0x0000017ae6e8ac8c: eb03 488b | e84c 8b54 | 2450 458b | 5a10 498b | d34c 8b54 | 2448 4c89 | 5424 204c | 8b84 2488 
  0x0000017ae6e8acac: 0000 0066 | 6690 c5f8 | 7748 b8ff | ffff ffff 

  0x0000017ae6e8acbc: ;   {virtual_call}
  0x0000017ae6e8acbc: ffff ffe8 

  0x0000017ae6e8acc0: ; ImmutableOopMap {rbp=Oop [32]=Oop [96]=Oop [104]=Oop [112]=Oop [120]=Oop [128]=Oop [136]=Oop }
                      ;*invokeinterface remove {reexecute=0 rethrow=0 return_oop=0}
                      ; - org.eclipse.osgi.internal.loader.classpath.ClasspathManager::defineClass@440 (line 781)
  0x0000017ae6e8acc0: bc3d 51ff 

  0x0000017ae6e8acc4: ;   {other}
  0x0000017ae6e8acc4: 0f1f 8400 | 3459 00b1 | 4c8b 5424 | 684c 8954 | 2450 488b | 9424 8000 | 0000 c5f8 | 7748 b8ff 
  0x0000017ae6e8ace4: ffff ffff 

  0x0000017ae6e8ace8: ;   {virtual_call}
  0x0000017ae6e8ace8: ffff ffe8 

  0x0000017ae6e8acec: ; ImmutableOopMap {rbp=Oop [80]=Oop [96]=Oop [112]=Oop [120]=Oop [136]=Oop }
                      ;*invokeinterface iterator {reexecute=0 rethrow=0 return_oop=1}
                      ; - org.eclipse.osgi.internal.loader.classpath.ClasspathManager::defineClass@497 (line 788)
  0x0000017ae6e8acec: 903d 51ff 

  0x0000017ae6e8acf0: ;   {other}
  0x0000017ae6e8acf0: 0f1f 8400 | 6059 00b2 | 4889 4424 | 4048 8bd0 | 6690 c5f8 | 7748 b8ff | ffff ffff 

  0x0000017ae6e8ad0c: ;   {virtual_call}
  0x0000017ae6e8ad0c: ffff ffe8 

  0x0000017ae6e8ad10: ; ImmutableOopMap {rbp=Oop [64]=Oop [80]=Oop [96]=Oop [112]=Oop [120]=Oop [136]=Oop }
                      ;*invokeinterface hasNext {reexecute=0 rethrow=0 return_oop=0}
                      ; - org.eclipse.osgi.internal.loader.classpath.ClasspathManager::defineClass@534 (line 788)
  0x0000017ae6e8ad10: 6c3d 51ff 

  0x0000017ae6e8ad14: ;   {other}
  0x0000017ae6e8ad14: 0f1f 8400 | 8459 00b3 | 85c0 0f84 | b000 0000 | 488b 5424 | 4090 c5f8 | 7748 b8ff | ffff ffff 
  0x0000017ae6e8ad34: ;   {virtual_call}
  0x0000017ae6e8ad34: ffff ffe8 

  0x0000017ae6e8ad38: ; ImmutableOopMap {rbp=Oop [64]=Oop [80]=Oop [96]=Oop [112]=Oop [120]=Oop [136]=Oop }
                      ;*invokeinterface next {reexecute=0 rethrow=0 return_oop=1}
                      ; - org.eclipse.osgi.internal.loader.classpath.ClasspathManager::defineClass@509 (line 788)
  0x0000017ae6e8ad38: 443d 51ff 

  0x0000017ae6e8ad3c: ;   {other}
  0x0000017ae6e8ad3c: 0f1f 8400 | ac59 00b4 

  0x0000017ae6e8ad44: ; implicit exception: dispatches to 0x0000017ae6e8a858
  0x0000017ae6e8ad44: 448b 5008 | 49bb 0000 | 0080 7a01 | 0000 4d03 | da4d 8b53 

  0x0000017ae6e8ad58: ;   {metadata('org/eclipse/osgi/internal/hookregistry/ClassLoaderHook')}
  0x0000017ae6e8ad58: 3849 bb78 | eb08 817a | 0100 004d | 3bd3 0f85 | 7b00 0000 | 488b d04c | 8b84 2488 | 0000 0045 
  0x0000017ae6e8ad78: 33c9 488b | 7c24 5048 | 8b74 2470 | 488b 4c24 | 784c 8b54 | 2460 4c89 | 1424 c5f8 | 7748 b8ff 
  0x0000017ae6e8ad98: ffff ffff 

  0x0000017ae6e8ad9c: ;   {virtual_call}
  0x0000017ae6e8ad9c: ffff ffe8 

  0x0000017ae6e8ada0: ; ImmutableOopMap {rbp=Oop [64]=Oop [80]=Oop [96]=Oop [112]=Oop [120]=Oop [136]=Oop }
                      ;*invokevirtual recordClassDefine {reexecute=0 rethrow=0 return_oop=0}
                      ; - org.eclipse.osgi.internal.loader.classpath.ClasspathManager::defineClass@529 (line 789)
  0x0000017ae6e8ada0: dc3c 51ff 

  0x0000017ae6e8ada4: ;   {other}
  0x0000017ae6e8ada4: 0f1f 8400 | 145a 00b5 | 488b 5424 | 4090 c5f8 | 7748 b8ff | ffff ffff 

  0x0000017ae6e8adbc: ;   {virtual_call}
  0x0000017ae6e8adbc: ffff ffe8 

  0x0000017ae6e8adc0: ; ImmutableOopMap {rbp=Oop [64]=Oop [80]=Oop [96]=Oop [112]=Oop [120]=Oop [136]=Oop }
                      ;*invokeinterface hasNext {reexecute=0 rethrow=0 return_oop=0}
                      ; - org.eclipse.osgi.internal.loader.classpath.ClasspathManager::defineClass@534 (line 788)
  0x0000017ae6e8adc0: bc3c 51ff 

  0x0000017ae6e8adc4: ;   {other}
  0x0000017ae6e8adc4: 0f1f 8400 | 345a 00b6 | 85c0 0f85 | 50ff ffff | 488b d5c5 | f877 4881 | c4f0 0000 

  0x0000017ae6e8ade0: ;   {runtime_call _rethrow_Java}
  0x0000017ae6e8ade0: 005d e919 | 1c5d ffba | deff ffff | 4c8b 5424 | 504c 8954 | 2448 4889 | 4424 5090 

  0x0000017ae6e8adfc: ;   {runtime_call UncommonTrapBlob}
  0x0000017ae6e8adfc: c5f8 77e8 

  0x0000017ae6e8ae00: ; ImmutableOopMap {rbp=Oop [64]=Oop [72]=Oop [80]=Oop [96]=Oop [112]=Oop [120]=Oop [136]=Oop }
                      ;*checkcast {reexecute=0 rethrow=0 return_oop=0}
                      ; - org.eclipse.osgi.internal.loader.classpath.ClasspathManager::defineClass@514 (line 788)
  0x0000017ae6e8ae00: fc8b 51ff 

  0x0000017ae6e8ae04: ;   {other}
  0x0000017ae6e8ae04: 0f1f 8400 | 745a 00b7 | 488b 8c24 | 9800 0000 | 488d 9424 | e000 0000 | 4d8b c7c5 | f877 49ba 
  0x0000017ae6e8ae24: a0c3 9eb7 | fd7f 0000 

  0x0000017ae6e8ae2c: ;   {other}
  0x0000017ae6e8ae2c: 41ff d20f | 1f84 0000 | 0000 00e9 | 4dfe ffff 

  0x0000017ae6e8ae3c: ;   {internal_word}
  0x0000017ae6e8ae3c: 49ba 4578 | e8e6 7a01 | 0000 4d89 | 9760 0400 

  0x0000017ae6e8ae4c: ;   {runtime_call SafepointBlob}
  0x0000017ae6e8ae4c: 00e9 ae9c 

  0x0000017ae6e8ae50: ;   {runtime_call StubRoutines (final stubs)}
  0x0000017ae6e8ae50: 51ff e889 | db4f ffe9 | e2ab ffff | f4f4 f4f4 
[Stub Code]
  0x0000017ae6e8ae60: ;   {no_reloc}
  0x0000017ae6e8ae60: 48bb 0000 | 0000 0000 

  0x0000017ae6e8ae68: ;   {runtime_call nmethod}
  0x0000017ae6e8ae68: 0000 e9fb 

  0x0000017ae6e8ae6c: ;   {static_stub}
  0x0000017ae6e8ae6c: ffff ff48 | bb00 0000 | 0000 0000 

  0x0000017ae6e8ae78: ;   {runtime_call nmethod}
  0x0000017ae6e8ae78: 00e9 fbff 

  0x0000017ae6e8ae7c: ;   {static_stub}
  0x0000017ae6e8ae7c: ffff 48bb | 0000 0000 | 0000 0000 

  0x0000017ae6e8ae88: ;   {runtime_call nmethod}
  0x0000017ae6e8ae88: e9fb ffff 

  0x0000017ae6e8ae8c: ;   {static_stub}
  0x0000017ae6e8ae8c: ff48 bb00 | 0000 0000 

  0x0000017ae6e8ae94: ;   {runtime_call nmethod}
  0x0000017ae6e8ae94: 0000 00e9 | fbff ffff 

  0x0000017ae6e8ae9c: ;   {static_stub}
  0x0000017ae6e8ae9c: 48bb 0000 | 0000 0000 

  0x0000017ae6e8aea4: ;   {runtime_call nmethod}
  0x0000017ae6e8aea4: 0000 e9fb 

  0x0000017ae6e8aea8: ;   {static_stub}
  0x0000017ae6e8aea8: ffff ff48 | bb00 0000 | 0000 0000 

  0x0000017ae6e8aeb4: ;   {runtime_call nmethod}
  0x0000017ae6e8aeb4: 00e9 fbff 

  0x0000017ae6e8aeb8: ;   {static_stub}
  0x0000017ae6e8aeb8: ffff 48bb | 0000 0000 | 0000 0000 

  0x0000017ae6e8aec4: ;   {runtime_call nmethod}
  0x0000017ae6e8aec4: e9fb ffff 

  0x0000017ae6e8aec8: ;   {static_stub}
  0x0000017ae6e8aec8: ff48 bb00 | 0000 0000 

  0x0000017ae6e8aed0: ;   {runtime_call nmethod}
  0x0000017ae6e8aed0: 0000 00e9 | fbff ffff 

  0x0000017ae6e8aed8: ;   {static_stub}
  0x0000017ae6e8aed8: 48bb 0000 | 0000 0000 

  0x0000017ae6e8aee0: ;   {runtime_call nmethod}
  0x0000017ae6e8aee0: 0000 e9fb 

  0x0000017ae6e8aee4: ;   {static_stub}
  0x0000017ae6e8aee4: ffff ff48 | bb00 0000 | 0000 0000 

  0x0000017ae6e8aef0: ;   {runtime_call nmethod}
  0x0000017ae6e8aef0: 00e9 fbff 

  0x0000017ae6e8aef4: ;   {static_stub}
  0x0000017ae6e8aef4: ffff 48bb | 0000 0000 | 0000 0000 

  0x0000017ae6e8af00: ;   {runtime_call nmethod}
  0x0000017ae6e8af00: e9fb ffff 

  0x0000017ae6e8af04: ;   {static_stub}
  0x0000017ae6e8af04: ff48 bb00 | 0000 0000 

  0x0000017ae6e8af0c: ;   {runtime_call nmethod}
  0x0000017ae6e8af0c: 0000 00e9 | fbff ffff 

  0x0000017ae6e8af14: ;   {static_stub}
  0x0000017ae6e8af14: 48bb 0000 | 0000 0000 

  0x0000017ae6e8af1c: ;   {runtime_call nmethod}
  0x0000017ae6e8af1c: 0000 e9fb 

  0x0000017ae6e8af20: ;   {static_stub}
  0x0000017ae6e8af20: ffff ff48 | bb00 0000 | 0000 0000 

  0x0000017ae6e8af2c: ;   {runtime_call nmethod}
  0x0000017ae6e8af2c: 00e9 fbff 

  0x0000017ae6e8af30: ;   {static_stub}
  0x0000017ae6e8af30: ffff 48bb | 0000 0000 | 0000 0000 

  0x0000017ae6e8af3c: ;   {runtime_call nmethod}
  0x0000017ae6e8af3c: e9fb ffff 

  0x0000017ae6e8af40: ;   {static_stub}
  0x0000017ae6e8af40: ff48 bb00 | 0000 0000 

  0x0000017ae6e8af48: ;   {runtime_call nmethod}
  0x0000017ae6e8af48: 0000 00e9 | fbff ffff 

  0x0000017ae6e8af50: ;   {static_stub}
  0x0000017ae6e8af50: 48bb 0000 | 0000 0000 

  0x0000017ae6e8af58: ;   {runtime_call nmethod}
  0x0000017ae6e8af58: 0000 e9fb 

  0x0000017ae6e8af5c: ;   {static_stub}
  0x0000017ae6e8af5c: ffff ff48 | bb00 0000 | 0000 0000 

  0x0000017ae6e8af68: ;   {runtime_call nmethod}
  0x0000017ae6e8af68: 00e9 fbff 

  0x0000017ae6e8af6c: ;   {runtime_call ExceptionBlob}
  0x0000017ae6e8af6c: ffff e90d | 1a5c ffe8 | 0000 0000 | 4883 2c24 

  0x0000017ae6e8af7c: ;   {runtime_call DeoptimizationBlob}
  0x0000017ae6e8af7c: 05e9 1e8e | 51ff f4f4 | f4f4 f4f4 
[/MachCode]


---------------  P R O C E S S  ---------------

Threads class SMR info:
_java_thread_list=0x0000017afe54e790, length=56, elements={
0x0000017ada61ce70, 0x0000017ada6c33e0, 0x0000017af2ddd680, 0x0000017ada6c4fe0,
0x0000017ada6cbac0, 0x0000017ada6cf8a0, 0x0000017af42c5490, 0x0000017af42c5f90,
0x0000017af42f51f0, 0x0000017af43c37b0, 0x0000017af43c3e50, 0x0000017af44cce00,
0x0000017af44cba50, 0x0000017afa4cb150, 0x0000017af44cc0e0, 0x0000017af44cc770,
0x0000017afa9e9fd0, 0x0000017afa9eba10, 0x0000017afa9e92b0, 0x0000017afa9ea660,
0x0000017afa9e8590, 0x0000017afa9eacf0, 0x0000017afa9e8c20, 0x0000017afa9eb380,
0x0000017afb663c40, 0x0000017afacef950, 0x0000017afa9ec0a0, 0x0000017afa9ec730,
0x0000017afa9ecdc0, 0x0000017afa9e9940, 0x0000017afa9ed450, 0x0000017afa9edae0,
0x0000017afa9ee170, 0x0000017afa9ef520, 0x0000017afa9efbb0, 0x0000017afa9ee800,
0x0000017afa9eee90, 0x0000017afe38b150, 0x0000017afe38d220, 0x0000017afe38a430,
0x0000017afe38c500, 0x0000017afe38b7e0, 0x0000017afe38cb90, 0x0000017afe38df40,
0x0000017afe38aac0, 0x0000017afe38e5d0, 0x0000017afe38ec60, 0x0000017afe38f2f0,
0x0000017afe38be70, 0x0000017afe390010, 0x0000017afe391a50, 0x0000017ac1e69340,
0x0000017ac1e6a060, 0x0000017ac1e67f90, 0x0000017ac1e699d0, 0x0000017ac1e6baa0
}

Java Threads: ( => current thread )
  0x0000017ada61ce70 JavaThread "main"                              [_thread_blocked, id=1116, stack(0x00000013b8100000,0x00000013b8200000) (1024K)]
  0x0000017ada6c33e0 JavaThread "Reference Handler"          daemon [_thread_blocked, id=29008, stack(0x00000013b8500000,0x00000013b8600000) (1024K)]
  0x0000017af2ddd680 JavaThread "Finalizer"                  daemon [_thread_blocked, id=7132, stack(0x00000013b8600000,0x00000013b8700000) (1024K)]
  0x0000017ada6c4fe0 JavaThread "Signal Dispatcher"          daemon [_thread_blocked, id=22000, stack(0x00000013b8700000,0x00000013b8800000) (1024K)]
  0x0000017ada6cbac0 JavaThread "Attach Listener"            daemon [_thread_blocked, id=3720, stack(0x00000013b8800000,0x00000013b8900000) (1024K)]
  0x0000017ada6cf8a0 JavaThread "Service Thread"             daemon [_thread_blocked, id=12628, stack(0x00000013b8900000,0x00000013b8a00000) (1024K)]
  0x0000017af42c5490 JavaThread "Monitor Deflation Thread"   daemon [_thread_blocked, id=740, stack(0x00000013b8a00000,0x00000013b8b00000) (1024K)]
  0x0000017af42c5f90 JavaThread "C2 CompilerThread0"         daemon [_thread_blocked, id=17632, stack(0x00000013b8b00000,0x00000013b8c00000) (1024K)]
  0x0000017af42f51f0 JavaThread "C1 CompilerThread0"         daemon [_thread_in_vm, id=11384, stack(0x00000013b8c00000,0x00000013b8d00000) (1024K)]
  0x0000017af43c37b0 JavaThread "C1 CompilerThread1"         daemon [_thread_in_vm, id=26832, stack(0x00000013b8d00000,0x00000013b8e00000) (1024K)]
  0x0000017af43c3e50 JavaThread "C1 CompilerThread2"         daemon [_thread_in_vm, id=21380, stack(0x00000013b8e00000,0x00000013b8f00000) (1024K)]
  0x0000017af44cce00 JavaThread "Common-Cleaner"             daemon [_thread_blocked, id=18888, stack(0x00000013b8f00000,0x00000013b9000000) (1024K)]
  0x0000017af44cba50 JavaThread "Notification Thread"        daemon [_thread_blocked, id=14228, stack(0x00000013b9000000,0x00000013b9100000) (1024K)]
  0x0000017afa4cb150 JavaThread "C1 CompilerThread3"         daemon [_thread_in_vm, id=16132, stack(0x00000013b9a00000,0x00000013b9b00000) (1024K)]
  0x0000017af44cc0e0 JavaThread "Active Thread: Equinox Container: 4291843e-ddeb-4b09-aa6c-de763bd360c0"        [_thread_blocked, id=22084, stack(0x00000013b9b00000,0x00000013b9c00000) (1024K)]
  0x0000017af44cc770 JavaThread "Refresh Thread: Equinox Container: 4291843e-ddeb-4b09-aa6c-de763bd360c0" daemon [_thread_blocked, id=16740, stack(0x00000013b9d00000,0x00000013b9e00000) (1024K)]
  0x0000017afa9e9fd0 JavaThread "Framework Event Dispatcher: Equinox Container: 4291843e-ddeb-4b09-aa6c-de763bd360c0" daemon [_thread_blocked, id=14856, stack(0x00000013b9e00000,0x00000013b9f00000) (1024K)]
  0x0000017afa9eba10 JavaThread "Start Level: Equinox Container: 4291843e-ddeb-4b09-aa6c-de763bd360c0" daemon [_thread_blocked, id=26120, stack(0x00000013b9f00000,0x00000013ba000000) (1024K)]
  0x0000017afa9e92b0 JavaThread "Bundle File Closer"         daemon [_thread_blocked, id=27272, stack(0x00000013ba300000,0x00000013ba400000) (1024K)]
  0x0000017afa9ea660 JavaThread "SCR Component Actor"        daemon [_thread_blocked, id=14908, stack(0x00000013b9900000,0x00000013b9a00000) (1024K)]
  0x0000017afa9e8590 JavaThread "Worker-JM"                         [_thread_blocked, id=13316, stack(0x00000013ba500000,0x00000013ba600000) (1024K)]
  0x0000017afa9eacf0 JavaThread "JNA Cleaner"                daemon [_thread_blocked, id=29180, stack(0x00000013b9100000,0x00000013b9200000) (1024K)]
  0x0000017afa9e8c20 JavaThread "Worker-0"                          [_thread_blocked, id=17724, stack(0x00000013b9200000,0x00000013b9300000) (1024K)]
  0x0000017afa9eb380 JavaThread "Worker-1"                          [_thread_blocked, id=12020, stack(0x00000013ba400000,0x00000013ba500000) (1024K)]
  0x0000017afb663c40 JavaThread "C2 CompilerThread1"         daemon [_thread_blocked, id=17296, stack(0x00000013ba800000,0x00000013ba900000) (1024K)]
  0x0000017afacef950 JavaThread "C2 CompilerThread2"         daemon [_thread_blocked, id=11028, stack(0x00000013ba900000,0x00000013baa00000) (1024K)]
  0x0000017afa9ec0a0 JavaThread "Java indexing"              daemon [_thread_blocked, id=21620, stack(0x00000013bab00000,0x00000013bac00000) (1024K)]
  0x0000017afa9ec730 JavaThread "Worker-2: Check JDK Index"         [_thread_blocked, id=9568, stack(0x00000013baf00000,0x00000013bb000000) (1024K)]
  0x0000017afa9ecdc0 JavaThread "Worker-3: Initialize workspace"        [_thread_in_vm, id=27676, stack(0x00000013bb000000,0x00000013bb100000) (1024K)]
  0x0000017afa9e9940 JavaThread "Thread-1"                   daemon [_thread_in_native, id=18584, stack(0x00000013bb100000,0x00000013bb200000) (1024K)]
  0x0000017afa9ed450 JavaThread "Thread-2"                   daemon [_thread_in_native, id=19232, stack(0x00000013bb200000,0x00000013bb300000) (1024K)]
  0x0000017afa9edae0 JavaThread "Thread-3"                   daemon [_thread_in_native, id=11216, stack(0x00000013bb300000,0x00000013bb400000) (1024K)]
  0x0000017afa9ee170 JavaThread "Thread-4"                   daemon [_thread_in_native, id=28608, stack(0x00000013bb400000,0x00000013bb500000) (1024K)]
  0x0000017afa9ef520 JavaThread "Thread-5"                   daemon [_thread_in_native, id=3812, stack(0x00000013bb500000,0x00000013bb600000) (1024K)]
  0x0000017afa9efbb0 JavaThread "Thread-6"                   daemon [_thread_in_native, id=25328, stack(0x00000013bb600000,0x00000013bb700000) (1024K)]
  0x0000017afa9ee800 JavaThread "Thread-7"                   daemon [_thread_in_native, id=18880, stack(0x00000013bb700000,0x00000013bb800000) (1024K)]
  0x0000017afa9eee90 JavaThread "Thread-8"                   daemon [_thread_in_native, id=12812, stack(0x00000013bb800000,0x00000013bb900000) (1024K)]
  0x0000017afe38b150 JavaThread "Thread-9"                   daemon [_thread_in_native, id=16644, stack(0x00000013bb900000,0x00000013bba00000) (1024K)]
  0x0000017afe38d220 JavaThread "Thread-10"                  daemon [_thread_in_native, id=24292, stack(0x00000013bba00000,0x00000013bbb00000) (1024K)]
  0x0000017afe38a430 JavaThread "Thread-11"                  daemon [_thread_in_native, id=27160, stack(0x00000013bbb00000,0x00000013bbc00000) (1024K)]
  0x0000017afe38c500 JavaThread "Thread-12"                  daemon [_thread_in_native, id=21852, stack(0x00000013bbc00000,0x00000013bbd00000) (1024K)]
  0x0000017afe38b7e0 JavaThread "Thread-13"                  daemon [_thread_in_native, id=25672, stack(0x00000013bbd00000,0x00000013bbe00000) (1024K)]
  0x0000017afe38cb90 JavaThread "Thread-14"                  daemon [_thread_in_native, id=23912, stack(0x00000013bbe00000,0x00000013bbf00000) (1024K)]
  0x0000017afe38df40 JavaThread "Thread-15"                  daemon [_thread_in_native, id=22252, stack(0x00000013bbf00000,0x00000013bc000000) (1024K)]
  0x0000017afe38aac0 JavaThread "Thread-16"                  daemon [_thread_in_native, id=25772, stack(0x00000013bc000000,0x00000013bc100000) (1024K)]
  0x0000017afe38e5d0 JavaThread "Thread-17"                  daemon [_thread_in_native, id=16376, stack(0x00000013bc100000,0x00000013bc200000) (1024K)]
  0x0000017afe38ec60 JavaThread "pool-2-thread-1"                   [_thread_blocked, id=16712, stack(0x00000013bc200000,0x00000013bc300000) (1024K)]
  0x0000017afe38f2f0 JavaThread "WorkspaceEventsHandler"            [_thread_blocked, id=1520, stack(0x00000013bc700000,0x00000013bc800000) (1024K)]
  0x0000017afe38be70 JavaThread "pool-1-thread-1"                   [_thread_blocked, id=13140, stack(0x00000013bc800000,0x00000013bc900000) (1024K)]
  0x0000017afe390010 JavaThread "Worker-4"                          [_thread_blocked, id=22028, stack(0x00000013bc900000,0x00000013bca00000) (1024K)]
=>0x0000017afe391a50 JavaThread "ForkJoinPool.commonPool-worker-1" daemon [_thread_in_vm, id=6848, stack(0x00000013bca00000,0x00000013bcb00000) (1024K)]
  0x0000017ac1e69340 JavaThread "ForkJoinPool.commonPool-worker-2" daemon [_thread_in_vm, id=21688, stack(0x00000013bcb00000,0x00000013bcc00000) (1024K)]
  0x0000017ac1e6a060 JavaThread "Timer-0"                           [_thread_blocked, id=28800, stack(0x00000013bcc00000,0x00000013bcd00000) (1024K)]
  0x0000017ac1e67f90 JavaThread "Exec process"                      [_thread_blocked, id=28272, stack(0x00000013baa00000,0x00000013bab00000) (1024K)]
  0x0000017ac1e699d0 JavaThread "Exec process Thread 2"             [_thread_blocked, id=7316, stack(0x00000013bc300000,0x00000013bc400000) (1024K)]
  0x0000017ac1e6baa0 JavaThread "Exec process Thread 3"             [_thread_blocked, id=17260, stack(0x00000013bc400000,0x00000013bc500000) (1024K)]
Total: 56

Other Threads:
  0x0000017af2dc3900 VMThread "VM Thread"                           [id=6260, stack(0x00000013b8400000,0x00000013b8500000) (1024K)] _threads_hazard_ptr=0x0000017afe54e790
  0x0000017af2cbba00 WatcherThread "VM Periodic Task Thread"        [id=3596, stack(0x00000013b8300000,0x00000013b8400000) (1024K)]
  0x0000017ada63cb70 WorkerThread "GC Thread#0"                     [id=13972, stack(0x00000013b8200000,0x00000013b8300000) (1024K)]
  0x0000017afa820f10 WorkerThread "GC Thread#1"                     [id=22156, stack(0x00000013b9300000,0x00000013b9400000) (1024K)]
  0x0000017afa5341c0 WorkerThread "GC Thread#2"                     [id=11960, stack(0x00000013b9400000,0x00000013b9500000) (1024K)]
  0x0000017afa1039c0 WorkerThread "GC Thread#3"                     [id=9596, stack(0x00000013b9500000,0x00000013b9600000) (1024K)]
  0x0000017afa103d60 WorkerThread "GC Thread#4"                     [id=9604, stack(0x00000013b9600000,0x00000013b9700000) (1024K)]
  0x0000017afa89a120 WorkerThread "GC Thread#5"                     [id=27264, stack(0x00000013b9700000,0x00000013b9800000) (1024K)]
  0x0000017afa89a4c0 WorkerThread "GC Thread#6"                     [id=15744, stack(0x00000013b9800000,0x00000013b9900000) (1024K)]
  0x0000017afa8fdfd0 WorkerThread "GC Thread#7"                     [id=28576, stack(0x00000013b9c00000,0x00000013b9d00000) (1024K)]
  0x0000017afad9f0b0 WorkerThread "GC Thread#8"                     [id=2460, stack(0x00000013ba000000,0x00000013ba100000) (1024K)]
  0x0000017afaf700c0 WorkerThread "GC Thread#9"                     [id=4172, stack(0x00000013ba100000,0x00000013ba200000) (1024K)]
  0x0000017afaf70800 WorkerThread "GC Thread#10"                    [id=19700, stack(0x00000013ba200000,0x00000013ba300000) (1024K)]
  0x0000017afaf712e0 WorkerThread "GC Thread#11"                    [id=24424, stack(0x00000013ba600000,0x00000013ba700000) (1024K)]
  0x0000017afaf70460 WorkerThread "GC Thread#12"                    [id=12904, stack(0x00000013ba700000,0x00000013ba800000) (1024K)]
Total: 15

Threads with active compile tasks:
C1 CompilerThread0  6770 7397       3       java.util.Formatter$Flags::parse (63 bytes)
C1 CompilerThread1  6770 7396       3       java.util.Formatter$FormatSpecifier::flags (29 bytes)
C1 CompilerThread2  6770 7392       3       java.lang.Integer::parseInt (285 bytes)
C1 CompilerThread3  6770 7394       3       java.util.Formatter$FormatSpecifier::<init> (255 bytes)
Total: 4

VM state: synchronizing (normal execution)

VM Mutex/Monitor currently owned by a thread:  ([mutex/lock_event])
[0x00007ffdb7f6b4f0] Metaspace_lock - owner thread: 0x0000017afe391a50
[0x00007ffdb7f6d570] Threads_lock - owner thread: 0x0000017af2dc3900
[0x00007ffdb7f6d670] Heap_lock - owner thread: 0x0000017afe38be70

OutOfMemory and StackOverflow Exception counts:
OutOfMemoryError java_heap_errors=1
LinkageErrors=113

Heap address: 0x0000000080000000, size: 2048 MB, Compressed Oops mode: 32-bit

CDS archive(s) mapped at: [0x0000017a80000000-0x0000017a80ba0000-0x0000017a80ba0000), size 12189696, SharedBaseAddress: 0x0000017a80000000, ArchiveRelocationMode: 1.
Compressed class space mapped at: 0x0000017a81000000-0x0000017ac1000000, reserved size: 1073741824
Narrow klass base: 0x0000017a80000000, Narrow klass shift: 0, Narrow klass range: 0x100000000

GC Precious Log:
 CardTable entry size: 512
 CPUs: 16 total, 16 available
 Memory: 16107M
 Large Page Support: Disabled
 NUMA Support: Disabled
 Compressed Oops: Enabled (32-bit)
 Alignments: Space 512K, Generation 512K, Heap 2M
 Heap Min Capacity: 100M
 Heap Initial Capacity: 100M
 Heap Max Capacity: 2G
 Pre-touch: Disabled
 Parallel Workers: 13

Heap:
 PSYoungGen      total 13824K, used 13728K [0x00000000d5580000, 0x00000000d6700000, 0x0000000100000000)
  eden space 13312K, 100% used [0x00000000d5580000,0x00000000d6280000,0x00000000d6280000)
  from space 512K, 81% used [0x00000000d6680000,0x00000000d66e8000,0x00000000d6700000)
  to   space 512K, 0% used [0x00000000d6600000,0x00000000d6600000,0x00000000d6680000)
 ParOldGen       total 68608K, used 39127K [0x0000000080000000, 0x0000000084300000, 0x00000000d5580000)
  object space 68608K, 57% used [0x0000000080000000,0x0000000082635d20,0x0000000084300000)
 Metaspace       used 55810K, committed 57088K, reserved 1114112K
  class space    used 6576K, committed 7168K, reserved 1048576K

Card table byte_map: [0x0000017aee0f0000,0x0000017aee500000] _byte_map_base: 0x0000017aedcf0000

Marking Bits: (ParMarkBitMap*) 0x00007ffdb7f72460
 Begin Bits: [0x0000017aee7b0000, 0x0000017af07b0000)
 End Bits:   [0x0000017af07b0000, 0x0000017af27b0000)

Polling page: 0x0000017adeee0000

Metaspace:

Usage:
  Non-class:     48.08 MB used.
      Class:      6.42 MB used.
       Both:     54.50 MB used.

Virtual space:
  Non-class space:       64.00 MB reserved,      48.75 MB ( 76%) committed,  1 nodes.
      Class space:        1.00 GB reserved,       7.00 MB ( <1%) committed,  1 nodes.
             Both:        1.06 GB reserved,      55.75 MB (  5%) committed. 

Chunk freelists:
   Non-Class:  15.17 MB
       Class:  9.05 MB
        Both:  24.22 MB

MaxMetaspaceSize: unlimited
CompressedClassSpaceSize: 1.00 GB
Initial GC threshold: 21.00 MB
Current GC threshold: 58.38 MB
CDS: on
 - commit_granule_bytes: 65536.
 - commit_granule_words: 8192.
 - virtual_space_node_default_size: 8388608.
 - enlarge_chunks_in_place: 1.
 - use_allocation_guard: 0.


Internal statistics:

num_allocs_failed_limit: 6.
num_arena_births: 998.
num_arena_deaths: 14.
num_vsnodes_births: 2.
num_vsnodes_deaths: 0.
num_space_committed: 892.
num_space_uncommitted: 0.
num_chunks_returned_to_freelist: 20.
num_chunks_taken_from_freelist: 3389.
num_chunk_merges: 12.
num_chunk_splits: 2194.
num_chunks_enlarged: 1424.
num_inconsistent_stats: 0.

CodeHeap 'non-profiled nmethods': size=119168Kb used=4229Kb max_used=4229Kb free=114938Kb
 bounds [0x0000017ae6aa0000, 0x0000017ae6ed0000, 0x0000017aedf00000]
CodeHeap 'profiled nmethods': size=119104Kb used=14244Kb max_used=14244Kb free=104859Kb
 bounds [0x0000017adef00000, 0x0000017adfcf0000, 0x0000017ae6350000]
CodeHeap 'non-nmethods': size=7488Kb used=3069Kb max_used=3116Kb free=4418Kb
 bounds [0x0000017ae6350000, 0x0000017ae6670000, 0x0000017ae6aa0000]
CodeCache: size=245760Kb, used=21542Kb, max_used=21589Kb, free=224215Kb
 total_blobs=7512, nmethods=6828, adapters=587, full_count=0
Compilation: enabled, stopped_count=0, restarted_count=0

Compilation events (20 events):
Event: 6.527 Thread 0x0000017af43c37b0 nmethod 7331 0x0000017adfcc4690 code [0x0000017adfcc4820, 0x0000017adfcc4938]
Event: 6.530 Thread 0x0000017afa4cb150 7332       3       java.lang.invoke.LambdaForm$MH/0x0000017a8101e000::invoke (45 bytes)
Event: 6.530 Thread 0x0000017afa4cb150 nmethod 7332 0x0000017adfcc4a10 code [0x0000017adfcc4c00, 0x0000017adfcc5218]
Event: 6.531 Thread 0x0000017af43c3e50 7333       1       java.nio.DirectByteBuffer::cleaner (5 bytes)
Event: 6.531 Thread 0x0000017af43c3e50 nmethod 7333 0x0000017ae6ebd910 code [0x0000017ae6ebdaa0, 0x0000017ae6ebdb68]
Event: 6.534 Thread 0x0000017af43c3e50 7334 %     3       org.eclipse.jdt.internal.core.index.DiskIndex::readStreamChars @ 130 (529 bytes)
Event: 6.534 Thread 0x0000017afa4cb150 7335   !   3       java.io.FileInputStream::read (32 bytes)
Event: 6.535 Thread 0x0000017af43c3e50 nmethod 7334% 0x0000017adfcc5390 code [0x0000017adfcc5640, 0x0000017adfcc6710]
Event: 6.535 Thread 0x0000017afa4cb150 nmethod 7335 0x0000017adfcc6e10 code [0x0000017adfcc6fe0, 0x0000017adfcc7208]
Event: 6.535 Thread 0x0000017af42f51f0 7336       3       org.eclipse.jdt.internal.core.index.DiskIndex::readStreamChars (529 bytes)
Event: 6.535 Thread 0x0000017afa4cb150 7337       1       java.lang.invoke.MethodHandleImpl$AsVarargsCollector::getTarget (5 bytes)
Event: 6.535 Thread 0x0000017afa4cb150 nmethod 7337 0x0000017ae6ebdc10 code [0x0000017ae6ebdda0, 0x0000017ae6ebde68]
Event: 6.535 Thread 0x0000017af42f51f0 nmethod 7336 0x0000017adfcc7390 code [0x0000017adfcc7620, 0x0000017adfcc84e0]
Event: 6.535 Thread 0x0000017afb663c40 7338 %     4       org.eclipse.jdt.internal.core.index.DiskIndex::readStreamChars @ 130 (529 bytes)
Event: 6.536 Thread 0x0000017afacef950 7339       4       java.lang.invoke.MethodHandle::asTypeCached (52 bytes)
Event: 6.537 Thread 0x0000017afacef950 nmethod 7339 0x0000017ae6ebdf10 code [0x0000017ae6ebe0a0, 0x0000017ae6ebe160]
Event: 6.543 Thread 0x0000017af43c37b0 7340       3       com.sun.org.apache.xerces.internal.impl.dtd.XMLDTDValidator::getFeatureDefault (36 bytes)
Event: 6.543 Thread 0x0000017af43c37b0 nmethod 7340 0x0000017adfcc8a90 code [0x0000017adfcc8c60, 0x0000017adfcc8ef0]
Event: 6.543 Thread 0x0000017af43c3e50 7341       3       com.sun.org.apache.xerces.internal.dom.NodeImpl::isIdAttribute (29 bytes)
Event: 6.543 Thread 0x0000017af43c3e50 nmethod 7341 0x0000017adfcc9010 code [0x0000017adfcc91a0, 0x0000017adfcc9308]

GC Heap History (20 events):
Event: 5.142 GC heap before
{Heap before GC invocations=21 (full 2):
 PSYoungGen      total 23552K, used 23299K [0x00000000d5580000, 0x00000000d6e80000, 0x0000000100000000)
  eden space 22016K, 100% used [0x00000000d5580000,0x00000000d6b00000,0x00000000d6b00000)
  from space 1536K, 83% used [0x00000000d6d00000,0x00000000d6e40d88,0x00000000d6e80000)
  to   space 1536K, 0% used [0x00000000d6b80000,0x00000000d6b80000,0x00000000d6d00000)
 ParOldGen       total 68608K, used 22795K [0x0000000080000000, 0x0000000084300000, 0x00000000d5580000)
  object space 68608K, 33% used [0x0000000080000000,0x0000000081642ce0,0x0000000084300000)
 Metaspace       used 47471K, committed 48640K, reserved 1114112K
  class space    used 5234K, committed 5760K, reserved 1048576K
}
Event: 5.143 GC heap after
{Heap after GC invocations=21 (full 2):
 PSYoungGen      total 23040K, used 928K [0x00000000d5580000, 0x00000000d6e00000, 0x0000000100000000)
  eden space 22016K, 0% used [0x00000000d5580000,0x00000000d5580000,0x00000000d6b00000)
  from space 1024K, 90% used [0x00000000d6b80000,0x00000000d6c68000,0x00000000d6c80000)
  to   space 1536K, 0% used [0x00000000d6c80000,0x00000000d6c80000,0x00000000d6e00000)
 ParOldGen       total 68608K, used 23824K [0x0000000080000000, 0x0000000084300000, 0x00000000d5580000)
  object space 68608K, 34% used [0x0000000080000000,0x0000000081744358,0x0000000084300000)
 Metaspace       used 47471K, committed 48640K, reserved 1114112K
  class space    used 5234K, committed 5760K, reserved 1048576K
}
Event: 5.246 GC heap before
{Heap before GC invocations=22 (full 2):
 PSYoungGen      total 23040K, used 22944K [0x00000000d5580000, 0x00000000d6e00000, 0x0000000100000000)
  eden space 22016K, 100% used [0x00000000d5580000,0x00000000d6b00000,0x00000000d6b00000)
  from space 1024K, 90% used [0x00000000d6b80000,0x00000000d6c68000,0x00000000d6c80000)
  to   space 1536K, 0% used [0x00000000d6c80000,0x00000000d6c80000,0x00000000d6e00000)
 ParOldGen       total 68608K, used 23824K [0x0000000080000000, 0x0000000084300000, 0x00000000d5580000)
  object space 68608K, 34% used [0x0000000080000000,0x0000000081744358,0x0000000084300000)
 Metaspace       used 48822K, committed 50048K, reserved 1114112K
  class space    used 5468K, committed 6016K, reserved 1048576K
}
Event: 5.247 GC heap after
{Heap after GC invocations=22 (full 2):
 PSYoungGen      total 14848K, used 1535K [0x00000000d5580000, 0x00000000d7f00000, 0x0000000100000000)
  eden space 13312K, 0% used [0x00000000d5580000,0x00000000d5580000,0x00000000d6280000)
  from space 1536K, 99% used [0x00000000d6c80000,0x00000000d6dffd60,0x00000000d6e00000)
  to   space 10240K, 0% used [0x00000000d6280000,0x00000000d6280000,0x00000000d6c80000)
 ParOldGen       total 68608K, used 31152K [0x0000000080000000, 0x0000000084300000, 0x00000000d5580000)
  object space 68608K, 45% used [0x0000000080000000,0x0000000081e6c208,0x0000000084300000)
 Metaspace       used 48822K, committed 50048K, reserved 1114112K
  class space    used 5468K, committed 6016K, reserved 1048576K
}
Event: 5.375 GC heap before
{Heap before GC invocations=23 (full 2):
 PSYoungGen      total 14848K, used 14847K [0x00000000d5580000, 0x00000000d7f00000, 0x0000000100000000)
  eden space 13312K, 100% used [0x00000000d5580000,0x00000000d6280000,0x00000000d6280000)
  from space 1536K, 99% used [0x00000000d6c80000,0x00000000d6dffd60,0x00000000d6e00000)
  to   space 10240K, 0% used [0x00000000d6280000,0x00000000d6280000,0x00000000d6c80000)
 ParOldGen       total 68608K, used 31152K [0x0000000080000000, 0x0000000084300000, 0x00000000d5580000)
  object space 68608K, 45% used [0x0000000080000000,0x0000000081e6c208,0x0000000084300000)
 Metaspace       used 49825K, committed 51072K, reserved 1114112K
  class space    used 5651K, committed 6208K, reserved 1048576K
}
Event: 5.377 GC heap after
{Heap after GC invocations=23 (full 2):
 PSYoungGen      total 14336K, used 640K [0x00000000d5580000, 0x00000000d6d00000, 0x0000000100000000)
  eden space 13312K, 0% used [0x00000000d5580000,0x00000000d5580000,0x00000000d6280000)
  from space 1024K, 62% used [0x00000000d6280000,0x00000000d6320000,0x00000000d6380000)
  to   space 4096K, 0% used [0x00000000d6900000,0x00000000d6900000,0x00000000d6d00000)
 ParOldGen       total 68608K, used 32707K [0x0000000080000000, 0x0000000084300000, 0x00000000d5580000)
  object space 68608K, 47% used [0x0000000080000000,0x0000000081ff0fe8,0x0000000084300000)
 Metaspace       used 49825K, committed 51072K, reserved 1114112K
  class space    used 5651K, committed 6208K, reserved 1048576K
}
Event: 5.532 GC heap before
{Heap before GC invocations=24 (full 2):
 PSYoungGen      total 14336K, used 13952K [0x00000000d5580000, 0x00000000d6d00000, 0x0000000100000000)
  eden space 13312K, 100% used [0x00000000d5580000,0x00000000d6280000,0x00000000d6280000)
  from space 1024K, 62% used [0x00000000d6280000,0x00000000d6320000,0x00000000d6380000)
  to   space 4096K, 0% used [0x00000000d6900000,0x00000000d6900000,0x00000000d6d00000)
 ParOldGen       total 68608K, used 32707K [0x0000000080000000, 0x0000000084300000, 0x00000000d5580000)
  object space 68608K, 47% used [0x0000000080000000,0x0000000081ff0fe8,0x0000000084300000)
 Metaspace       used 50307K, committed 51584K, reserved 1114112K
  class space    used 5712K, committed 6272K, reserved 1048576K
}
Event: 5.533 GC heap after
{Heap after GC invocations=24 (full 2):
 PSYoungGen      total 13824K, used 480K [0x00000000d5580000, 0x00000000d6980000, 0x0000000100000000)
  eden space 13312K, 0% used [0x00000000d5580000,0x00000000d5580000,0x00000000d6280000)
  from space 512K, 93% used [0x00000000d6900000,0x00000000d6978000,0x00000000d6980000)
  to   space 1536K, 0% used [0x00000000d6680000,0x00000000d6680000,0x00000000d6800000)
 ParOldGen       total 68608K, used 33175K [0x0000000080000000, 0x0000000084300000, 0x00000000d5580000)
  object space 68608K, 48% used [0x0000000080000000,0x0000000082065ff8,0x0000000084300000)
 Metaspace       used 50307K, committed 51584K, reserved 1114112K
  class space    used 5712K, committed 6272K, reserved 1048576K
}
Event: 5.673 GC heap before
{Heap before GC invocations=25 (full 2):
 PSYoungGen      total 13824K, used 13792K [0x00000000d5580000, 0x00000000d6980000, 0x0000000100000000)
  eden space 13312K, 100% used [0x00000000d5580000,0x00000000d6280000,0x00000000d6280000)
  from space 512K, 93% used [0x00000000d6900000,0x00000000d6978000,0x00000000d6980000)
  to   space 1536K, 0% used [0x00000000d6680000,0x00000000d6680000,0x00000000d6800000)
 ParOldGen       total 68608K, used 33175K [0x0000000080000000, 0x0000000084300000, 0x00000000d5580000)
  object space 68608K, 48% used [0x0000000080000000,0x0000000082065ff8,0x0000000084300000)
 Metaspace       used 50314K, committed 51584K, reserved 1114112K
  class space    used 5712K, committed 6272K, reserved 1048576K
}
Event: 5.674 GC heap after
{Heap after GC invocations=25 (full 2):
 PSYoungGen      total 14848K, used 512K [0x00000000d5580000, 0x00000000d6980000, 0x0000000100000000)
  eden space 13312K, 0% used [0x00000000d5580000,0x00000000d5580000,0x00000000d6280000)
  from space 1536K, 33% used [0x00000000d6680000,0x00000000d6700000,0x00000000d6800000)
  to   space 1024K, 0% used [0x00000000d6880000,0x00000000d6880000,0x00000000d6980000)
 ParOldGen       total 68608K, used 33544K [0x0000000080000000, 0x0000000084300000, 0x00000000d5580000)
  object space 68608K, 48% used [0x0000000080000000,0x00000000820c23a8,0x0000000084300000)
 Metaspace       used 50314K, committed 51584K, reserved 1114112K
  class space    used 5712K, committed 6272K, reserved 1048576K
}
Event: 5.734 GC heap before
{Heap before GC invocations=26 (full 2):
 PSYoungGen      total 14848K, used 13824K [0x00000000d5580000, 0x00000000d6980000, 0x0000000100000000)
  eden space 13312K, 100% used [0x00000000d5580000,0x00000000d6280000,0x00000000d6280000)
  from space 1536K, 33% used [0x00000000d6680000,0x00000000d6700000,0x00000000d6800000)
  to   space 1024K, 0% used [0x00000000d6880000,0x00000000d6880000,0x00000000d6980000)
 ParOldGen       total 68608K, used 33544K [0x0000000080000000, 0x0000000084300000, 0x00000000d5580000)
  object space 68608K, 48% used [0x0000000080000000,0x00000000820c23a8,0x0000000084300000)
 Metaspace       used 50355K, committed 51584K, reserved 1114112K
  class space    used 5717K, committed 6272K, reserved 1048576K
}
Event: 5.735 GC heap after
{Heap after GC invocations=26 (full 2):
 PSYoungGen      total 14336K, used 1023K [0x00000000d5580000, 0x00000000d6c80000, 0x0000000100000000)
  eden space 13312K, 0% used [0x00000000d5580000,0x00000000d5580000,0x00000000d6280000)
  from space 1024K, 99% used [0x00000000d6880000,0x00000000d697fc50,0x00000000d6980000)
  to   space 5120K, 0% used [0x00000000d6280000,0x00000000d6280000,0x00000000d6780000)
 ParOldGen       total 68608K, used 36674K [0x0000000080000000, 0x0000000084300000, 0x00000000d5580000)
  object space 68608K, 53% used [0x0000000080000000,0x00000000823d08f8,0x0000000084300000)
 Metaspace       used 50355K, committed 51584K, reserved 1114112K
  class space    used 5717K, committed 6272K, reserved 1048576K
}
Event: 5.851 GC heap before
{Heap before GC invocations=27 (full 2):
 PSYoungGen      total 14336K, used 14335K [0x00000000d5580000, 0x00000000d6c80000, 0x0000000100000000)
  eden space 13312K, 100% used [0x00000000d5580000,0x00000000d6280000,0x00000000d6280000)
  from space 1024K, 99% used [0x00000000d6880000,0x00000000d697fc50,0x00000000d6980000)
  to   space 5120K, 0% used [0x00000000d6280000,0x00000000d6280000,0x00000000d6780000)
 ParOldGen       total 68608K, used 36674K [0x0000000080000000, 0x0000000084300000, 0x00000000d5580000)
  object space 68608K, 53% used [0x0000000080000000,0x00000000823d08f8,0x0000000084300000)
 Metaspace       used 51249K, committed 52480K, reserved 1114112K
  class space    used 5909K, committed 6464K, reserved 1048576K
}
Event: 5.852 GC heap after
{Heap after GC invocations=27 (full 2):
 PSYoungGen      total 14336K, used 784K [0x00000000d5580000, 0x00000000d6900000, 0x0000000100000000)
  eden space 13312K, 0% used [0x00000000d5580000,0x00000000d5580000,0x00000000d6280000)
  from space 1024K, 76% used [0x00000000d6280000,0x00000000d6344010,0x00000000d6380000)
  to   space 2048K, 0% used [0x00000000d6700000,0x00000000d6700000,0x00000000d6900000)
 ParOldGen       total 68608K, used 37687K [0x0000000080000000, 0x0000000084300000, 0x00000000d5580000)
  object space 68608K, 54% used [0x0000000080000000,0x00000000824cdcc0,0x0000000084300000)
 Metaspace       used 51249K, committed 52480K, reserved 1114112K
  class space    used 5909K, committed 6464K, reserved 1048576K
}
Event: 5.964 GC heap before
{Heap before GC invocations=28 (full 2):
 PSYoungGen      total 14336K, used 14096K [0x00000000d5580000, 0x00000000d6900000, 0x0000000100000000)
  eden space 13312K, 100% used [0x00000000d5580000,0x00000000d6280000,0x00000000d6280000)
  from space 1024K, 76% used [0x00000000d6280000,0x00000000d6344010,0x00000000d6380000)
  to   space 2048K, 0% used [0x00000000d6700000,0x00000000d6700000,0x00000000d6900000)
 ParOldGen       total 68608K, used 37687K [0x0000000080000000, 0x0000000084300000, 0x00000000d5580000)
  object space 68608K, 54% used [0x0000000080000000,0x00000000824cdcc0,0x0000000084300000)
 Metaspace       used 52973K, committed 54272K, reserved 1114112K
  class space    used 6174K, committed 6784K, reserved 1048576K
}
Event: 5.965 GC heap after
{Heap after GC invocations=28 (full 2):
 PSYoungGen      total 14336K, used 576K [0x00000000d5580000, 0x00000000d6800000, 0x0000000100000000)
  eden space 13312K, 0% used [0x00000000d5580000,0x00000000d5580000,0x00000000d6280000)
  from space 1024K, 56% used [0x00000000d6700000,0x00000000d6790000,0x00000000d6800000)
  to   space 1024K, 0% used [0x00000000d6280000,0x00000000d6280000,0x00000000d6380000)
 ParOldGen       total 68608K, used 38319K [0x0000000080000000, 0x0000000084300000, 0x00000000d5580000)
  object space 68608K, 55% used [0x0000000080000000,0x000000008256bcf0,0x0000000084300000)
 Metaspace       used 52973K, committed 54272K, reserved 1114112K
  class space    used 6174K, committed 6784K, reserved 1048576K
}
Event: 6.073 GC heap before
{Heap before GC invocations=29 (full 2):
 PSYoungGen      total 14336K, used 13888K [0x00000000d5580000, 0x00000000d6800000, 0x0000000100000000)
  eden space 13312K, 100% used [0x00000000d5580000,0x00000000d6280000,0x00000000d6280000)
  from space 1024K, 56% used [0x00000000d6700000,0x00000000d6790000,0x00000000d6800000)
  to   space 1024K, 0% used [0x00000000d6280000,0x00000000d6280000,0x00000000d6380000)
 ParOldGen       total 68608K, used 38319K [0x0000000080000000, 0x0000000084300000, 0x00000000d5580000)
  object space 68608K, 55% used [0x0000000080000000,0x000000008256bcf0,0x0000000084300000)
 Metaspace       used 54362K, committed 55744K, reserved 1114112K
  class space    used 6425K, committed 7040K, reserved 1048576K
}
Event: 6.074 GC heap after
{Heap after GC invocations=29 (full 2):
 PSYoungGen      total 14336K, used 640K [0x00000000d5580000, 0x00000000d6780000, 0x0000000100000000)
  eden space 13312K, 0% used [0x00000000d5580000,0x00000000d5580000,0x00000000d6280000)
  from space 1024K, 62% used [0x00000000d6280000,0x00000000d6320010,0x00000000d6380000)
  to   space 1024K, 0% used [0x00000000d6680000,0x00000000d6680000,0x00000000d6780000)
 ParOldGen       total 68608K, used 38671K [0x0000000080000000, 0x0000000084300000, 0x00000000d5580000)
  object space 68608K, 56% used [0x0000000080000000,0x00000000825c3cf0,0x0000000084300000)
 Metaspace       used 54362K, committed 55744K, reserved 1114112K
  class space    used 6425K, committed 7040K, reserved 1048576K
}
Event: 6.353 GC heap before
{Heap before GC invocations=30 (full 2):
 PSYoungGen      total 14336K, used 13952K [0x00000000d5580000, 0x00000000d6780000, 0x0000000100000000)
  eden space 13312K, 100% used [0x00000000d5580000,0x00000000d6280000,0x00000000d6280000)
  from space 1024K, 62% used [0x00000000d6280000,0x00000000d6320010,0x00000000d6380000)
  to   space 1024K, 0% used [0x00000000d6680000,0x00000000d6680000,0x00000000d6780000)
 ParOldGen       total 68608K, used 38671K [0x0000000080000000, 0x0000000084300000, 0x00000000d5580000)
  object space 68608K, 56% used [0x0000000080000000,0x00000000825c3cf0,0x0000000084300000)
 Metaspace       used 55168K, committed 56512K, reserved 1114112K
  class space    used 6508K, committed 7104K, reserved 1048576K
}
Event: 6.354 GC heap after
{Heap after GC invocations=30 (full 2):
 PSYoungGen      total 13824K, used 416K [0x00000000d5580000, 0x00000000d6700000, 0x0000000100000000)
  eden space 13312K, 0% used [0x00000000d5580000,0x00000000d5580000,0x00000000d6280000)
  from space 512K, 81% used [0x00000000d6680000,0x00000000d66e8000,0x00000000d6700000)
  to   space 512K, 0% used [0x00000000d6600000,0x00000000d6600000,0x00000000d6680000)
 ParOldGen       total 68608K, used 39127K [0x0000000080000000, 0x0000000084300000, 0x00000000d5580000)
  object space 68608K, 57% used [0x0000000080000000,0x0000000082635d20,0x0000000084300000)
 Metaspace       used 55168K, committed 56512K, reserved 1114112K
  class space    used 6508K, committed 7104K, reserved 1048576K
}

Dll operation events (13 events):
Event: 0.009 Loaded shared library c:\Users\arnav\.antigravity\extensions\redhat.java-1.52.0-win32-x64\jre\21.0.9-win32-x86_64\bin\java.dll
Event: 0.067 Loaded shared library c:\Users\arnav\.antigravity\extensions\redhat.java-1.52.0-win32-x64\jre\21.0.9-win32-x86_64\bin\zip.dll
Event: 0.086 Loaded shared library C:\Users\arnav\.antigravity\extensions\redhat.java-1.52.0-win32-x64\jre\21.0.9-win32-x86_64\bin\instrument.dll
Event: 0.090 Loaded shared library C:\Users\arnav\.antigravity\extensions\redhat.java-1.52.0-win32-x64\jre\21.0.9-win32-x86_64\bin\net.dll
Event: 0.092 Loaded shared library C:\Users\arnav\.antigravity\extensions\redhat.java-1.52.0-win32-x64\jre\21.0.9-win32-x86_64\bin\nio.dll
Event: 0.095 Loaded shared library C:\Users\arnav\.antigravity\extensions\redhat.java-1.52.0-win32-x64\jre\21.0.9-win32-x86_64\bin\zip.dll
Event: 0.114 Loaded shared library C:\Users\arnav\.antigravity\extensions\redhat.java-1.52.0-win32-x64\jre\21.0.9-win32-x86_64\bin\jimage.dll
Event: 0.199 Loaded shared library c:\Users\arnav\.antigravity\extensions\redhat.java-1.52.0-win32-x64\jre\21.0.9-win32-x86_64\bin\verify.dll
Event: 1.355 Loaded shared library C:\Users\arnav\AppData\Roaming\Antigravity\User\globalStorage\redhat.java\1.52.0\config_win\org.eclipse.equinox.launcher\org.eclipse.equinox.launcher.win32.win32.x86_64_1.2.1500.v20260121-1430\eclipse_11919.dll
Event: 2.533 Loaded shared library C:\Users\arnav\AppData\Local\Temp\jna-93086546\jna5021783284699794865.dll
Event: 5.281 Loaded shared library C:\Users\arnav\.gradle\native\c067742578af261105cb4f569cf0c3c89f3d7b1fecec35dd04571415982c5e48\windows-amd64\native-platform.dll
Event: 5.934 Loaded shared library C:\Users\arnav\.antigravity\extensions\redhat.java-1.52.0-win32-x64\jre\21.0.9-win32-x86_64\bin\management.dll
Event: 5.935 Loaded shared library C:\Users\arnav\.antigravity\extensions\redhat.java-1.52.0-win32-x64\jre\21.0.9-win32-x86_64\bin\management_ext.dll

Deoptimization events (20 events):
Event: 6.442 Thread 0x0000017afe38be70 Uncommon trap: trap_request=0xffffffc6 fr.pc=0x0000017ae6dd8fa8 relative=0x0000000000002088
Event: 6.442 Thread 0x0000017afe38be70 Uncommon trap: reason=bimorphic_or_optimized_type_check action=maybe_recompile pc=0x0000017ae6dd8fa8 method=com.google.gson.internal.bind.TypeAdapterRuntimeTypeWrapper.read(Lcom/google/gson/stream/JsonReader;)Ljava/lang/Object; @ 5 c2
Event: 6.442 Thread 0x0000017afe38be70 DEOPT PACKING pc=0x0000017ae6dd8fa8 sp=0x00000013bc8fe510
Event: 6.442 Thread 0x0000017afe38be70 DEOPT UNPACKING pc=0x0000017ae63a3aa2 sp=0x00000013bc8fe578 mode 2
Event: 6.442 Thread 0x0000017afe38be70 Uncommon trap: trap_request=0xffffff45 fr.pc=0x0000017ae6e9545c relative=0x000000000000075c
Event: 6.442 Thread 0x0000017afe38be70 Uncommon trap: reason=unstable_if action=reinterpret pc=0x0000017ae6e9545c method=com.google.gson.internal.LinkedTreeMap.put(Ljava/lang/Object;Ljava/lang/Object;)Ljava/lang/Object; @ 15 c2
Event: 6.442 Thread 0x0000017afe38be70 DEOPT PACKING pc=0x0000017ae6e9545c sp=0x00000013bc8fe4a0
Event: 6.442 Thread 0x0000017afe38be70 DEOPT UNPACKING pc=0x0000017ae63a3aa2 sp=0x00000013bc8fe460 mode 2
Event: 6.444 Thread 0x0000017afe38be70 Uncommon trap: trap_request=0xffffff76 fr.pc=0x0000017ae6e5fe58 relative=0x00000000000001b8
Event: 6.444 Thread 0x0000017afe38be70 Uncommon trap: reason=predicate action=maybe_recompile pc=0x0000017ae6e5fe58 method=java.util.LinkedHashMap.keysToArray([Ljava/lang/Object;Z)[Ljava/lang/Object; @ 53 c2
Event: 6.444 Thread 0x0000017afe38be70 DEOPT PACKING pc=0x0000017ae6e5fe58 sp=0x00000013bc8fe700
Event: 6.444 Thread 0x0000017afe38be70 DEOPT UNPACKING pc=0x0000017ae63a3aa2 sp=0x00000013bc8fe690 mode 2
Event: 6.446 Thread 0x0000017afe38be70 Uncommon trap: trap_request=0xfffffff4 fr.pc=0x0000017ae6e3e814 relative=0x0000000000000454
Event: 6.446 Thread 0x0000017afe38be70 Uncommon trap: reason=null_check action=make_not_entrant pc=0x0000017ae6e3e814 method=java.io.File.equals(Ljava/lang/Object;)Z @ 1 c2
Event: 6.446 Thread 0x0000017afe38be70 DEOPT PACKING pc=0x0000017ae6e3e814 sp=0x00000013bc8fe6b0
Event: 6.446 Thread 0x0000017afe38be70 DEOPT UNPACKING pc=0x0000017ae63a3aa2 sp=0x00000013bc8fe668 mode 2
Event: 6.534 Thread 0x0000017ac1e69340 Uncommon trap: trap_request=0xffffff45 fr.pc=0x0000017ae6dbe5f0 relative=0x0000000000000a70
Event: 6.534 Thread 0x0000017ac1e69340 Uncommon trap: reason=unstable_if action=reinterpret pc=0x0000017ae6dbe5f0 method=org.eclipse.jdt.internal.core.index.DiskIndex.readStreamChars(Ljava/io/InputStream;)[C @ 199 c2
Event: 6.534 Thread 0x0000017ac1e69340 DEOPT PACKING pc=0x0000017ae6dbe5f0 sp=0x00000013bcbfe880
Event: 6.534 Thread 0x0000017ac1e69340 DEOPT UNPACKING pc=0x0000017ae63a3aa2 sp=0x00000013bcbfe7f8 mode 2

Classes loaded (20 events):
Event: 6.245 Loading class java/security/DigestInputStream
Event: 6.245 Loading class java/security/DigestInputStream done
Event: 6.468 Loading class java/util/Collections$SynchronizedRandomAccessList
Event: 6.468 Loading class java/util/Collections$SynchronizedList
Event: 6.468 Loading class java/util/Collections$SynchronizedList done
Event: 6.468 Loading class java/util/Collections$SynchronizedRandomAccessList done
Event: 6.499 Loading class java/util/concurrent/CompletableFuture$Signaller
Event: 6.500 Loading class java/util/concurrent/CompletableFuture$Signaller done
Event: 6.537 Loading class java/util/concurrent/CompletableFuture$UniApply
Event: 6.537 Loading class java/util/concurrent/CompletableFuture$UniCompletion
Event: 6.537 Loading class java/util/concurrent/CompletableFuture$UniCompletion done
Event: 6.537 Loading class java/util/concurrent/CompletableFuture$UniApply done
Event: 6.538 Loading class java/util/concurrent/CompletableFuture$UniAccept
Event: 6.538 Loading class java/util/concurrent/CompletableFuture$UniAccept done
Event: 6.538 Loading class java/util/concurrent/CompletableFuture$UniExceptionally
Event: 6.539 Loading class java/util/concurrent/CompletableFuture$UniExceptionally done
Event: 6.543 Loading class java/lang/Throwable$WrappedPrintWriter
Event: 6.543 Loading class java/lang/Throwable$PrintStreamOrWriter
Event: 6.543 Loading class java/lang/Throwable$PrintStreamOrWriter done
Event: 6.543 Loading class java/lang/Throwable$WrappedPrintWriter done

Classes unloaded (7 events):
Event: 2.867 Thread 0x0000017af2dc3900 Unloading class 0x0000017a811ab400 'java/lang/invoke/LambdaForm$MH+0x0000017a811ab400'
Event: 2.867 Thread 0x0000017af2dc3900 Unloading class 0x0000017a811ab000 'java/lang/invoke/LambdaForm$MH+0x0000017a811ab000'
Event: 2.867 Thread 0x0000017af2dc3900 Unloading class 0x0000017a811aac00 'java/lang/invoke/LambdaForm$MH+0x0000017a811aac00'
Event: 2.867 Thread 0x0000017af2dc3900 Unloading class 0x0000017a811aa800 'java/lang/invoke/LambdaForm$MH+0x0000017a811aa800'
Event: 2.867 Thread 0x0000017af2dc3900 Unloading class 0x0000017a811aa400 'java/lang/invoke/LambdaForm$BMH+0x0000017a811aa400'
Event: 2.867 Thread 0x0000017af2dc3900 Unloading class 0x0000017a811aa000 'java/lang/invoke/LambdaForm$DMH+0x0000017a811aa000'
Event: 2.867 Thread 0x0000017af2dc3900 Unloading class 0x0000017a811a8c00 'java/lang/invoke/LambdaForm$DMH+0x0000017a811a8c00'

Classes redefined (0 events):
No events

Internal exceptions (20 events):
Event: 6.416 Thread 0x0000017afa9ec730 Exception <a 'sun/nio/fs/WindowsException'{0x00000000d5861b48}> (0x00000000d5861b48) 
thrown [s\src\hotspot\share\prims\jni.cpp, line 520]
Event: 6.416 Thread 0x0000017afa9ec730 Exception <a 'sun/nio/fs/WindowsException'{0x00000000d5865118}> (0x00000000d5865118) 
thrown [s\src\hotspot\share\prims\jni.cpp, line 520]
Event: 6.416 Thread 0x0000017afa9ec730 Exception <a 'sun/nio/fs/WindowsException'{0x00000000d58688e0}> (0x00000000d58688e0) 
thrown [s\src\hotspot\share\prims\jni.cpp, line 520]
Event: 6.417 Thread 0x0000017afa9ec730 Exception <a 'sun/nio/fs/WindowsException'{0x00000000d586c1c8}> (0x00000000d586c1c8) 
thrown [s\src\hotspot\share\prims\jni.cpp, line 520]
Event: 6.417 Thread 0x0000017afa9ec730 Exception <a 'sun/nio/fs/WindowsException'{0x00000000d586fe98}> (0x00000000d586fe98) 
thrown [s\src\hotspot\share\prims\jni.cpp, line 520]
Event: 6.417 Thread 0x0000017afa9ec730 Exception <a 'sun/nio/fs/WindowsException'{0x00000000d58738f8}> (0x00000000d58738f8) 
thrown [s\src\hotspot\share\prims\jni.cpp, line 520]
Event: 6.418 Thread 0x0000017afa9ec730 Exception <a 'sun/nio/fs/WindowsException'{0x00000000d58770c0}> (0x00000000d58770c0) 
thrown [s\src\hotspot\share\prims\jni.cpp, line 520]
Event: 6.418 Thread 0x0000017afa9ec730 Exception <a 'sun/nio/fs/WindowsException'{0x00000000d587a440}> (0x00000000d587a440) 
thrown [s\src\hotspot\share\prims\jni.cpp, line 520]
Event: 6.418 Thread 0x0000017afa9ec730 Exception <a 'sun/nio/fs/WindowsException'{0x00000000d5880e40}> (0x00000000d5880e40) 
thrown [s\src\hotspot\share\prims\jni.cpp, line 520]
Event: 6.418 Thread 0x0000017afa9ec730 Exception <a 'sun/nio/fs/WindowsException'{0x00000000d58842d0}> (0x00000000d58842d0) 
thrown [s\src\hotspot\share\prims\jni.cpp, line 520]
Event: 6.419 Thread 0x0000017afa9ec730 Exception <a 'sun/nio/fs/WindowsException'{0x00000000d58886c0}> (0x00000000d58886c0) 
thrown [s\src\hotspot\share\prims\jni.cpp, line 520]
Event: 6.419 Thread 0x0000017afa9ec730 Exception <a 'sun/nio/fs/WindowsException'{0x00000000d588f018}> (0x00000000d588f018) 
thrown [s\src\hotspot\share\prims\jni.cpp, line 520]
Event: 6.420 Thread 0x0000017afa9ec730 Exception <a 'sun/nio/fs/WindowsException'{0x00000000d5892928}> (0x00000000d5892928) 
thrown [s\src\hotspot\share\prims\jni.cpp, line 520]
Event: 6.446 Thread 0x0000017afe38be70 Implicit null exception at 0x0000017ae6e3e400 to 0x0000017ae6e3e804
Event: 6.447 Thread 0x0000017afe38be70 Exception <a 'sun/nio/fs/WindowsException'{0x00000000d5987640}> (0x00000000d5987640) 
thrown [s\src\hotspot\share\prims\jni.cpp, line 520]
Event: 6.447 Thread 0x0000017afe38be70 Exception <a 'sun/nio/fs/WindowsException'{0x00000000d5987fc0}> (0x00000000d5987fc0) 
thrown [s\src\hotspot\share\prims\jni.cpp, line 520]
Event: 6.447 Thread 0x0000017afe38be70 Exception <a 'sun/nio/fs/WindowsException'{0x00000000d598bf00}> (0x00000000d598bf00) 
thrown [s\src\hotspot\share\prims\jni.cpp, line 520]
Event: 6.448 Thread 0x0000017afe38be70 Exception <a 'sun/nio/fs/WindowsException'{0x00000000d598c870}> (0x00000000d598c870) 
thrown [s\src\hotspot\share\prims\jni.cpp, line 520]
Event: 6.535 Thread 0x0000017afe38be70 Exception <a 'java/lang/IncompatibleClassChangeError'{0x00000000d5d31508}: Found class java.lang.Object, but interface was expected> (0x00000000d5d31508) 
thrown [s\src\hotspot\share\interpreter\linkResolver.cpp, line 840]
Event: 6.542 Thread 0x0000017afe38be70 Exception <a 'java/lang/OutOfMemoryError'{0x00000000d5f1a268}: unable to create native thread: possibly out of memory or process/resource limits reached> (0x00000000d5f1a268) 
thrown [s\src\hotspot\share\prims\jvm.cpp, line 3026]

ZGC Phase Switch (0 events):
No events

VM Operations (20 events):
Event: 5.819 Executing VM operation: HandshakeAllThreads (Deoptimize)
Event: 5.819 Executing VM operation: HandshakeAllThreads (Deoptimize) done
Event: 5.851 Executing VM operation: ParallelGCFailedAllocation (Allocation Failure)
Event: 5.852 Executing VM operation: ParallelGCFailedAllocation (Allocation Failure) done
Event: 5.964 Executing VM operation: ParallelGCFailedAllocation (Allocation Failure)
Event: 5.965 Executing VM operation: ParallelGCFailedAllocation (Allocation Failure) done
Event: 6.073 Executing VM operation: ParallelGCFailedAllocation (Allocation Failure)
Event: 6.074 Executing VM operation: ParallelGCFailedAllocation (Allocation Failure) done
Event: 6.116 Executing VM operation: HandshakeAllThreads (Deoptimize)
Event: 6.116 Executing VM operation: HandshakeAllThreads (Deoptimize) done
Event: 6.222 Executing VM operation: HandshakeAllThreads (Deoptimize)
Event: 6.222 Executing VM operation: HandshakeAllThreads (Deoptimize) done
Event: 6.233 Executing VM operation: HandshakeAllThreads (Deoptimize)
Event: 6.234 Executing VM operation: HandshakeAllThreads (Deoptimize) done
Event: 6.353 Executing VM operation: ParallelGCFailedAllocation (Allocation Failure)
Event: 6.354 Executing VM operation: ParallelGCFailedAllocation (Allocation Failure) done
Event: 6.463 Executing VM operation: HandshakeAllThreads (Deoptimize)
Event: 6.463 Executing VM operation: HandshakeAllThreads (Deoptimize) done
Event: 6.464 Executing VM operation: HandshakeAllThreads (Deoptimize)
Event: 6.464 Executing VM operation: HandshakeAllThreads (Deoptimize) done

Memory protections (0 events):
No events

Nmethod flushes (20 events):
Event: 3.727 Thread 0x0000017af2dc3900 flushing  nmethod 0x0000017adf5c3010
Event: 3.727 Thread 0x0000017af2dc3900 flushing  nmethod 0x0000017adf5f3810
Event: 3.727 Thread 0x0000017af2dc3900 flushing  nmethod 0x0000017adf5f3c10
Event: 3.727 Thread 0x0000017af2dc3900 flushing  nmethod 0x0000017adf5f4510
Event: 3.727 Thread 0x0000017af2dc3900 flushing  nmethod 0x0000017adf5f4910
Event: 3.727 Thread 0x0000017af2dc3900 flushing  nmethod 0x0000017adf5f6410
Event: 3.727 Thread 0x0000017af2dc3900 flushing  nmethod 0x0000017adf5f7c10
Event: 3.727 Thread 0x0000017af2dc3900 flushing  nmethod 0x0000017adf5f8110
Event: 3.727 Thread 0x0000017af2dc3900 flushing  nmethod 0x0000017adf5f8e10
Event: 3.727 Thread 0x0000017af2dc3900 flushing  nmethod 0x0000017adf5f9290
Event: 3.727 Thread 0x0000017af2dc3900 flushing  nmethod 0x0000017adf5f9e10
Event: 3.727 Thread 0x0000017af2dc3900 flushing  nmethod 0x0000017adf5fb090
Event: 3.727 Thread 0x0000017af2dc3900 flushing  nmethod 0x0000017adf5fbf90
Event: 3.727 Thread 0x0000017af2dc3900 flushing  nmethod 0x0000017adf603010
Event: 3.727 Thread 0x0000017af2dc3900 flushing  nmethod 0x0000017adf65d590
Event: 3.727 Thread 0x0000017af2dc3900 flushing  nmethod 0x0000017adf663410
Event: 3.727 Thread 0x0000017af2dc3900 flushing  nmethod 0x0000017adf668010
Event: 3.727 Thread 0x0000017af2dc3900 flushing  nmethod 0x0000017adf6dfd10
Event: 3.727 Thread 0x0000017af2dc3900 flushing  nmethod 0x0000017adf6f2910
Event: 3.727 Thread 0x0000017af2dc3900 flushing  nmethod 0x0000017adf719690

Events (20 events):
Event: 3.511 Thread 0x0000017af43c3e50 Thread added: 0x0000017afe682880
Event: 3.512 Thread 0x0000017af42f51f0 Thread added: 0x0000017afd2560c0
Event: 3.514 Thread 0x0000017afa4cb150 Thread added: 0x0000017afccf9470
Event: 3.516 Thread 0x0000017af43c3e50 Thread added: 0x0000017ac152b7c0
Event: 3.770 Thread 0x0000017ada61ce70 Thread added: 0x0000017afe38f2f0
Event: 3.770 Thread 0x0000017ada61ce70 Thread added: 0x0000017afe38be70
Event: 4.107 Thread 0x0000017afa9ec730 Thread added: 0x0000017afe390010
Event: 4.904 Thread 0x0000017afa9eb380 Thread added: 0x0000017afe391a50
Event: 4.905 Thread 0x0000017afe391a50 Thread added: 0x0000017ac1e69340
Event: 5.119 Thread 0x0000017afa9ec730 Thread added: 0x0000017ac1e6a060
Event: 5.152 Thread 0x0000017afa9ec730 Thread added: 0x0000017ac1e6a6f0
Event: 5.677 Thread 0x0000017ac152b7c0 Thread exited: 0x0000017ac152b7c0
Event: 5.683 Thread 0x0000017afccf9470 Thread exited: 0x0000017afccf9470
Event: 5.684 Thread 0x0000017afd2560c0 Thread exited: 0x0000017afd2560c0
Event: 5.687 Thread 0x0000017afb2758a0 Thread exited: 0x0000017afb2758a0
Event: 5.687 Thread 0x0000017afe682880 Thread exited: 0x0000017afe682880
Event: 6.106 Thread 0x0000017ac1e6a6f0 Thread added: 0x0000017ac1e67f90
Event: 6.119 Thread 0x0000017ac1e67f90 Thread added: 0x0000017ac1e699d0
Event: 6.119 Thread 0x0000017ac1e67f90 Thread added: 0x0000017ac1e6baa0
Event: 6.224 Thread 0x0000017ac1e6a6f0 Thread exited: 0x0000017ac1e6a6f0


Dynamic libraries:
0x00007ff737a80000 - 0x00007ff737a8e000 	c:\Users\arnav\.antigravity\extensions\redhat.java-1.52.0-win32-x64\jre\21.0.9-win32-x86_64\bin\java.exe
0x00007ffea4f20000 - 0x00007ffea5188000 	C:\WINDOWS\SYSTEM32\ntdll.dll
0x00007ffea3b40000 - 0x00007ffea3c09000 	C:\WINDOWS\System32\KERNEL32.DLL
0x00007ffea2810000 - 0x00007ffea2c01000 	C:\WINDOWS\System32\KERNELBASE.dll
0x00007ffea1b30000 - 0x00007ffea1c7b000 	C:\WINDOWS\System32\ucrtbase.dll
0x00007ffe72720000 - 0x00007ffe72738000 	c:\Users\arnav\.antigravity\extensions\redhat.java-1.52.0-win32-x64\jre\21.0.9-win32-x86_64\bin\jli.dll
0x00007ffe69890000 - 0x00007ffe698ae000 	c:\Users\arnav\.antigravity\extensions\redhat.java-1.52.0-win32-x64\jre\21.0.9-win32-x86_64\bin\VCRUNTIME140.dll
0x00007ffea4ab0000 - 0x00007ffea4c76000 	C:\WINDOWS\System32\USER32.dll
0x00007ffe834c0000 - 0x00007ffe83753000 	C:\WINDOWS\WinSxS\amd64_microsoft.windows.common-controls_6595b64144ccf1df_6.0.26100.7824_none_3e0870b2e3345462\COMCTL32.dll
0x00007ffea1e00000 - 0x00007ffea1e27000 	C:\WINDOWS\System32\win32u.dll
0x00007ffea4c80000 - 0x00007ffea4d29000 	C:\WINDOWS\System32\msvcrt.dll
0x00007ffea2f90000 - 0x00007ffea2fbb000 	C:\WINDOWS\System32\GDI32.dll
0x00007ffea18c0000 - 0x00007ffea19eb000 	C:\WINDOWS\System32\gdi32full.dll
0x00007ffea19f0000 - 0x00007ffea1a93000 	C:\WINDOWS\System32\msvcp_win.dll
0x00007ffea2eb0000 - 0x00007ffea2ee1000 	C:\WINDOWS\System32\IMM32.DLL
0x00007ffe9cb70000 - 0x00007ffe9cb7c000 	c:\Users\arnav\.antigravity\extensions\redhat.java-1.52.0-win32-x64\jre\21.0.9-win32-x86_64\bin\vcruntime140_1.dll
0x00007ffe413d0000 - 0x00007ffe4145d000 	c:\Users\arnav\.antigravity\extensions\redhat.java-1.52.0-win32-x64\jre\21.0.9-win32-x86_64\bin\msvcp140.dll
0x00007ffdb72b0000 - 0x00007ffdb8050000 	c:\Users\arnav\.antigravity\extensions\redhat.java-1.52.0-win32-x64\jre\21.0.9-win32-x86_64\bin\server\jvm.dll
0x00007ffea4230000 - 0x00007ffea42e4000 	C:\WINDOWS\System32\ADVAPI32.dll
0x00007ffea3df0000 - 0x00007ffea3e96000 	C:\WINDOWS\System32\sechost.dll
0x00007ffea4110000 - 0x00007ffea4228000 	C:\WINDOWS\System32\RPCRT4.dll
0x00007ffea42f0000 - 0x00007ffea4364000 	C:\WINDOWS\System32\WS2_32.dll
0x00007ffea1660000 - 0x00007ffea16be000 	C:\WINDOWS\SYSTEM32\POWRPROF.dll
0x00007ffe99670000 - 0x00007ffe996a5000 	C:\WINDOWS\SYSTEM32\WINMM.dll
0x00007ffe8f900000 - 0x00007ffe8f90b000 	C:\WINDOWS\SYSTEM32\VERSION.dll
0x00007ffea1640000 - 0x00007ffea1654000 	C:\WINDOWS\SYSTEM32\UMPDC.dll
0x00007ffea0560000 - 0x00007ffea057b000 	C:\WINDOWS\SYSTEM32\kernel.appcore.dll
0x00007ffe892f0000 - 0x00007ffe892fa000 	c:\Users\arnav\.antigravity\extensions\redhat.java-1.52.0-win32-x64\jre\21.0.9-win32-x86_64\bin\jimage.dll
0x00007ffe9f330000 - 0x00007ffe9f572000 	C:\WINDOWS\SYSTEM32\DBGHELP.DLL
0x00007ffea37b0000 - 0x00007ffea3b36000 	C:\WINDOWS\System32\combase.dll
0x00007ffea3ea0000 - 0x00007ffea3f77000 	C:\WINDOWS\System32\OLEAUT32.dll
0x00007ffe88e00000 - 0x00007ffe88e3b000 	C:\WINDOWS\SYSTEM32\dbgcore.DLL
0x00007ffea2c10000 - 0x00007ffea2cb5000 	C:\WINDOWS\System32\bcryptPrimitives.dll
0x00007ffe76e00000 - 0x00007ffe76e0f000 	c:\Users\arnav\.antigravity\extensions\redhat.java-1.52.0-win32-x64\jre\21.0.9-win32-x86_64\bin\instrument.dll
0x00007ffe653e0000 - 0x00007ffe65400000 	c:\Users\arnav\.antigravity\extensions\redhat.java-1.52.0-win32-x64\jre\21.0.9-win32-x86_64\bin\java.dll
0x00007ffea3050000 - 0x00007ffea37a2000 	C:\WINDOWS\System32\SHELL32.dll
0x00007ffea1e30000 - 0x00007ffea1f9a000 	C:\WINDOWS\System32\wintypes.dll
0x00007ffea1fa0000 - 0x00007ffea2803000 	C:\WINDOWS\System32\windows.storage.dll
0x00007ffea4010000 - 0x00007ffea4106000 	C:\WINDOWS\System32\SHCORE.dll
0x00007ffea2cc0000 - 0x00007ffea2d27000 	C:\WINDOWS\System32\shlwapi.dll
0x00007ffea1720000 - 0x00007ffea1749000 	C:\WINDOWS\SYSTEM32\profapi.dll
0x00007ffe66520000 - 0x00007ffe66538000 	c:\Users\arnav\.antigravity\extensions\redhat.java-1.52.0-win32-x64\jre\21.0.9-win32-x86_64\bin\zip.dll
0x00007ffe86f20000 - 0x00007ffe86f30000 	C:\Users\arnav\.antigravity\extensions\redhat.java-1.52.0-win32-x64\jre\21.0.9-win32-x86_64\bin\net.dll
0x00007ffe945e0000 - 0x00007ffe94707000 	C:\WINDOWS\SYSTEM32\WINHTTP.dll
0x00007ffea0ab0000 - 0x00007ffea0b1b000 	C:\WINDOWS\system32\mswsock.dll
0x00007ffe642e0000 - 0x00007ffe642f6000 	C:\Users\arnav\.antigravity\extensions\redhat.java-1.52.0-win32-x64\jre\21.0.9-win32-x86_64\bin\nio.dll
0x00007ffe6fc70000 - 0x00007ffe6fc80000 	c:\Users\arnav\.antigravity\extensions\redhat.java-1.52.0-win32-x64\jre\21.0.9-win32-x86_64\bin\verify.dll
0x00007ffe42060000 - 0x00007ffe420a5000 	C:\Users\arnav\AppData\Roaming\Antigravity\User\globalStorage\redhat.java\1.52.0\config_win\org.eclipse.equinox.launcher\org.eclipse.equinox.launcher.win32.win32.x86_64_1.2.1500.v20260121-1430\eclipse_11919.dll
0x00007ffea4d40000 - 0x00007ffea4ed7000 	C:\WINDOWS\System32\ole32.dll
0x00007ffea0ea0000 - 0x00007ffea0ebb000 	C:\WINDOWS\SYSTEM32\CRYPTSP.dll
0x00007ffea04c0000 - 0x00007ffea04f9000 	C:\WINDOWS\system32\rsaenh.dll
0x00007ffea0b60000 - 0x00007ffea0b8b000 	C:\WINDOWS\SYSTEM32\USERENV.dll
0x00007ffea16f0000 - 0x00007ffea171a000 	C:\WINDOWS\SYSTEM32\bcrypt.dll
0x00007ffea0d00000 - 0x00007ffea0d0c000 	C:\WINDOWS\SYSTEM32\CRYPTBASE.dll
0x00007ffea0010000 - 0x00007ffea0044000 	C:\WINDOWS\SYSTEM32\IPHLPAPI.DLL
0x00007ffea4aa0000 - 0x00007ffea4aaa000 	C:\WINDOWS\System32\NSI.dll
0x00007ffe41fb0000 - 0x00007ffe41ff9000 	C:\Users\arnav\AppData\Local\Temp\jna-93086546\jna5021783284699794865.dll
0x00007ffea4d30000 - 0x00007ffea4d38000 	C:\WINDOWS\System32\PSAPI.DLL
0x00007ffe94740000 - 0x00007ffe9475e000 	C:\WINDOWS\SYSTEM32\dhcpcsvc6.DLL
0x00007ffe94710000 - 0x00007ffe94733000 	C:\WINDOWS\SYSTEM32\dhcpcsvc.DLL
0x00007ffe41990000 - 0x00007ffe419b7000 	C:\Users\arnav\.gradle\native\c067742578af261105cb4f569cf0c3c89f3d7b1fecec35dd04571415982c5e48\windows-amd64\native-platform.dll
0x00007ffe84280000 - 0x00007ffe8428a000 	C:\Users\arnav\.antigravity\extensions\redhat.java-1.52.0-win32-x64\jre\21.0.9-win32-x86_64\bin\management.dll
0x00007ffe731e0000 - 0x00007ffe731ec000 	C:\Users\arnav\.antigravity\extensions\redhat.java-1.52.0-win32-x64\jre\21.0.9-win32-x86_64\bin\management_ext.dll

JVMTI agents:
c:\Users\arnav\.antigravity\extensions\redhat.java-1.52.0-win32-x64\lombok\lombok-1.18.39-4050.jar path:c:\Users\arnav\.antigravity\extensions\redhat.java-1.52.0-win32-x64\jre\21.0.9-win32-x86_64\bin\instrument.dll, loaded, initialized, instrumentlib options:none

dbghelp: loaded successfully - version: 4.0.5 - missing functions: none
symbol engine: initialized successfully - sym options: 0x614 - pdb path: .;c:\Users\arnav\.antigravity\extensions\redhat.java-1.52.0-win32-x64\jre\21.0.9-win32-x86_64\bin;C:\WINDOWS\SYSTEM32;C:\WINDOWS\WinSxS\amd64_microsoft.windows.common-controls_6595b64144ccf1df_6.0.26100.7824_none_3e0870b2e3345462;c:\Users\arnav\.antigravity\extensions\redhat.java-1.52.0-win32-x64\jre\21.0.9-win32-x86_64\bin\server;C:\Users\arnav\AppData\Roaming\Antigravity\User\globalStorage\redhat.java\1.52.0\config_win\org.eclipse.equinox.launcher\org.eclipse.equinox.launcher.win32.win32.x86_64_1.2.1500.v20260121-1430;C:\Users\arnav\AppData\Local\Temp\jna-93086546;C:\Users\arnav\.gradle\native\c067742578af261105cb4f569cf0c3c89f3d7b1fecec35dd04571415982c5e48\windows-amd64

VM Arguments:
jvm_args: --add-modules=ALL-SYSTEM --add-opens=java.base/java.util=ALL-UNNAMED --add-opens=java.base/java.lang=ALL-UNNAMED --add-opens=java.base/sun.nio.fs=ALL-UNNAMED -Declipse.application=org.eclipse.jdt.ls.core.id1 -Dosgi.bundles.defaultStartLevel=4 -Declipse.product=org.eclipse.jdt.ls.core.product -Djava.import.generatesMetadataFilesAtProjectRoot=false -DDetectVMInstallationsJob.disabled=true -Dfile.encoding=utf8 -XX:+UseParallelGC -XX:GCTimeRatio=4 -XX:AdaptiveSizePolicyWeight=90 -Dsun.zip.disableMemoryMapping=true -Xmx2G -Xms100m -Xlog:disable -javaagent:c:\Users\arnav\.antigravity\extensions\redhat.java-1.52.0-win32-x64\lombok\lombok-1.18.39-4050.jar -XX:+HeapDumpOnOutOfMemoryError -XX:HeapDumpPath=c:\Users\arnav\AppData\Roaming\Antigravity\User\workspaceStorage\603311cd6a88f2ee341e435dc5e43a0b\redhat.java -Daether.dependencyCollector.impl=bf 
java_command: c:\Users\arnav\.antigravity\extensions\redhat.java-1.52.0-win32-x64\server\plugins\org.eclipse.equinox.launcher_1.7.100.v20251111-0406.jar -configuration c:\Users\arnav\AppData\Roaming\Antigravity\User\globalStorage\redhat.java\1.52.0\config_win -data c:\Users\arnav\AppData\Roaming\Antigravity\User\workspaceStorage\603311cd6a88f2ee341e435dc5e43a0b\redhat.java\jdt_ws --pipe=\\.\pipe\lsp-615d98ce56190c0cada386537d397863-sock
java_class_path (initial): c:\Users\arnav\.antigravity\extensions\redhat.java-1.52.0-win32-x64\server\plugins\org.eclipse.equinox.launcher_1.7.100.v20251111-0406.jar
Launcher Type: SUN_STANDARD

[Global flags]
    uintx AdaptiveSizePolicyWeight                 = 90                                        {product} {command line}
     intx CICompilerCount                          = 12                                        {product} {ergonomic}
    uintx GCTimeRatio                              = 4                                         {product} {command line}
     bool HeapDumpOnOutOfMemoryError               = true                                   {manageable} {command line}
    ccstr HeapDumpPath                             = c:\Users\arnav\AppData\Roaming\Antigravity\User\workspaceStorage\603311cd6a88f2ee341e435dc5e43a0b\redhat.java         {manageable} {command line}
   size_t InitialHeapSize                          = 104857600                                 {product} {command line}
   size_t MaxHeapSize                              = 2147483648                                {product} {command line}
   size_t MaxNewSize                               = 715653120                                 {product} {ergonomic}
   size_t MinHeapDeltaBytes                        = 524288                                    {product} {ergonomic}
   size_t MinHeapSize                              = 104857600                                 {product} {command line}
   size_t NewSize                                  = 34603008                                  {product} {ergonomic}
    uintx NonNMethodCodeHeapSize                   = 7602480                                {pd product} {ergonomic}
    uintx NonProfiledCodeHeapSize                  = 122027880                              {pd product} {ergonomic}
   size_t OldSize                                  = 70254592                                  {product} {ergonomic}
    uintx ProfiledCodeHeapSize                     = 122027880                              {pd product} {ergonomic}
    uintx ReservedCodeCacheSize                    = 251658240                              {pd product} {ergonomic}
     bool SegmentedCodeCache                       = true                                      {product} {ergonomic}
   size_t SoftMaxHeapSize                          = 2147483648                             {manageable} {ergonomic}
     bool UseCompressedOops                        = true                           {product lp64_product} {ergonomic}
     bool UseLargePagesIndividualAllocation        = false                                  {pd product} {ergonomic}
     bool UseParallelGC                            = true                                      {product} {command line}

Logging:
Log output configuration:
 #0: stdout all=off uptime,level,tags foldmultilines=false
 #1: stderr all=off uptime,level,tags foldmultilines=false

Release file:
JAVA_VERSION="21.0.9" 
MODULES="java.base java.compiler java.datatransfer java.xml java.prefs java.desktop java.instrument java.logging java.management java.security.sasl java.naming java.rmi java.management.rmi java.net.http java.scripting java.security.jgss java.transaction.xa java.sql java.sql.rowset java.xml.crypto java.se java.smartcardio jdk.accessibility jdk.internal.jvmstat jdk.attach jdk.charsets jdk.internal.opt jdk.zipfs jdk.compiler jdk.crypto.ec jdk.crypto.cryptoki jdk.crypto.mscapi jdk.dynalink jdk.internal.ed jdk.editpad jdk.hotspot.agent jdk.httpserver jdk.internal.le jdk.internal.vm.ci jdk.internal.vm.compiler jdk.internal.vm.compiler.management jdk.jartool jdk.javadoc jdk.jcmd jdk.management jdk.management.agent jdk.jconsole jdk.jdeps jdk.jdwp.agent jdk.jdi jdk.jfr jdk.jshell jdk.jsobject jdk.jstatd jdk.localedata jdk.management.jfr jdk.naming.dns jdk.naming.rmi jdk.net jdk.nio.mapmode jdk.random jdk.sctp jdk.security.auth jdk.security.jgss jdk.unsupported jdk.unsupported.desktop jdk.xml.dom" 

Environment Variables:
JAVA_HOME=C:\Program Files\Eclipse Adoptium\jdk-17.0.10.7-hotspot\
PATH=C:\Program Files\Eclipse Adoptium\jdk-17.0.10.7-hotspot\bin;C:\Program Files (x86)\NVIDIA Corporation\PhysX\Common;C:\WINDOWS\system32;C:\WINDOWS;C:\WINDOWS\System32\Wbem;C:\WINDOWS\System32\WindowsPowerShell\v1.0\;C:\WINDOWS\System32\OpenSSH\;C:\Program Files\dotnet\;C:\Program Files\Git\cmd;C:\Program Files\Microsoft SQL Server\170\Tools\Binn\;C:\Program Files\nodejs\;C:\Program Files\Docker\Docker\resources\bin;C:\Users\arnav\miniconda3;C:\Users\arnav\miniconda3\Library\mingw-w64\bin;C:\Users\arnav\miniconda3\Library\usr\bin;C:\Users\arnav\miniconda3\Library\bin;C:\Users\arnav\miniconda3\Scripts;C:\Users\arnav\AppData\Local\Programs\Python\Python310\;C:\Users\arnav\AppData\Local\Programs\Python\Python310\Scripts\;"C:\Users\arnav\AppData\Roaming\Microsoft\Windows\Start Menu\Programs\Python 3.10\Python 3.10 (64-bit).lnk;C:\Users\arnav\AppData\Local\Programs\Microsoft VS Code\bin";C:\Program Files\Tesseract-OCR;C:\Users\arnav\AppData\Local\Programs\Microsoft VS Code\bin;E:\Stuff\Antigravity\bin;C:\Users\arnav\AppData\Roaming\npm;E:\ffmpeg\bin;C:\Users\arnav\AppData\Local\Programs\Windsurf\bin;C:\Users\arnav\AppData\Local\Programs\Ollama;C:\Users\arnav\AppData\Roaming\Microsoft\Windows\Start Menu\Programs\Python 3.10;C:\Users\arnav\AppData\Roaming\Microsoft\Windows\Start Menu\Programs\Python 3.10\Python 3.10 (64-bit).lnk;C:\Users\arnav\AppData\Roaming\Microsoft\Windows\Start Menu\Programs\Python 3.10\Python 3.10 (64-bit).lnk;C:\Users\arnav\.local\bin;
USERNAME=arnav
OS=Windows_NT
PROCESSOR_IDENTIFIER=Intel64 Family 6 Model 186 Stepping 2, GenuineIntel
TMP=C:\Users\arnav\AppData\Local\Temp
TEMP=C:\Users\arnav\AppData\Local\Temp




Periodic native trim disabled

---------------  S Y S T E M  ---------------

OS:
 Windows 11 , 64 bit Build 26100 (10.0.26100.7705)
OS uptime: 0 days 16:34 hours
Hyper-V role detected

CPU: total 16 (initial active 16) (8 cores per cpu, 2 threads per core) family 6 model 186 stepping 2 microcode 0x4128, cx8, cmov, fxsr, ht, mmx, 3dnowpref, sse, sse2, sse3, ssse3, sse4.1, sse4.2, popcnt, lzcnt, tsc, tscinvbit, avx, avx2, aes, erms, clmul, bmi1, bmi2, adx, sha, fma, vzeroupper, clflush, clflushopt, clwb, hv, serialize, rdtscp, rdpid, fsrm, f16c, cet_ibt, cet_ss
Processor Information for processor 0
  Max Mhz: 2600, Current Mhz: 1024, Mhz Limit: 2600
Processor Information for processor 1
  Max Mhz: 2600, Current Mhz: 1024, Mhz Limit: 2600
Processor Information for processor 2
  Max Mhz: 2600, Current Mhz: 2600, Mhz Limit: 2600
Processor Information for processor 3
  Max Mhz: 2600, Current Mhz: 1024, Mhz Limit: 2600
Processor Information for processor 4
  Max Mhz: 2600, Current Mhz: 1024, Mhz Limit: 2600
Processor Information for processor 5
  Max Mhz: 2600, Current Mhz: 1024, Mhz Limit: 2600
Processor Information for processor 6
  Max Mhz: 2600, Current Mhz: 2600, Mhz Limit: 2600
Processor Information for processor 7
  Max Mhz: 2600, Current Mhz: 2600, Mhz Limit: 2600
Processor Information for processor 8
  Max Mhz: 2600, Current Mhz: 1300, Mhz Limit: 1898
Processor Information for processor 9
  Max Mhz: 2600, Current Mhz: 1900, Mhz Limit: 1898
Processor Information for processor 10
  Max Mhz: 2600, Current Mhz: 1300, Mhz Limit: 1898
Processor Information for processor 11
  Max Mhz: 2600, Current Mhz: 1300, Mhz Limit: 1898
Processor Information for processor 12
  Max Mhz: 2600, Current Mhz: 1300, Mhz Limit: 1898
Processor Information for processor 13
  Max Mhz: 2600, Current Mhz: 1300, Mhz Limit: 1898
Processor Information for processor 14
  Max Mhz: 2600, Current Mhz: 1300, Mhz Limit: 1898
Processor Information for processor 15
  Max Mhz: 2600, Current Mhz: 1300, Mhz Limit: 1898

Memory: 4k page, system-wide physical 16107M (3977M free)
TotalPageFile size 27912M (AvailPageFile size 2498M)
current process WorkingSet (physical memory assigned to process): 239M, peak: 271M
current process commit charge ("private bytes"): 361M, peak: 413M

vm_info: OpenJDK 64-Bit Server VM (21.0.9+10-LTS) for windows-amd64 JRE (21.0.9+10-LTS), built on 2025-10-21T00:00:00Z by "admin" with unknown MS VC++:1942

END.
