#
# There is insufficient memory for the Java Runtime Environment to continue.
# Native memory allocation (mmap) failed to map 65536 bytes. Error detail: Failed to commit metaspace.
# Possible reasons:
#   The system is out of physical RAM or swap space
#   This process is running with CompressedOops enabled, and the Java Heap may be blocking the growth of the native heap
# Possible solutions:
#   Reduce memory load on the system
#   Increase physical memory or swap space
#   Check if swap backing store is full
#   Decrease Java heap size (-Xmx/-Xms)
#   Decrease number of Java threads
#   Decrease Java thread stack sizes (-Xss)
#   Set larger code cache with -XX:ReservedCodeCacheSize=
#   JVM is running with Unscaled Compressed Oops mode in which the Java heap is
#     placed in the first 4GB address space. The Java Heap base address is the
#     maximum limit for the native heap growth. Please use -XX:HeapBaseMinAddress
#     to set the Java Heap base and to place the Java Heap above 4GB virtual address.
# This output file may be truncated or incomplete.
#
#  Out of Memory Error (virtualSpaceNode.cpp:113), pid=23632, tid=24276
#
# JRE version: OpenJDK Runtime Environment Temurin-21.0.9+10 (21.0.9+10) (build 21.0.9+10-LTS)
# Java VM: OpenJDK 64-Bit Server VM Temurin-21.0.9+10 (21.0.9+10-LTS, mixed mode, sharing, tiered, compressed oops, compressed class ptrs, parallel gc, windows-amd64)
# No core dump will be written. Minidumps are not enabled by default on client versions of Windows
#

---------------  S U M M A R Y ------------

Command Line: --add-modules=ALL-SYSTEM --add-opens=java.base/java.util=ALL-UNNAMED --add-opens=java.base/java.lang=ALL-UNNAMED --add-opens=java.base/sun.nio.fs=ALL-UNNAMED -Declipse.application=org.eclipse.jdt.ls.core.id1 -Dosgi.bundles.defaultStartLevel=4 -Declipse.product=org.eclipse.jdt.ls.core.product -Djava.import.generatesMetadataFilesAtProjectRoot=false -DDetectVMInstallationsJob.disabled=true -Dfile.encoding=utf8 -XX:+UseParallelGC -XX:GCTimeRatio=4 -XX:AdaptiveSizePolicyWeight=90 -Dsun.zip.disableMemoryMapping=true -Xmx2G -Xms100m -Xlog:disable -javaagent:c:\Users\arnav\.antigravity\extensions\redhat.java-1.52.0-win32-x64\lombok\lombok-1.18.39-4050.jar -XX:+HeapDumpOnOutOfMemoryError -XX:HeapDumpPath=c:\Users\arnav\AppData\Roaming\Antigravity\User\workspaceStorage\603311cd6a88f2ee341e435dc5e43a0b\redhat.java -Daether.dependencyCollector.impl=bf c:\Users\arnav\.antigravity\extensions\redhat.java-1.52.0-win32-x64\server\plugins\org.eclipse.equinox.launcher_1.7.100.v20251111-0406.jar -configuration c:\Users\arnav\AppData\Roaming\Antigravity\User\globalStorage\redhat.java\1.52.0\config_win -data c:\Users\arnav\AppData\Roaming\Antigravity\User\workspaceStorage\603311cd6a88f2ee341e435dc5e43a0b\redhat.java\jdt_ws --pipe=\\.\pipe\lsp-76dd976dd4a46593c990192a2d1f66b8-sock

Host: 13th Gen Intel(R) Core(TM) i5-13500H, 16 cores, 15G,  Windows 11 , 64 bit Build 26100 (10.0.26100.7705)
Time: Thu Mar 19 17:14:34 2026 India Standard Time elapsed time: 1.533268 seconds (0d 0h 0m 1s)

---------------  T H R E A D  ---------------

Current thread (0x00000223f39c4590):  JavaThread "Start Level: Equinox Container: 9ffaf42d-4da7-42fb-a88f-56b719db2700" daemon [_thread_in_vm, id=24276, stack(0x0000005cbaa00000,0x0000005cbab00000) (1024K)]

Stack: [0x0000005cbaa00000,0x0000005cbab00000]
Native frames: (J=compiled Java code, j=interpreted, Vv=VM code, C=native code)
V  [jvm.dll+0x6d6e29]
V  [jvm.dll+0x8b4b76]
V  [jvm.dll+0x8b712e]
V  [jvm.dll+0x8b7813]
V  [jvm.dll+0x283d86]
V  [jvm.dll+0x8b08be]
V  [jvm.dll+0x678824]
V  [jvm.dll+0x1e80ab]
V  [jvm.dll+0x1e7e6e]
V  [jvm.dll+0x67b122]
V  [jvm.dll+0x67af52]
V  [jvm.dll+0x6791fe]
V  [jvm.dll+0x683568]
V  [jvm.dll+0x28bfdd]
V  [jvm.dll+0x28d539]
V  [jvm.dll+0x211dcc]
V  [jvm.dll+0x21154d]
V  [jvm.dll+0x5b5a39]
V  [jvm.dll+0x82dee6]
V  [jvm.dll+0x478438]
V  [jvm.dll+0x47e268]
C  [java.dll+0x17ec]

Java frames: (J=compiled Java code, j=interpreted, Vv=VM code)
J 1175  java.lang.ClassLoader.defineClass1(Ljava/lang/ClassLoader;Ljava/lang/String;[BIILjava/security/ProtectionDomain;Ljava/lang/String;)Ljava/lang/Class; java.base@21.0.9 (0 bytes) @ 0x00000223a32bf791 [0x00000223a32bf6c0+0x00000000000000d1]
J 1968 c1 java.lang.ClassLoader.defineClass(Ljava/lang/String;[BIILjava/security/ProtectionDomain;)Ljava/lang/Class; java.base@21.0.9 (43 bytes) @ 0x000002239ba3bf7c [0x000002239ba3bc20+0x000000000000035c]
J 2706 c1 org.eclipse.osgi.internal.loader.ModuleClassLoader.defineClass(Ljava/lang/String;[BLorg/eclipse/osgi/internal/loader/classpath/ClasspathEntry;)Lorg/eclipse/osgi/internal/loader/ModuleClassLoader$DefineClassResult; (67 bytes) @ 0x000002239bbf734c [0x000002239bbf7020+0x000000000000032c]
J 3043 c1 org.eclipse.osgi.internal.loader.classpath.ClasspathManager.defineClass(Ljava/lang/String;[BLorg/eclipse/osgi/internal/loader/classpath/ClasspathEntry;Lorg/eclipse/osgi/storage/bundlefile/BundleEntry;Ljava/util/List;)Ljava/lang/Class; (636 bytes) @ 0x000002239bcc3064 [0x000002239bcc15c0+0x0000000000001aa4]
J 2672 c1 org.eclipse.osgi.internal.loader.classpath.ClasspathManager.findClassImpl(Ljava/lang/String;Lorg/eclipse/osgi/internal/loader/classpath/ClasspathEntry;Ljava/util/List;)Ljava/lang/Class; (328 bytes) @ 0x000002239bbe392c [0x000002239bbe05a0+0x000000000000338c]
J 2671 c1 org.eclipse.osgi.internal.loader.classpath.ClasspathManager.findLocalClassImpl(Ljava/lang/String;[Lorg/eclipse/osgi/internal/loader/classpath/ClasspathEntry;Ljava/util/List;)Ljava/lang/Class; (55 bytes) @ 0x000002239bbd8d64 [0x000002239bbd8be0+0x0000000000000184]
J 2998 c1 org.eclipse.osgi.internal.loader.classpath.ClasspathManager.findLocalClassImpl(Ljava/lang/String;Ljava/util/List;)Ljava/lang/Class; (132 bytes) @ 0x000002239bca8794 [0x000002239bca8260+0x0000000000000534]
J 2668 c1 org.eclipse.osgi.internal.loader.classpath.ClasspathManager.findLocalClass(Ljava/lang/String;)Ljava/lang/Class; (210 bytes) @ 0x000002239bbd2aa4 [0x000002239bbd1de0+0x0000000000000cc4]
J 2666 c1 org.eclipse.osgi.internal.loader.BundleLoader.findLocalClass(Ljava/lang/String;)Ljava/lang/Class; (159 bytes) @ 0x000002239bbd67cc [0x000002239bbd5be0+0x0000000000000bec]
J 2580 c1 org.eclipse.osgi.internal.loader.BundleLoader.findClass0(Ljava/lang/String;ZZ)Ljava/lang/Class; (490 bytes) @ 0x000002239bba555c [0x000002239bba23c0+0x000000000000319c]
J 2579 c1 org.eclipse.osgi.internal.loader.BundleLoader.findClass(Ljava/lang/String;)Ljava/lang/Class; (8 bytes) @ 0x000002239bb92dcc [0x000002239bb92d40+0x000000000000008c]
J 2581 c1 org.eclipse.osgi.internal.loader.ModuleClassLoader.loadClass(Ljava/lang/String;Z)Ljava/lang/Class; (36 bytes) @ 0x000002239bb9d14c [0x000002239bb9cf20+0x000000000000022c]
J 1053 c1 java.lang.ClassLoader.loadClass(Ljava/lang/String;)Ljava/lang/Class; java.base@21.0.9 (7 bytes) @ 0x000002239b8523d4 [0x000002239b8522c0+0x0000000000000114]
v  ~StubRoutines::call_stub 0x00000223a2b0100d
j  org.eclipse.core.resources.ResourcesPlugin$WorkspaceInitCustomizer.addingService(Lorg/osgi/framework/ServiceReference;)Lorg/eclipse/core/internal/resources/Workspace;+30
j  org.eclipse.core.resources.ResourcesPlugin$WorkspaceInitCustomizer.addingService(Lorg/osgi/framework/ServiceReference;)Ljava/lang/Object;+5
j  org.osgi.util.tracker.ServiceTracker$Tracked.customizerAdding(Lorg/osgi/framework/ServiceReference;Lorg/osgi/framework/ServiceEvent;)Ljava/lang/Object;+8
j  org.osgi.util.tracker.ServiceTracker$Tracked.customizerAdding(Ljava/lang/Object;Ljava/lang/Object;)Ljava/lang/Object;+9
J 2825 c1 org.osgi.util.tracker.AbstractTracked.trackAdding(Ljava/lang/Object;Ljava/lang/Object;)V (167 bytes) @ 0x000002239bc2c98c [0x000002239bc2c860+0x000000000000012c]
j  org.osgi.util.tracker.AbstractTracked.trackInitial()V+90
j  org.osgi.util.tracker.ServiceTracker.open(Z)V+198
j  org.osgi.util.tracker.ServiceTracker.open()V+2
j  org.eclipse.core.resources.ResourcesPlugin.start(Lorg/osgi/framework/BundleContext;)V+106
j  org.eclipse.osgi.internal.framework.BundleContextImpl$2.run()Ljava/lang/Void;+23
j  org.eclipse.osgi.internal.framework.BundleContextImpl$2.run()Ljava/lang/Object;+1
J 1204 c1 java.security.AccessController.executePrivileged(Ljava/security/PrivilegedExceptionAction;Ljava/security/AccessControlContext;Ljava/lang/Class;)Ljava/lang/Object; java.base@21.0.9 (65 bytes) @ 0x000002239b89acc4 [0x000002239b89ab60+0x0000000000000164]
j  java.security.AccessController.doPrivileged(Ljava/security/PrivilegedExceptionAction;)Ljava/lang/Object;+9 java.base@21.0.9
j  org.eclipse.osgi.internal.framework.BundleContextImpl.startActivator(Lorg/osgi/framework/BundleActivator;)V+9
j  org.eclipse.osgi.internal.framework.BundleContextImpl.start()V+141
j  org.eclipse.osgi.internal.framework.EquinoxBundle.startWorker0()V+35
j  org.eclipse.osgi.internal.framework.EquinoxBundle$EquinoxModule.startWorker()V+4
j  org.eclipse.osgi.container.Module.doStart([Lorg/eclipse/osgi/container/Module$StartOptions;)Lorg/eclipse/osgi/container/ModuleContainerAdaptor$ModuleEvent;+200
j  org.eclipse.osgi.container.Module.start([Lorg/eclipse/osgi/container/Module$StartOptions;)V+460
j  org.eclipse.osgi.framework.util.SecureAction.start(Lorg/eclipse/osgi/container/Module;[Lorg/eclipse/osgi/container/Module$StartOptions;)V+8
J 2670 c1 org.eclipse.osgi.internal.hooks.EclipseLazyStarter.postFindLocalClass(Ljava/lang/String;Ljava/lang/Class;Lorg/eclipse/osgi/internal/loader/classpath/ClasspathManager;)V (394 bytes) @ 0x000002239bbdb014 [0x000002239bbda040+0x0000000000000fd4]
J 2668 c1 org.eclipse.osgi.internal.loader.classpath.ClasspathManager.findLocalClass(Ljava/lang/String;)Ljava/lang/Class; (210 bytes) @ 0x000002239bbd2df4 [0x000002239bbd1de0+0x0000000000001014]
J 2666 c1 org.eclipse.osgi.internal.loader.BundleLoader.findLocalClass(Ljava/lang/String;)Ljava/lang/Class; (159 bytes) @ 0x000002239bbd67cc [0x000002239bbd5be0+0x0000000000000bec]
J 2580 c1 org.eclipse.osgi.internal.loader.BundleLoader.findClass0(Ljava/lang/String;ZZ)Ljava/lang/Class; (490 bytes) @ 0x000002239bba555c [0x000002239bba23c0+0x000000000000319c]
J 2579 c1 org.eclipse.osgi.internal.loader.BundleLoader.findClass(Ljava/lang/String;)Ljava/lang/Class; (8 bytes) @ 0x000002239bb92dcc [0x000002239bb92d40+0x000000000000008c]
J 2581 c1 org.eclipse.osgi.internal.loader.ModuleClassLoader.loadClass(Ljava/lang/String;Z)Ljava/lang/Class; (36 bytes) @ 0x000002239bb9d14c [0x000002239bb9cf20+0x000000000000022c]
J 1053 c1 java.lang.ClassLoader.loadClass(Ljava/lang/String;)Ljava/lang/Class; java.base@21.0.9 (7 bytes) @ 0x000002239b8523d4 [0x000002239b8522c0+0x0000000000000114]
v  ~StubRoutines::call_stub 0x00000223a2b0100d
j  java.lang.Class.getDeclaredConstructors0(Z)[Ljava/lang/reflect/Constructor;+0 java.base@21.0.9
j  java.lang.Class.privateGetDeclaredConstructors(Z)[Ljava/lang/reflect/Constructor;+52 java.base@21.0.9
j  java.lang.Class.getConstructor0([Ljava/lang/Class;I)Ljava/lang/reflect/Constructor;+14 java.base@21.0.9
j  java.lang.Class.getConstructor([Ljava/lang/Class;)Ljava/lang/reflect/Constructor;+24 java.base@21.0.9
j  org.eclipse.osgi.internal.framework.BundleContextImpl.loadBundleActivator()Lorg/osgi/framework/BundleActivator;+105
j  org.eclipse.osgi.internal.framework.BundleContextImpl.start()V+18
j  org.eclipse.osgi.internal.framework.EquinoxBundle.startWorker0()V+35
j  org.eclipse.osgi.internal.framework.EquinoxBundle$EquinoxModule.startWorker()V+4
j  org.eclipse.osgi.container.Module.doStart([Lorg/eclipse/osgi/container/Module$StartOptions;)Lorg/eclipse/osgi/container/ModuleContainerAdaptor$ModuleEvent;+200
j  org.eclipse.osgi.container.Module.start([Lorg/eclipse/osgi/container/Module$StartOptions;)V+460
j  org.eclipse.osgi.container.ModuleContainer$ContainerStartLevel$2.run()V+83
j  org.eclipse.osgi.internal.framework.EquinoxContainerAdaptor$1$1.execute(Ljava/lang/Runnable;)V+1
j  org.eclipse.osgi.container.ModuleContainer$ContainerStartLevel.incStartLevel(ILjava/util/List;Z)V+193
j  org.eclipse.osgi.container.ModuleContainer$ContainerStartLevel.incStartLevel(ILjava/util/List;Ljava/util/List;Ljava/util/List;Ljava/util/List;)V+19
j  org.eclipse.osgi.container.ModuleContainer$ContainerStartLevel.doContainerStartLevel(Lorg/eclipse/osgi/container/Module;I[Lorg/osgi/framework/FrameworkListener;)V+358
j  org.eclipse.osgi.container.ModuleContainer$ContainerStartLevel.dispatchEvent(Lorg/eclipse/osgi/container/Module;[Lorg/osgi/framework/FrameworkListener;ILjava/lang/Integer;)V+32
j  org.eclipse.osgi.container.ModuleContainer$ContainerStartLevel.dispatchEvent(Ljava/lang/Object;Ljava/lang/Object;ILjava/lang/Object;)V+15
j  org.eclipse.osgi.framework.eventmgr.EventManager.dispatchEvent(Ljava/util/Set;Lorg/eclipse/osgi/framework/eventmgr/EventDispatcher;ILjava/lang/Object;)V+48
j  org.eclipse.osgi.framework.eventmgr.EventManager$EventThread.run()V+26
v  ~StubRoutines::call_stub 0x00000223a2b0100d

Compiled method (n/a) 1544 1175     n 0       java.lang.ClassLoader::defineClass1 (native)
 total in heap  [0x00000223a32bf510,0x00000223a32bf998] = 1160
 relocation     [0x00000223a32bf670,0x00000223a32bf6a8] = 56
 main code      [0x00000223a32bf6c0,0x00000223a32bf996] = 726
 stub code      [0x00000223a32bf996,0x00000223a32bf998] = 2

[Constant Pool (empty)]

[MachCode]
[Entry Point]
  # {method} {0x00000223b0436820} 'defineClass1' '(Ljava/lang/ClassLoader;Ljava/lang/String;[BIILjava/security/ProtectionDomain;Ljava/lang/String;)Ljava/lang/Class;' in 'java/lang/ClassLoader'
  # parm0:    rdx:rdx   = 'java/lang/ClassLoader'
  # parm1:    r8:r8     = 'java/lang/String'
  # parm2:    r9:r9     = '[B'
  # parm3:    rdi       = int
  # parm4:    rsi       = int
  # parm5:    rcx:rcx   = 'java/security/ProtectionDomain'
  # parm6:    [sp+0xa0]   = 'java/lang/String'  (sp of caller)
  0x00000223a32bf6c0: 448b 5208 | 49bb 0000 | 00b0 2302 | 0000 4d03 | d349 3bc2 | 0f84 0600 

  0x00000223a32bf6d8: ;   {runtime_call ic_miss_stub}
  0x00000223a32bf6d8: 0000 e9a1 | ed88 ff90 
[Verified Entry Point]
  0x00000223a32bf6e0: 8984 2400 | 80ff ff55 | 488b ec48 | 81ec 9000 | 0000 6690 | 4181 7f20 | 0100 0000 

  0x00000223a32bf6fc: ;   {runtime_call StubRoutines (final stubs)}
  0x00000223a32bf6fc: 7405 e8dd | 9287 ff48 | 837d 1000 | 488d 4510 | 480f 4445 | 1048 8944 | 2440 4889 | 4c24 7048 
  0x00000223a32bf71c: 83f9 0048 | 8d44 2470 | 480f 4444 | 2470 4889 | 4424 3848 | 8974 2430 | 4889 7c24 | 284c 894c 
  0x00000223a32bf73c: 2458 4983 | f900 488d | 4424 5848 | 0f44 4424 | 5848 8944 | 2420 4c89 | 4424 5049 | 83f8 004c 
  0x00000223a32bf75c: 8d4c 2450 | 4c0f 444c | 2450 4889 | 5424 4848 | 83fa 004c | 8d44 2448 | 4c0f 4444 

  0x00000223a32bf778: ;   {oop(a 'java/lang/Class'{0x0000000080000a70} = 'java/lang/ClassLoader')}
  0x00000223a32bf778: 2448 49be | 700a 0080 | 0000 0000 | 4c89 7424 | 784c 8d74 | 2478 498b | d6c5 f877 

  0x00000223a32bf794: ;   {internal_word}
  0x00000223a32bf794: 49ba 91f7 | 2ba3 2302 | 0000 4d89 | 97a0 0300 | 0049 89a7 | 9803 0000 

  0x00000223a32bf7ac: ;   {external_word}
  0x00000223a32bf7ac: 49ba cf4d | f5b7 fd7f | 0000 4180 | 3a00 0f84 | 4e00 0000 | 5241 5041 

  0x00000223a32bf7c4: ;   {metadata({method} {0x00000223b0436820} 'defineClass1' '(Ljava/lang/ClassLoader;Ljava/lang/String;[BIILjava/security/ProtectionDomain;Ljava/lang/String;)Ljava/lang/Class;' in 'java/lang/ClassLoader')}
  0x00000223a32bf7c4: 5148 ba18 | 6843 b023 | 0200 0049 | 8bcf 4883 | ec20 40f6 | c40f 0f84 | 1900 0000 | 4883 ec08 
  0x00000223a32bf7e4: ;   {runtime_call}
  0x00000223a32bf7e4: 48b8 40d5 | 9eb7 fd7f | 0000 ffd0 | 4883 c408 | e90c 0000 

  0x00000223a32bf7f8: ;   {runtime_call}
  0x00000223a32bf7f8: 0048 b840 | d59e b7fd | 7f00 00ff | d048 83c4 | 2041 5941 | 585a 498d | 8fb8 0300 | 0041 c787 
  0x00000223a32bf818: 4404 0000 | 0400 0000 

  0x00000223a32bf820: ;   {runtime_call}
  0x00000223a32bf820: 48b8 ac16 | 5266 fe7f | 0000 ffd0 | c5f8 7741 | c787 4404 | 0000 0500 | 0000 f083 | 4424 c000 
  0x00000223a32bf840: 493b af48 | 0400 000f | 870e 0000 | 0041 83bf | 4004 0000 | 000f 842b | 0000 00c5 | f877 4889 
  0x00000223a32bf860: 45f8 498b | cf4c 8be4 | 4883 ec20 | 4883 e4f0 

  0x00000223a32bf870: ;   {runtime_call}
  0x00000223a32bf870: 48b8 e04b | 6ab7 fd7f | 0000 ffd0 | 498b e44d | 33e4 488b | 45f8 41c7 | 8744 0400 | 0008 0000 
  0x00000223a32bf890: 0041 83bf | c004 0000 | 020f 84ca 

  0x00000223a32bf89c: ;   {external_word}
  0x00000223a32bf89c: 0000 0049 | bacf 4df5 | b7fd 7f00 | 0041 803a | 000f 844c | 0000 0048 

  0x00000223a32bf8b4: ;   {metadata({method} {0x00000223b0436820} 'defineClass1' '(Ljava/lang/ClassLoader;Ljava/lang/String;[BIILjava/security/ProtectionDomain;Ljava/lang/String;)Ljava/lang/Class;' in 'java/lang/ClassLoader')}
  0x00000223a32bf8b4: 8945 f848 | ba18 6843 | b023 0200 | 0049 8bcf | 4883 ec20 | 40f6 c40f | 0f84 1900 | 0000 4883 
  0x00000223a32bf8d4: ;   {runtime_call}
  0x00000223a32bf8d4: ec08 48b8 | 40d5 9eb7 | fd7f 0000 | ffd0 4883 | c408 e90c 

  0x00000223a32bf8e8: ;   {runtime_call}
  0x00000223a32bf8e8: 0000 0048 | b840 d59e | b7fd 7f00 | 00ff d048 | 83c4 2048 | 8b45 f849 | c787 9803 | 0000 0000 
  0x00000223a32bf908: 0000 49c7 | 87a0 0300 | 0000 0000 | 00c5 f877 | 4885 c00f | 8425 0000 | 00a8 030f | 8508 0000 
  0x00000223a32bf928: 0048 8b00 | e915 0000 | 00a8 010f | 8509 0000 | 0048 8b40 | fee9 0400 | 0000 488b | 40ff 498b 
  0x00000223a32bf948: 8f28 0400 | 00c7 8100 | 0100 0000 | 0000 00c9 | 4983 7f08 | 000f 8501 | 0000 00c3 

  0x00000223a32bf964: ;   {runtime_call StubRoutines (initial stubs)}
  0x00000223a32bf964: e997 1584 | ffc5 f877 | 4889 45f8 | 4c8b e448 | 83ec 2048 

  0x00000223a32bf978: ;   {runtime_call}
  0x00000223a32bf978: 83e4 f048 | b890 0c9f | b7fd 7f00 | 00ff d049 | 8be4 4d33 | e448 8b45 | f8e9 09ff | ffff f4f4 
[/MachCode]


Compiled method (c1) 1547 1968       3       java.lang.ClassLoader::defineClass (43 bytes)
 total in heap  [0x000002239ba3ba10,0x000002239ba3c370] = 2400
 relocation     [0x000002239ba3bb70,0x000002239ba3bc10] = 160
 main code      [0x000002239ba3bc20,0x000002239ba3c0c0] = 1184
 stub code      [0x000002239ba3c0c0,0x000002239ba3c138] = 120
 metadata       [0x000002239ba3c138,0x000002239ba3c168] = 48
 scopes data    [0x000002239ba3c168,0x000002239ba3c258] = 240
 scopes pcs     [0x000002239ba3c258,0x000002239ba3c338] = 224
 dependencies   [0x000002239ba3c338,0x000002239ba3c348] = 16
 nul chk table  [0x000002239ba3c348,0x000002239ba3c370] = 40

[Constant Pool (empty)]

[MachCode]
[Entry Point]
  # {method} {0x00000223b0436ba0} 'defineClass' '(Ljava/lang/String;[BIILjava/security/ProtectionDomain;)Ljava/lang/Class;' in 'java/lang/ClassLoader'
  # this:     rdx:rdx   = 'java/lang/ClassLoader'
  # parm0:    r8:r8     = 'java/lang/String'
  # parm1:    r9:r9     = '[B'
  # parm2:    rdi       = int
  # parm3:    rsi       = int
  # parm4:    rcx:rcx   = 'java/security/ProtectionDomain'
  #           [sp+0xc0]  (sp of caller)
  0x000002239ba3bc20: 448b 5208 | 49bb 0000 | 00b0 2302 | 0000 4d03 | d34c 3bd0 

  0x000002239ba3bc34: ;   {runtime_call ic_miss_stub}
  0x000002239ba3bc34: 0f85 4628 | 1107 660f | 1f44 0000 
[Verified Entry Point]
  0x000002239ba3bc40: 8984 2400 | 80ff ff55 | 4881 ecb0 | 0000 0090 | 4181 7f20 | 0100 0000 

  0x000002239ba3bc58: ;   {runtime_call StubRoutines (final stubs)}
  0x000002239ba3bc58: 7405 e881 | cd0f 0748 | 8954 2478 

  0x000002239ba3bc64: ;   {metadata(method data for {method} {0x00000223b0436ba0} 'defineClass' '(Ljava/lang/String;[BIILjava/security/ProtectionDomain;)Ljava/lang/Class;' in 'java/lang/ClassLoader')}
  0x000002239ba3bc64: 48bb 701f | 37f4 2302 | 0000 8b83 | cc00 0000 | 83c0 0289 | 83cc 0000 | 0025 fe07 | 0000 85c0 
  0x000002239ba3bc84: 0f84 5803 | 0000 89b4 | 2494 0000 | 0089 bc24 | 9000 0000 | 4c89 8c24 | 8800 0000 

  0x000002239ba3bca0: ;   {metadata(method data for {method} {0x00000223b0436ba0} 'defineClass' '(Ljava/lang/String;[BIILjava/security/ProtectionDomain;)Ljava/lang/Class;' in 'java/lang/ClassLoader')}
  0x000002239ba3bca0: 488b da48 | b870 1f37 | f423 0200 | 0048 8380 | 1001 0000 | 0149 8bd8 | 4c8b c34c | 8bc9 488b 
  0x000002239ba3bcc0: ca48 8bd1 | 4889 9c24 | 8000 0000 

  0x000002239ba3bccc: ;   {optimized virtual_call}
  0x000002239ba3bccc: 6666 90e8 

  0x000002239ba3bcd0: ; ImmutableOopMap {[120]=Oop [128]=Oop [136]=Oop }
                      ;*invokevirtual preDefineClass {reexecute=0 rethrow=0 return_oop=0}
                      ; - java.lang.ClassLoader::defineClass@4
  0x000002239ba3bcd0: 4c09 edff 

  0x000002239ba3bcd4: ;   {other}
  0x000002239ba3bcd4: 0f1f 8400 | c402 0000 | 4889 8424 | 9800 0000 | 488b 5424 

  0x000002239ba3bce8: ;   {metadata(method data for {method} {0x00000223b0436ba0} 'defineClass' '(Ljava/lang/String;[BIILjava/security/ProtectionDomain;)Ljava/lang/Class;' in 'java/lang/ClassLoader')}
  0x000002239ba3bce8: 7849 b870 | 1f37 f423 | 0200 0049 | 8380 4801 

  0x000002239ba3bcf8: ;   {metadata(method data for {method} {0x00000223b0436888} 'defineClassSourceLocation' '(Ljava/security/ProtectionDomain;)Ljava/lang/String;' in 'java/lang/ClassLoader')}
  0x000002239ba3bcf8: 0000 0149 | b888 2637 | f423 0200 | 0041 8b90 | cc00 0000 | 83c2 0241 | 8990 cc00 | 0000 81e2 
  0x000002239ba3bd18: feff 1f00 | 85d2 0f84 | df02 0000 

  0x000002239ba3bd24: ; implicit exception: dispatches to 0x000002239ba3c024
  0x000002239ba3bd24: 483b 004c 

  0x000002239ba3bd28: ;   {metadata(method data for {method} {0x00000223b0436888} 'defineClassSourceLocation' '(Ljava/security/ProtectionDomain;)Ljava/lang/String;' in 'java/lang/ClassLoader')}
  0x000002239ba3bd28: 8bc0 48ba | 8826 37f4 | 2302 0000 | 4883 8210 | 0100 0001 | 448b 4010 

  0x000002239ba3bd40: ;   {metadata(method data for {method} {0x00000223b0436888} 'defineClassSourceLocation' '(Ljava/security/ProtectionDomain;)Ljava/lang/String;' in 'java/lang/ClassLoader')}
  0x000002239ba3bd40: 4d85 c048 | ba88 2637 | f423 0200 | 0048 c7c6 | 5801 0000 | 7507 48c7 | c648 0100 | 0048 8b3c 
  0x000002239ba3bd60: 3248 8d7f | 0148 893c | 320f 850f 

  0x000002239ba3bd6c: ;   {oop(nullptr)}
  0x000002239ba3bd6c: 0000 0048 | bb00 0000 | 0000 0000 | 00e9 a901 | 0000 493b | 0049 8bd0 

  0x000002239ba3bd84: ;   {metadata(method data for {method} {0x00000223b0436888} 'defineClassSourceLocation' '(Ljava/security/ProtectionDomain;)Ljava/lang/String;' in 'java/lang/ClassLoader')}
  0x000002239ba3bd84: 48be 8826 | 37f4 2302 | 0000 4883 | 8668 0100 | 0001 418b | 500c 4885 

  0x000002239ba3bd9c: ;   {metadata(method data for {method} {0x00000223b0436888} 'defineClassSourceLocation' '(Ljava/security/ProtectionDomain;)Ljava/lang/String;' in 'java/lang/ClassLoader')}
  0x000002239ba3bd9c: d248 be88 | 2637 f423 | 0200 0048 | c7c7 b001 | 0000 7507 | 48c7 c7a0 | 0100 0048 | 8b1c 3e48 
  0x000002239ba3bdbc: 8d5b 0148 | 891c 3e0f | 850f 0000 

  0x000002239ba3bdc8: ;   {oop(nullptr)}
  0x000002239ba3bdc8: 0048 bb00 | 0000 0000 | 0000 00e9 | 4f01 0000 

  0x000002239ba3bdd8: ;   {metadata(method data for {method} {0x00000223b0436888} 'defineClassSourceLocation' '(Ljava/security/ProtectionDomain;)Ljava/lang/String;' in 'java/lang/ClassLoader')}
  0x000002239ba3bdd8: 48be 8826 | 37f4 2302 | 0000 4883 | 86c0 0100 | 0001 483b | 024c 8bc2 

  0x000002239ba3bdf0: ;   {metadata(method data for {method} {0x00000223b0436888} 'defineClassSourceLocation' '(Ljava/security/ProtectionDomain;)Ljava/lang/String;' in 'java/lang/ClassLoader')}
  0x000002239ba3bdf0: 48be 8826 | 37f4 2302 | 0000 4883 | 86f8 0100 

  0x000002239ba3be00: ;   {metadata(method data for {method} {0x00000223b001abf0} 'toString' '()Ljava/lang/String;' in 'java/net/URL')}
  0x000002239ba3be00: 0001 49b8 | 581a 37f4 | 2302 0000 | 418b b0cc | 0000 0083 | c602 4189 | b0cc 0000 | 0081 e6fe 
  0x000002239ba3be20: ff1f 0085 | f60f 8408 | 0200 004c 

  0x000002239ba3be2c: ;   {metadata(method data for {method} {0x00000223b001abf0} 'toString' '()Ljava/lang/String;' in 'java/net/URL')}
  0x000002239ba3be2c: 8bc2 48be | 581a 37f4 | 2302 0000 | 4883 8610 | 0100 0001 

  0x000002239ba3be40: ;   {metadata(method data for {method} {0x00000223b042a428} 'toExternalForm' '()Ljava/lang/String;' in 'java/net/URL')}
  0x000002239ba3be40: 49b8 b8d1 | 36f4 2302 | 0000 418b | b0cc 0000 | 0083 c602 | 4189 b0cc | 0000 0081 | e6fe ff1f 
  0x000002239ba3be60: 0085 f60f | 84eb 0100 | 008b 7238 

  0x000002239ba3be6c: ; implicit exception: dispatches to 0x000002239ba3c075
  0x000002239ba3be6c: 483b 064c 

  0x000002239ba3be70: ;   {metadata(method data for {method} {0x00000223b042a428} 'toExternalForm' '()Ljava/lang/String;' in 'java/net/URL')}
  0x000002239ba3be70: 8bc6 48bf | b8d1 36f4 | 2302 0000 | 458b 4008 | 49ba 0000 | 00b0 2302 | 0000 4d03 | c24c 3b87 
  0x000002239ba3be90: 2001 0000 | 750d 4883 | 8728 0100 | 0001 e960 | 0000 004c | 3b87 3001 | 0000 750d | 4883 8738 
  0x000002239ba3beb0: 0100 0001 | e94a 0000 | 0048 83bf | 2001 0000 | 0075 174c | 8987 2001 | 0000 48c7 | 8728 0100 
  0x000002239ba3bed0: 0001 0000 | 00e9 2900 | 0000 4883 | bf30 0100 | 0000 7517 | 4c89 8730 | 0100 0048 | c787 3801 
  0x000002239ba3bef0: 0000 0100 | 0000 e908 | 0000 0048 | 8387 1001 | 0000 014c | 8bc2 488b | d60f 1f40 | 0048 b8ff 
  0x000002239ba3bf10: ffff ffff 

  0x000002239ba3bf14: ;   {virtual_call}
  0x000002239ba3bf14: ffff ffe8 

  0x000002239ba3bf18: ; ImmutableOopMap {[120]=Oop [128]=Oop [136]=Oop [152]=Oop }
                      ;*invokevirtual toExternalForm {reexecute=0 rethrow=0 return_oop=0}
                      ; - java.net.URL::toExternalForm@5
                      ; - java.net.URL::toString@1
                      ; - java.lang.ClassLoader::defineClassSourceLocation@22
                      ; - java.lang.ClassLoader::defineClass@12
  0x000002239ba3bf18: a4b5 1c07 

  0x000002239ba3bf1c: ;   {other}
  0x000002239ba3bf1c: 0f1f 8400 | 0c05 0001 | 488b d848 | 8b84 2498 | 0000 008b | b424 9400 | 0000 8bbc | 2490 0000 
  0x000002239ba3bf3c: 004c 8b8c | 2488 0000 | 004c 8b84 | 2480 0000 | 0048 8b54 

  0x000002239ba3bf50: ;   {metadata(method data for {method} {0x00000223b0436ba0} 'defineClass' '(Ljava/lang/String;[BIILjava/security/ProtectionDomain;)Ljava/lang/Class;' in 'java/lang/ClassLoader')}
  0x000002239ba3bf50: 2478 48b9 | 701f 37f4 | 2302 0000 | 4883 8180 | 0100 0001 | 4c8b da49 | 8bd3 488b | c848 891c 
  0x000002239ba3bf70: 2466 0f1f 

  0x000002239ba3bf74: ;   {static_call}
  0x000002239ba3bf74: 4400 00e8 

  0x000002239ba3bf78: ; ImmutableOopMap {[120]=Oop [152]=Oop }
                      ;*invokestatic defineClass1 {reexecute=0 rethrow=0 return_oop=0}
                      ; - java.lang.ClassLoader::defineClass@27
  0x000002239ba3bf78: 6437 8807 

  0x000002239ba3bf7c: ;   {other}
  0x000002239ba3bf7c: 0f1f 8400 | 6c05 0002 | 488b 5424 

  0x000002239ba3bf88: ;   {metadata(method data for {method} {0x00000223b0436ba0} 'defineClass' '(Ljava/lang/String;[BIILjava/security/ProtectionDomain;)Ljava/lang/Class;' in 'java/lang/ClassLoader')}
  0x000002239ba3bf88: 7849 b870 | 1f37 f423 | 0200 0049 | 8380 9001 | 0000 014c | 8bc0 4c8b | 8c24 9800 | 0000 488b 
  0x000002239ba3bfa8: 5424 7848 | 8984 24a0 | 0000 000f 

  0x000002239ba3bfb4: ;   {optimized virtual_call}
  0x000002239ba3bfb4: 1f40 00e8 

  0x000002239ba3bfb8: ; ImmutableOopMap {[160]=Oop }
                      ;*invokevirtual postDefineClass {reexecute=0 rethrow=0 return_oop=0}
                      ; - java.lang.ClassLoader::defineClass@37
  0x000002239ba3bfb8: 644d f7ff 

  0x000002239ba3bfbc: ;   {other}
  0x000002239ba3bfbc: 0f1f 8400 | ac05 0003 | 488b 8424 | a000 0000 | 4881 c4b0 | 0000 005d 

  0x000002239ba3bfd4: ;   {poll_return}
  0x000002239ba3bfd4: 493b a748 | 0400 000f | 8799 0000 

  0x000002239ba3bfe0: ;   {metadata({method} {0x00000223b0436ba0} 'defineClass' '(Ljava/lang/String;[BIILjava/security/ProtectionDomain;)Ljava/lang/Class;' in 'java/lang/ClassLoader')}
  0x000002239ba3bfe0: 00c3 49ba | 986b 43b0 | 2302 0000 | 4c89 5424 | 0848 c704 | 24ff ffff 

  0x000002239ba3bff8: ;   {runtime_call counter_overflow Runtime1 stub}
  0x000002239ba3bff8: ffe8 828a 

  0x000002239ba3bffc: ; ImmutableOopMap {rdx=Oop r8=Oop r9=Oop rcx=Oop [120]=Oop }
                      ;*synchronization entry
                      ; - java.lang.ClassLoader::defineClass@-1
  0x000002239ba3bffc: 1c07 e987 

  0x000002239ba3c000: ;   {metadata({method} {0x00000223b0436888} 'defineClassSourceLocation' '(Ljava/security/ProtectionDomain;)Ljava/lang/String;' in 'java/lang/ClassLoader')}
  0x000002239ba3c000: fcff ff49 | ba80 6843 | b023 0200 | 004c 8954 | 2408 48c7 | 0424 ffff 

  0x000002239ba3c018: ;   {runtime_call counter_overflow Runtime1 stub}
  0x000002239ba3c018: ffff e861 

  0x000002239ba3c01c: ; ImmutableOopMap {rax=Oop [120]=Oop [128]=Oop [136]=Oop [152]=Oop }
                      ;*synchronization entry
                      ; - java.lang.ClassLoader::defineClassSourceLocation@-1
                      ; - java.lang.ClassLoader::defineClass@12
  0x000002239ba3c01c: 8a1c 07e9 | 00fd ffff 

  0x000002239ba3c024: ;   {runtime_call throw_null_pointer_exception Runtime1 stub}
  0x000002239ba3c024: e8d7 2f1c 

  0x000002239ba3c028: ; ImmutableOopMap {rax=Oop [120]=Oop [128]=Oop [136]=Oop [152]=Oop }
                      ;*invokevirtual getCodeSource {reexecute=0 rethrow=0 return_oop=0}
                      ; - java.lang.ClassLoader::defineClassSourceLocation@1
                      ; - java.lang.ClassLoader::defineClass@12
                      ;   {runtime_call throw_null_pointer_exception Runtime1 stub}
  0x000002239ba3c028: 07e8 d22f 

  0x000002239ba3c02c: ; ImmutableOopMap {rax=Oop r8=Oop [120]=Oop [128]=Oop [136]=Oop [152]=Oop }
                      ;*invokevirtual getLocation {reexecute=0 rethrow=0 return_oop=0}
                      ; - java.lang.ClassLoader::defineClassSourceLocation@12
                      ; - java.lang.ClassLoader::defineClass@12
                      ;   {runtime_call throw_null_pointer_exception Runtime1 stub}
  0x000002239ba3c02c: 1c07 e8cd 

  0x000002239ba3c030: ; ImmutableOopMap {rdx=Oop [120]=Oop [128]=Oop [136]=Oop [152]=Oop }
                      ;*invokevirtual toString {reexecute=0 rethrow=0 return_oop=0}
                      ; - java.lang.ClassLoader::defineClassSourceLocation@22
                      ; - java.lang.ClassLoader::defineClass@12
                      ;   {metadata({method} {0x00000223b001abf0} 'toString' '()Ljava/lang/String;' in 'java/net/URL')}
  0x000002239ba3c030: 2f1c 0749 | bae8 ab01 | b023 0200 | 004c 8954 | 2408 48c7 | 0424 ffff 

  0x000002239ba3c048: ;   {runtime_call counter_overflow Runtime1 stub}
  0x000002239ba3c048: ffff e831 

  0x000002239ba3c04c: ; ImmutableOopMap {rdx=Oop [120]=Oop [128]=Oop [136]=Oop [152]=Oop }
                      ;*synchronization entry
                      ; - java.net.URL::toString@-1
                      ; - java.lang.ClassLoader::defineClassSourceLocation@22
                      ; - java.lang.ClassLoader::defineClass@12
  0x000002239ba3c04c: 8a1c 07e9 | d7fd ffff 

  0x000002239ba3c054: ;   {metadata({method} {0x00000223b042a428} 'toExternalForm' '()Ljava/lang/String;' in 'java/net/URL')}
  0x000002239ba3c054: 49ba 20a4 | 42b0 2302 | 0000 4c89 | 5424 0848 | c704 24ff 

  0x000002239ba3c068: ;   {runtime_call counter_overflow Runtime1 stub}
  0x000002239ba3c068: ffff ffe8 

  0x000002239ba3c06c: ; ImmutableOopMap {rdx=Oop [120]=Oop [128]=Oop [136]=Oop [152]=Oop }
                      ;*synchronization entry
                      ; - java.net.URL::toExternalForm@-1
                      ; - java.net.URL::toString@1
                      ; - java.lang.ClassLoader::defineClassSourceLocation@22
                      ; - java.lang.ClassLoader::defineClass@12
  0x000002239ba3c06c: 108a 1c07 | e9f4 fdff 

  0x000002239ba3c074: ;   {runtime_call throw_null_pointer_exception Runtime1 stub}
  0x000002239ba3c074: ffe8 862f 

  0x000002239ba3c078: ; ImmutableOopMap {rdx=Oop rsi=Oop [120]=Oop [128]=Oop [136]=Oop [152]=Oop }
                      ;*invokevirtual toExternalForm {reexecute=0 rethrow=0 return_oop=0}
                      ; - java.net.URL::toExternalForm@5
                      ; - java.net.URL::toString@1
                      ; - java.lang.ClassLoader::defineClassSourceLocation@22
                      ; - java.lang.ClassLoader::defineClass@12
                      ;   {internal_word}
  0x000002239ba3c078: 1c07 49ba | d4bf a39b | 2302 0000 | 4d89 9760 

  0x000002239ba3c088: ;   {runtime_call SafepointBlob}
  0x000002239ba3c088: 0400 00e9 | 708a 1107 | 498b 87f8 | 0400 0049 | c787 f804 | 0000 0000 | 0000 49c7 | 8700 0500 
  0x000002239ba3c0a8: 0000 0000 | 0048 81c4 | b000 0000 

  0x000002239ba3c0b4: ;   {runtime_call unwind_exception Runtime1 stub}
  0x000002239ba3c0b4: 5de9 461a | 1c07 f4f4 | f4f4 f4f4 
[Stub Code]
  0x000002239ba3c0c0: ;   {no_reloc}
  0x000002239ba3c0c0: 0f1f 4400 

  0x000002239ba3c0c4: ;   {static_stub}
  0x000002239ba3c0c4: 0048 bb00 | 0000 0000 

  0x000002239ba3c0cc: ;   {runtime_call nmethod}
  0x000002239ba3c0cc: 0000 00e9 | fbff ffff 

  0x000002239ba3c0d4: ;   {static_stub}
  0x000002239ba3c0d4: 48bb 0000 | 0000 0000 

  0x000002239ba3c0dc: ;   {runtime_call nmethod}
  0x000002239ba3c0dc: 0000 e9fb 

  0x000002239ba3c0e0: ;   {static_stub}
  0x000002239ba3c0e0: ffff ff48 | bb00 0000 | 0000 0000 

  0x000002239ba3c0ec: ;   {runtime_call nmethod}
  0x000002239ba3c0ec: 00e9 fbff 

  0x000002239ba3c0f0: ;   {static_stub}
  0x000002239ba3c0f0: ffff 48bb | 0000 0000 | 0000 0000 

  0x000002239ba3c0fc: ;   {runtime_call nmethod}
  0x000002239ba3c0fc: e9fb ffff 

  0x000002239ba3c100: ;   {runtime_call handle_exception_from_callee Runtime1 stub}
  0x000002239ba3c100: ffe8 fa4f 

  0x000002239ba3c104: ;   {external_word}
  0x000002239ba3c104: 1c07 48b9 | 2053 cbb7 | fd7f 0000 | 4883 e4f0 

  0x000002239ba3c114: ;   {runtime_call}
  0x000002239ba3c114: 48b8 90b7 | 8db7 fd7f | 0000 ffd0 

  0x000002239ba3c120: ;   {section_word}
  0x000002239ba3c120: f449 ba21 | c1a3 9b23 | 0200 0041 

  0x000002239ba3c12c: ;   {runtime_call DeoptimizationBlob}
  0x000002239ba3c12c: 52e9 6e7c | 1107 f4f4 | f4f4 f4f4 
[/MachCode]


Compiled method (c1) 1554 2706   !   3       org.eclipse.osgi.internal.loader.ModuleClassLoader::defineClass (67 bytes)
 total in heap  [0x000002239bbf6e10,0x000002239bbf7a00] = 3056
 relocation     [0x000002239bbf6f70,0x000002239bbf7020] = 176
 main code      [0x000002239bbf7020,0x000002239bbf7630] = 1552
 stub code      [0x000002239bbf7630,0x000002239bbf76a0] = 112
 oops           [0x000002239bbf76a0,0x000002239bbf76a8] = 8
 metadata       [0x000002239bbf76a8,0x000002239bbf76e8] = 64
 scopes data    [0x000002239bbf76e8,0x000002239bbf7838] = 336
 scopes pcs     [0x000002239bbf7838,0x000002239bbf7948] = 272
 dependencies   [0x000002239bbf7948,0x000002239bbf7960] = 24
 handler table  [0x000002239bbf7960,0x000002239bbf79d8] = 120
 nul chk table  [0x000002239bbf79d8,0x000002239bbf7a00] = 40

[Constant Pool (empty)]

[MachCode]
[Entry Point]
  # {method} {0x00000223f4628850} 'defineClass' '(Ljava/lang/String;[BLorg/eclipse/osgi/internal/loader/classpath/ClasspathEntry;)Lorg/eclipse/osgi/internal/loader/ModuleClassLoader$DefineClassResult;' in 'org/eclipse/osgi/internal/loader/ModuleClassLoader'
  # this:     rdx:rdx   = 'org/eclipse/osgi/internal/loader/ModuleClassLoader'
  # parm0:    r8:r8     = 'java/lang/String'
  # parm1:    r9:r9     = '[B'
  # parm2:    rdi:rdi   = 'org/eclipse/osgi/internal/loader/classpath/ClasspathEntry'
  #           [sp+0xb0]  (sp of caller)
  0x000002239bbf7020: 448b 5208 | 49bb 0000 | 00b0 2302 | 0000 4d03 | d34c 3bd0 

  0x000002239bbf7034: ;   {runtime_call ic_miss_stub}
  0x000002239bbf7034: 0f85 4674 | f506 660f | 1f44 0000 
[Verified Entry Point]
  0x000002239bbf7040: 8984 2400 | 80ff ff55 | 4881 eca0 | 0000 0090 | 4181 7f20 | 0100 0000 

  0x000002239bbf7058: ;   {runtime_call StubRoutines (final stubs)}
  0x000002239bbf7058: 7405 e881 

  0x000002239bbf705c: ;   {metadata(method data for {method} {0x00000223f4628850} 'defineClass' '(Ljava/lang/String;[BLorg/eclipse/osgi/internal/loader/classpath/ClasspathEntry;)Lorg/eclipse/osgi/internal/loader/ModuleClassLoader$DefineClassResult;' in 'org/eclipse/osgi/internal/loader/ModuleClassLoader')}
  0x000002239bbf705c: 19f4 0648 | be60 30ac | f423 0200 | 008b 9ecc | 0000 0083 | c302 899e | cc00 0000 | 81e3 fe07 
  0x000002239bbf707c: 0000 85db | 0f84 6304 | 0000 4889 | 7c24 704c | 894c 2468 

  0x000002239bbf7090: ;   {metadata(method data for {method} {0x00000223f4628850} 'defineClass' '(Ljava/lang/String;[BLorg/eclipse/osgi/internal/loader/classpath/ClasspathEntry;)Lorg/eclipse/osgi/internal/loader/ModuleClassLoader$DefineClassResult;' in 'org/eclipse/osgi/internal/loader/ModuleClassLoader')}
  0x000002239bbf7090: 488b f248 | bb60 30ac | f423 0200 | 008b 7608 | 49ba 0000 | 00b0 2302 | 0000 4903 | f248 3bb3 
  0x000002239bbf70b0: 2001 0000 | 750d 4883 | 8328 0100 | 0001 e960 | 0000 0048 | 3bb3 3001 | 0000 750d | 4883 8338 
  0x000002239bbf70d0: 0100 0001 | e94a 0000 | 0048 83bb | 2001 0000 | 0075 1748 | 89b3 2001 | 0000 48c7 | 8328 0100 
  0x000002239bbf70f0: 0001 0000 | 00e9 2900 | 0000 4883 | bb30 0100 | 0000 7517 | 4889 b330 | 0100 0048 | c783 3801 
  0x000002239bbf7110: 0000 0100 | 0000 e908 | 0000 0048 | 8383 1001 

  0x000002239bbf7120: ;   {metadata(method data for {method} {0x00000223f4629688} 'getClassLoadingLock' '(Ljava/lang/String;)Ljava/lang/Object;' in 'org/eclipse/osgi/internal/loader/ModuleClassLoader')}
  0x000002239bbf7120: 0000 0148 | bec0 a18a | f423 0200 | 008b 9ecc | 0000 0083 | c302 899e | cc00 0000 | 81e3 feff 
  0x000002239bbf7140: 1f00 85db | 0f84 c003 | 0000 8b72 | 5048 3b06 

  0x000002239bbf7150: ;   {metadata(method data for {method} {0x00000223f4629688} 'getClassLoadingLock' '(Ljava/lang/String;)Ljava/lang/Object;' in 'org/eclipse/osgi/internal/loader/ModuleClassLoader')}
  0x000002239bbf7150: 488b de48 | b8c0 a18a | f423 0200 | 0048 8380 | 1001 0000 | 0149 8bd8 | 4c8b c348 | 8954 2458 
  0x000002239bbf7170: 488b d648 | 895c 2460 | 0f1f 8000 

  0x000002239bbf717c: ;   {optimized virtual_call}
  0x000002239bbf717c: 0000 00e8 

  0x000002239bbf7180: ; ImmutableOopMap {[88]=Oop [96]=Oop [104]=Oop [112]=Oop }
                      ;*invokevirtual getLock {reexecute=0 rethrow=0 return_oop=0}
                      ; - org.eclipse.osgi.internal.loader.ModuleClassLoader::getClassLoadingLock@5 (line 437)
                      ; - org.eclipse.osgi.internal.loader.ModuleClassLoader::defineClass@8 (line 312)
  0x000002239bbf7180: 7cda fcff 

  0x000002239bbf7184: ;   {other}
  0x000002239bbf7184: 0f1f 8400 | 7403 0000 | 4889 4424 | 7848 8d94 | 2480 0000 | 0048 8bf0 | 4889 7208 

  0x000002239bbf71a0: ; implicit exception: dispatches to 0x000002239bbf7530
  0x000002239bbf71a0: 488b 0648 | 83c8 0148 | 8902 f048 | 0fb1 160f | 8412 0000 | 0048 2bc4 | 4825 07f0 | ffff 4889 
  0x000002239bbf71c0: 020f 856e | 0300 0049 | ff87 4805 | 0000 488b 

  0x000002239bbf71d0: ;   {metadata(method data for {method} {0x00000223f4628850} 'defineClass' '(Ljava/lang/String;[BLorg/eclipse/osgi/internal/loader/classpath/ClasspathEntry;)Lorg/eclipse/osgi/internal/loader/ModuleClassLoader$DefineClassResult;' in 'org/eclipse/osgi/internal/loader/ModuleClassLoader')}
  0x000002239bbf71d0: 5424 5848 | be60 30ac | f423 0200 | 0048 8386 | 4801 0000 

  0x000002239bbf71e4: ;   {metadata(method data for {method} {0x00000223b0436ca8} 'findLoadedClass' '(Ljava/lang/String;)Ljava/lang/Class;' in 'java/lang/ClassLoader')}
  0x000002239bbf71e4: 0148 bad8 | e023 f423 | 0200 008b | b2cc 0000 | 0083 c602 | 89b2 cc00 | 0000 81e6 | feff 1f00 
  0x000002239bbf7204: 85f6 0f84 | 3c03 0000 

  0x000002239bbf720c: ;   {metadata(method data for {method} {0x00000223b0436ca8} 'findLoadedClass' '(Ljava/lang/String;)Ljava/lang/Class;' in 'java/lang/ClassLoader')}
  0x000002239bbf720c: 48ba d8e0 | 23f4 2302 | 0000 4883 | 8210 0100 | 0001 488b | 5424 600f 

  0x000002239bbf7224: ;   {static_call}
  0x000002239bbf7224: 1f40 00e8 

  0x000002239bbf7228: ; ImmutableOopMap {[88]=Oop [96]=Oop [104]=Oop [112]=Oop [120]=Oop [136]=Oop }
                      ;*invokestatic checkName {reexecute=0 rethrow=0 return_oop=0}
                      ; - java.lang.ClassLoader::findLoadedClass@1
                      ; - org.eclipse.osgi.internal.loader.ModuleClassLoader::defineClass@17 (line 313)
  0x000002239bbf7228: 346d 7907 

  0x000002239bbf722c: ;   {other}
  0x000002239bbf722c: 0f1f 8400 | 1c04 0001 

  0x000002239bbf7234: ;   {metadata(method data for {method} {0x00000223b0436ca8} 'findLoadedClass' '(Ljava/lang/String;)Ljava/lang/Class;' in 'java/lang/ClassLoader')}
  0x000002239bbf7234: 85c0 49b8 | d8e0 23f4 | 2302 0000 | 48c7 c220 | 0100 0075 | 0748 c7c2 | 3001 0000 | 498b 3410 
  0x000002239bbf7254: 488d 7601 | 4989 3410 | 0f85 0f00 

  0x000002239bbf7260: ;   {oop(nullptr)}
  0x000002239bbf7260: 0000 48be | 0000 0000 | 0000 0000 | e936 0000 | 0048 8b54 

  0x000002239bbf7274: ;   {metadata(method data for {method} {0x00000223b0436ca8} 'findLoadedClass' '(Ljava/lang/String;)Ljava/lang/Class;' in 'java/lang/ClassLoader')}
  0x000002239bbf7274: 2458 49b8 | d8e0 23f4 | 2302 0000 | 4983 8040 | 0100 0001 | 4c8b 4424 | 6048 8b54 | 2458 0f1f 
  0x000002239bbf7294: ;   {optimized virtual_call}
  0x000002239bbf7294: 4400 00e8 

  0x000002239bbf7298: ; ImmutableOopMap {[88]=Oop [96]=Oop [104]=Oop [112]=Oop [120]=Oop [136]=Oop }
                      ;*invokevirtual findLoadedClass0 {reexecute=0 rethrow=0 return_oop=0}
                      ; - java.lang.ClassLoader::findLoadedClass@11
                      ; - org.eclipse.osgi.internal.loader.ModuleClassLoader::defineClass@17 (line 313)
  0x000002239bbf7298: a4c6 6707 

  0x000002239bbf729c: ;   {other}
  0x000002239bbf729c: 0f1f 8400 | 8c04 0002 | 488b f048 

  0x000002239bbf72a8: ;   {metadata(method data for {method} {0x00000223f4628850} 'defineClass' '(Ljava/lang/String;[BLorg/eclipse/osgi/internal/loader/classpath/ClasspathEntry;)Lorg/eclipse/osgi/internal/loader/ModuleClassLoader$DefineClassResult;' in 'org/eclipse/osgi/internal/loader/ModuleClassLoader')}
  0x000002239bbf72a8: 85f6 49b8 | 6030 acf4 | 2302 0000 | 49c7 c190 | 0100 0074 | 0749 c7c1 | 8001 0000 | 4b8b 3c08 
  0x000002239bbf72c8: 488d 7f01 | 4b89 3c08 | 0f84 0e00 | 0000 488b | de41 b800 | 0000 00e9 | 7900 0000 | 488b 7c24 
  0x000002239bbf72e8: 704c 8b4c | 2468 4c8b | 4424 6048 | 8b54 2458 

  0x000002239bbf72f8: ; implicit exception: dispatches to 0x000002239bbf7569
  0x000002239bbf72f8: 418b 710c 

  0x000002239bbf72fc: ; implicit exception: dispatches to 0x000002239bbf756e
  0x000002239bbf72fc: 483b 0748 

  0x000002239bbf7300: ;   {metadata(method data for {method} {0x00000223f4628850} 'defineClass' '(Ljava/lang/String;[BLorg/eclipse/osgi/internal/loader/classpath/ClasspathEntry;)Lorg/eclipse/osgi/internal/loader/ModuleClassLoader$DefineClassResult;' in 'org/eclipse/osgi/internal/loader/ModuleClassLoader')}
  0x000002239bbf7300: 8bcf 48bb | 6030 acf4 | 2302 0000 

  0x000002239bbf730c: ;   {metadata('org/eclipse/osgi/internal/loader/classpath/ClasspathEntry')}
  0x000002239bbf730c: 49ba d8b9 | 0bb1 2302 | 0000 4c89 | 93b0 0100 | 0048 8383 | b801 0000 | 018b 4f10 

  0x000002239bbf7328: ;   {metadata(method data for {method} {0x00000223f4628850} 'defineClass' '(Ljava/lang/String;[BLorg/eclipse/osgi/internal/loader/classpath/ClasspathEntry;)Lorg/eclipse/osgi/internal/loader/ModuleClassLoader$DefineClassResult;' in 'org/eclipse/osgi/internal/loader/ModuleClassLoader')}
  0x000002239bbf7328: 488b fa48 | bb60 30ac | f423 0200 | 0048 8383 | d801 0000 | 01bf 0000 | 0000 0f1f 

  0x000002239bbf7344: ;   {optimized virtual_call}
  0x000002239bbf7344: 4400 00e8 

  0x000002239bbf7348: ; ImmutableOopMap {[120]=Oop [136]=Oop }
                      ;*invokevirtual defineClass {reexecute=0 rethrow=0 return_oop=0}
                      ; - org.eclipse.osgi.internal.loader.ModuleClassLoader::defineClass@37 (line 315)
  0x000002239bbf7348: f448 e4ff 

  0x000002239bbf734c: ;   {other}
  0x000002239bbf734c: 0f1f 8400 | 3c05 0003 | 488b d841 | b801 0000 | 0048 8d84 | 2480 0000 | 0048 8b10 | 4885 d20f 
  0x000002239bbf736c: 840f 0000 | 0048 8b70 | 08f0 480f | b116 0f85 | f301 0000 | 49ff 8f48 

  0x000002239bbf7384: ;   {metadata(method data for {method} {0x00000223f4628850} 'defineClass' '(Ljava/lang/String;[BLorg/eclipse/osgi/internal/loader/classpath/ClasspathEntry;)Lorg/eclipse/osgi/internal/loader/ModuleClassLoader$DefineClassResult;' in 'org/eclipse/osgi/internal/loader/ModuleClassLoader')}
  0x000002239bbf7384: 0500 0048 | ba60 30ac | f423 0200 | 00ff 8210 

  0x000002239bbf7394: ;   {metadata('org/eclipse/osgi/internal/loader/ModuleClassLoader$DefineClassResult')}
  0x000002239bbf7394: 0200 0048 | ba28 6612 | b123 0200 | 0049 8b87 | b801 0000 | 488d 7818 | 493b bfc8 | 0100 000f 
  0x000002239bbf73b4: 87d0 0100 | 0049 89bf | b801 0000 | 48c7 0001 | 0000 0048 | 8bca 49ba | 0000 00b0 | 2302 0000 
  0x000002239bbf73d4: 492b ca89 | 4808 4833 | c989 480c | 4833 c948 | 8948 1048 

  0x000002239bbf73e8: ;   {metadata(method data for {method} {0x00000223f4628850} 'defineClass' '(Ljava/lang/String;[BLorg/eclipse/osgi/internal/loader/classpath/ClasspathEntry;)Lorg/eclipse/osgi/internal/loader/ModuleClassLoader$DefineClassResult;' in 'org/eclipse/osgi/internal/loader/ModuleClassLoader')}
  0x000002239bbf73e8: 8bf0 48bf | 6030 acf4 | 2302 0000 | 4883 8728 | 0200 0001 

  0x000002239bbf73fc: ;   {metadata(method data for {method} {0x00000223f4793300} '<init>' '(Ljava/lang/Class;Z)V' in 'org/eclipse/osgi/internal/loader/ModuleClassLoader$DefineClassResult')}
  0x000002239bbf73fc: 48be 2838 | acf4 2302 | 0000 8bbe | cc00 0000 | 83c7 0289 | becc 0000 | 0081 e7fe | ff1f 0085 
  0x000002239bbf741c: ff0f 8473 | 0100 0048 

  0x000002239bbf7424: ;   {metadata(method data for {method} {0x00000223f4793300} '<init>' '(Ljava/lang/Class;Z)V' in 'org/eclipse/osgi/internal/loader/ModuleClassLoader$DefineClassResult')}
  0x000002239bbf7424: 8bf0 48bf | 2838 acf4 | 2302 0000 | 4883 8710 | 0100 0001 

  0x000002239bbf7438: ;   {metadata(method data for {method} {0x00000223b0476568} '<init>' '()V' in 'java/lang/Object')}
  0x000002239bbf7438: 48be 6067 | 00f4 2302 | 0000 8bbe | cc00 0000 | 83c7 0289 | becc 0000 | 0081 e7fe | ff1f 0085 
  0x000002239bbf7458: ff0f 8458 | 0100 004c | 8bd3 4489 | 5010 488d | 3048 c1ee | 0948 bf00 | 0049 aa23 | 0200 00c6 
  0x000002239bbf7478: 043e 0041 | 83e0 0144 | 8840 0c48 | 81c4 a000 

  0x000002239bbf7488: ;   {poll_return}
  0x000002239bbf7488: 0000 5d49 | 3ba7 4804 | 0000 0f87 | 4001 0000 | c349 8b87 | f804 0000 | 4d33 d24d | 8997 f804 
  0x000002239bbf74a8: 0000 4d33 | d24d 8997 | 0005 0000 | 488b f048 | 8d84 2480 | 0000 0048 | 8b38 4885 | ff0f 840f 
  0x000002239bbf74c8: 0000 0048 | 8b58 08f0 | 480f b13b | 0f85 1401 | 0000 49ff | 8f48 0500 | 0048 8bc6 | e938 0100 
  0x000002239bbf74e8: ;   {metadata({method} {0x00000223f4628850} 'defineClass' '(Ljava/lang/String;[BLorg/eclipse/osgi/internal/loader/classpath/ClasspathEntry;)Lorg/eclipse/osgi/internal/loader/ModuleClassLoader$DefineClassResult;' in 'org/eclipse/osgi/internal/loader/ModuleClassLoader')}
  0x000002239bbf74e8: 0049 ba48 | 8862 f423 | 0200 004c | 8954 2408 | 48c7 0424 | ffff ffff 

  0x000002239bbf7500: ;   {runtime_call counter_overflow Runtime1 stub}
  0x000002239bbf7500: e87b d500 

  0x000002239bbf7504: ; ImmutableOopMap {rdx=Oop r8=Oop r9=Oop rdi=Oop }
                      ;*synchronization entry
                      ; - org.eclipse.osgi.internal.loader.ModuleClassLoader::defineClass@-1 (line 310)
  0x000002239bbf7504: 07e9 7cfb 

  0x000002239bbf7508: ;   {metadata({method} {0x00000223f4629688} 'getClassLoadingLock' '(Ljava/lang/String;)Ljava/lang/Object;' in 'org/eclipse/osgi/internal/loader/ModuleClassLoader')}
  0x000002239bbf7508: ffff 49ba | 8096 62f4 | 2302 0000 | 4c89 5424 | 0848 c704 | 24ff ffff 

  0x000002239bbf7520: ;   {runtime_call counter_overflow Runtime1 stub}
  0x000002239bbf7520: ffe8 5ad5 

  0x000002239bbf7524: ; ImmutableOopMap {rdx=Oop r8=Oop [104]=Oop [112]=Oop }
                      ;*synchronization entry
                      ; - org.eclipse.osgi.internal.loader.ModuleClassLoader::getClassLoadingLock@-1 (line 437)
                      ; - org.eclipse.osgi.internal.loader.ModuleClassLoader::defineClass@8 (line 312)
  0x000002239bbf7524: 0007 e91f 

  0x000002239bbf7528: ;   {runtime_call throw_null_pointer_exception Runtime1 stub}
  0x000002239bbf7528: fcff ffe8 

  0x000002239bbf752c: ; ImmutableOopMap {rdx=Oop r8=Oop rsi=Oop [104]=Oop [112]=Oop }
                      ;*invokevirtual getLock {reexecute=0 rethrow=0 return_oop=0}
                      ; - org.eclipse.osgi.internal.loader.ModuleClassLoader::getClassLoadingLock@5 (line 437)
                      ; - org.eclipse.osgi.internal.loader.ModuleClassLoader::defineClass@8 (line 312)
  0x000002239bbf752c: d07a 0007 

  0x000002239bbf7530: ;   {runtime_call throw_null_pointer_exception Runtime1 stub}
  0x000002239bbf7530: e8cb 7a00 

  0x000002239bbf7534: ; ImmutableOopMap {rsi=Oop [88]=Oop [96]=Oop [104]=Oop [112]=Oop [120]=Oop }
                      ;*monitorenter {reexecute=0 rethrow=0 return_oop=0}
                      ; - org.eclipse.osgi.internal.loader.ModuleClassLoader::defineClass@14 (line 312)
  0x000002239bbf7534: 0748 8974 | 2408 4889 

  0x000002239bbf753c: ;   {runtime_call monitorenter_nofpu Runtime1 stub}
  0x000002239bbf753c: 1424 e8bd 

  0x000002239bbf7540: ; ImmutableOopMap {rsi=Oop [88]=Oop [96]=Oop [104]=Oop [112]=Oop [120]=Oop [136]=Oop }
                      ;*monitorenter {reexecute=0 rethrow=0 return_oop=0}
                      ; - org.eclipse.osgi.internal.loader.ModuleClassLoader::defineClass@14 (line 312)
  0x000002239bbf7540: ad00 07e9 | 86fc ffff 

  0x000002239bbf7548: ;   {metadata({method} {0x00000223b0436ca8} 'findLoadedClass' '(Ljava/lang/String;)Ljava/lang/Class;' in 'java/lang/ClassLoader')}
  0x000002239bbf7548: 49ba a06c | 43b0 2302 | 0000 4c89 | 5424 0848 | c704 24ff 

  0x000002239bbf755c: ;   {runtime_call counter_overflow Runtime1 stub}
  0x000002239bbf755c: ffff ffe8 

  0x000002239bbf7560: ; ImmutableOopMap {[88]=Oop [96]=Oop [104]=Oop [112]=Oop [120]=Oop [136]=Oop }
                      ;*synchronization entry
                      ; - java.lang.ClassLoader::findLoadedClass@-1
                      ; - org.eclipse.osgi.internal.loader.ModuleClassLoader::defineClass@17 (line 313)
  0x000002239bbf7560: 1cd5 0007 | e9a3 fcff 

  0x000002239bbf7568: ;   {runtime_call throw_null_pointer_exception Runtime1 stub}
  0x000002239bbf7568: ffe8 927a 

  0x000002239bbf756c: ; ImmutableOopMap {rdx=Oop r8=Oop r9=Oop rdi=Oop [120]=Oop [136]=Oop }
                      ;*arraylength {reexecute=0 rethrow=0 return_oop=0}
                      ; - org.eclipse.osgi.internal.loader.ModuleClassLoader::defineClass@32 (line 315)
                      ;   {runtime_call throw_null_pointer_exception Runtime1 stub}
  0x000002239bbf756c: 0007 e88d 

  0x000002239bbf7570: ; ImmutableOopMap {rdx=Oop r8=Oop r9=Oop rdi=Oop [120]=Oop [136]=Oop }
                      ;*invokevirtual getDomain {reexecute=0 rethrow=0 return_oop=0}
                      ; - org.eclipse.osgi.internal.loader.ModuleClassLoader::defineClass@34 (line 315)
  0x000002239bbf7570: 7a00 0748 | 8d84 2480 | 0000 0048 

  0x000002239bbf757c: ;   {runtime_call monitorexit_nofpu Runtime1 stub}
  0x000002239bbf757c: 8904 24e8 | 7cb3 0007 | e9fe fdff | ff48 8bd2 

  0x000002239bbf758c: ;   {runtime_call fast_new_instance Runtime1 stub}
  0x000002239bbf758c: e86f 8600 

  0x000002239bbf7590: ; ImmutableOopMap {rbx=Oop }
                      ;*new {reexecute=0 rethrow=0 return_oop=0}
                      ; - org.eclipse.osgi.internal.loader.ModuleClassLoader::defineClass@55 (line 319)
  0x000002239bbf7590: 07e9 51fe 

  0x000002239bbf7594: ;   {metadata({method} {0x00000223f4793300} '<init>' '(Ljava/lang/Class;Z)V' in 'org/eclipse/osgi/internal/loader/ModuleClassLoader$DefineClassResult')}
  0x000002239bbf7594: ffff 49ba | f832 79f4 | 2302 0000 | 4c89 5424 | 0848 c704 | 24ff ffff 

  0x000002239bbf75ac: ;   {runtime_call counter_overflow Runtime1 stub}
  0x000002239bbf75ac: ffe8 ced4 

  0x000002239bbf75b0: ; ImmutableOopMap {rbx=Oop rax=Oop }
                      ;*synchronization entry
                      ; - org.eclipse.osgi.internal.loader.ModuleClassLoader$DefineClassResult::<init>@-1 (line 96)
                      ; - org.eclipse.osgi.internal.loader.ModuleClassLoader::defineClass@63 (line 319)
  0x000002239bbf75b0: 0007 e96c 

  0x000002239bbf75b4: ;   {metadata({method} {0x00000223b0476568} '<init>' '()V' in 'java/lang/Object')}
  0x000002239bbf75b4: feff ff49 | ba60 6547 | b023 0200 | 004c 8954 | 2408 48c7 | 0424 ffff 

  0x000002239bbf75cc: ;   {runtime_call counter_overflow Runtime1 stub}
  0x000002239bbf75cc: ffff e8ad 

  0x000002239bbf75d0: ; ImmutableOopMap {rbx=Oop rax=Oop }
                      ;*synchronization entry
                      ; - java.lang.Object::<init>@-1
                      ; - org.eclipse.osgi.internal.loader.ModuleClassLoader$DefineClassResult::<init>@1 (line 96)
                      ; - org.eclipse.osgi.internal.loader.ModuleClassLoader::defineClass@63 (line 319)
  0x000002239bbf75d0: d400 07e9 | 87fe ffff 

  0x000002239bbf75d8: ;   {internal_word}
  0x000002239bbf75d8: 49ba 8b74 | bf9b 2302 | 0000 4d89 | 9760 0400 

  0x000002239bbf75e8: ;   {runtime_call SafepointBlob}
  0x000002239bbf75e8: 00e9 12d5 | f506 488d | 8424 8000 | 0000 4889 

  0x000002239bbf75f8: ;   {runtime_call monitorexit_nofpu Runtime1 stub}
  0x000002239bbf75f8: 0424 e801 | b300 07e9 | ddfe ffff | 498b 87f8 | 0400 0049 | c787 f804 | 0000 0000 | 0000 49c7 
  0x000002239bbf7618: 8700 0500 | 0000 0000 | 0048 81c4 | a000 0000 

  0x000002239bbf7628: ;   {runtime_call unwind_exception Runtime1 stub}
  0x000002239bbf7628: 5de9 d264 | 0007 f4f4 
[Stub Code]
  0x000002239bbf7630: ;   {no_reloc}
  0x000002239bbf7630: 48bb 0000 | 0000 0000 

  0x000002239bbf7638: ;   {runtime_call nmethod}
  0x000002239bbf7638: 0000 e9fb 

  0x000002239bbf763c: ;   {static_stub}
  0x000002239bbf763c: ffff ff48 | bb00 0000 | 0000 0000 

  0x000002239bbf7648: ;   {runtime_call nmethod}
  0x000002239bbf7648: 00e9 fbff 

  0x000002239bbf764c: ;   {static_stub}
  0x000002239bbf764c: ffff 48bb | 0000 0000 | 0000 0000 

  0x000002239bbf7658: ;   {runtime_call nmethod}
  0x000002239bbf7658: e9fb ffff 

  0x000002239bbf765c: ;   {static_stub}
  0x000002239bbf765c: ff48 bb00 | 0000 0000 

  0x000002239bbf7664: ;   {runtime_call nmethod}
  0x000002239bbf7664: 0000 00e9 | fbff ffff 
[Exception Handler]
  0x000002239bbf766c: ;   {runtime_call handle_exception_from_callee Runtime1 stub}
  0x000002239bbf766c: e88f 9a00 

  0x000002239bbf7670: ;   {external_word}
  0x000002239bbf7670: 0748 b920 | 53cb b7fd | 7f00 0048 

  0x000002239bbf767c: ;   {runtime_call}
  0x000002239bbf767c: 83e4 f048 | b890 b78d | b7fd 7f00 | 00ff d0f4 
[Deopt Handler Code]
  0x000002239bbf768c: ;   {section_word}
  0x000002239bbf768c: 49ba 8c76 | bf9b 2302 | 0000 4152 

  0x000002239bbf7698: ;   {runtime_call DeoptimizationBlob}
  0x000002239bbf7698: e903 c7f5 | 06f4 f4f4 
[/MachCode]


---------------  P R O C E S S  ---------------

Threads class SMR info:
_java_thread_list=0x00000223f87aadf0, length=24, elements={
0x0000022396e9d250, 0x0000022396f4b0b0, 0x0000022396f4bc00, 0x0000022396f4ea70,
0x0000022396f50ca0, 0x0000022396f55840, 0x0000022396f572a0, 0x0000022396f58800,
0x0000022396f5c4e0, 0x00000223f1b11140, 0x00000223f1b1da40, 0x00000223f1b9be70,
0x00000223f1ce8cf0, 0x00000223f1d1b710, 0x00000223f336a000, 0x00000223f349d130,
0x00000223f3681d20, 0x00000223f886e310, 0x00000223f3392750, 0x00000223f39c3b60,
0x00000223f39c4590, 0x00000223f8b74cf0, 0x00000223f8c5e070, 0x00000223f81a7920
}

Java Threads: ( => current thread )
  0x0000022396e9d250 JavaThread "main"                              [_thread_blocked, id=17332, stack(0x0000005cb8b00000,0x0000005cb8c00000) (1024K)]
  0x0000022396f4b0b0 JavaThread "Reference Handler"          daemon [_thread_blocked, id=27264, stack(0x0000005cb8f00000,0x0000005cb9000000) (1024K)]
  0x0000022396f4bc00 JavaThread "Finalizer"                  daemon [_thread_blocked, id=24000, stack(0x0000005cb9000000,0x0000005cb9100000) (1024K)]
  0x0000022396f4ea70 JavaThread "Signal Dispatcher"          daemon [_thread_blocked, id=1888, stack(0x0000005cb9100000,0x0000005cb9200000) (1024K)]
  0x0000022396f50ca0 JavaThread "Attach Listener"            daemon [_thread_blocked, id=16644, stack(0x0000005cb9200000,0x0000005cb9300000) (1024K)]
  0x0000022396f55840 JavaThread "Service Thread"             daemon [_thread_blocked, id=25328, stack(0x0000005cb9300000,0x0000005cb9400000) (1024K)]
  0x0000022396f572a0 JavaThread "Monitor Deflation Thread"   daemon [_thread_blocked, id=30156, stack(0x0000005cb9400000,0x0000005cb9500000) (1024K)]
  0x0000022396f58800 JavaThread "C2 CompilerThread0"         daemon [_thread_blocked, id=24864, stack(0x0000005cb9500000,0x0000005cb9600000) (1024K)]
  0x0000022396f5c4e0 JavaThread "C1 CompilerThread0"         daemon [_thread_blocked, id=13972, stack(0x0000005cb9600000,0x0000005cb9700000) (1024K)]
  0x00000223f1b11140 JavaThread "C1 CompilerThread1"         daemon [_thread_blocked, id=21880, stack(0x0000005cb9700000,0x0000005cb9800000) (1024K)]
  0x00000223f1b1da40 JavaThread "C1 CompilerThread2"         daemon [_thread_blocked, id=12804, stack(0x0000005cb9800000,0x0000005cb9900000) (1024K)]
  0x00000223f1b9be70 JavaThread "C2 CompilerThread1"         daemon [_thread_blocked, id=26540, stack(0x0000005cb9900000,0x0000005cb9a00000) (1024K)]
  0x00000223f1ce8cf0 JavaThread "Common-Cleaner"             daemon [_thread_blocked, id=10792, stack(0x0000005cb9a00000,0x0000005cb9b00000) (1024K)]
  0x00000223f1d1b710 JavaThread "C1 CompilerThread3"         daemon [_thread_blocked, id=11664, stack(0x0000005cb9b00000,0x0000005cb9c00000) (1024K)]
  0x00000223f336a000 JavaThread "Notification Thread"        daemon [_thread_blocked, id=28104, stack(0x0000005cb9c00000,0x0000005cb9d00000) (1024K)]
  0x00000223f349d130 JavaThread "C2 CompilerThread2"         daemon [_thread_blocked, id=11564, stack(0x0000005cb9d00000,0x0000005cb9e00000) (1024K)]
  0x00000223f3681d20 JavaThread "C2 CompilerThread3"         daemon [_thread_blocked, id=2400, stack(0x0000005cb9e00000,0x0000005cb9f00000) (1024K)]
  0x00000223f886e310 JavaThread "Active Thread: Equinox Container: 9ffaf42d-4da7-42fb-a88f-56b719db2700"        [_thread_blocked, id=22436, stack(0x0000005cba600000,0x0000005cba700000) (1024K)]
  0x00000223f3392750 JavaThread "Refresh Thread: Equinox Container: 9ffaf42d-4da7-42fb-a88f-56b719db2700" daemon [_thread_blocked, id=27252, stack(0x0000005cba800000,0x0000005cba900000) (1024K)]
  0x00000223f39c3b60 JavaThread "Framework Event Dispatcher: Equinox Container: 9ffaf42d-4da7-42fb-a88f-56b719db2700" daemon [_thread_blocked, id=30684, stack(0x0000005cba900000,0x0000005cbaa00000) (1024K)]
=>0x00000223f39c4590 JavaThread "Start Level: Equinox Container: 9ffaf42d-4da7-42fb-a88f-56b719db2700" daemon [_thread_in_vm, id=24276, stack(0x0000005cbaa00000,0x0000005cbab00000) (1024K)]
  0x00000223f8b74cf0 JavaThread "Bundle File Closer"         daemon [_thread_blocked, id=19048, stack(0x0000005cbae00000,0x0000005cbaf00000) (1024K)]
  0x00000223f8c5e070 JavaThread "SCR Component Actor"        daemon [_thread_blocked, id=26240, stack(0x0000005cbaf00000,0x0000005cbb000000) (1024K)]
  0x00000223f81a7920 JavaThread "Worker-JM"                         [_thread_blocked, id=30764, stack(0x0000005cba500000,0x0000005cba600000) (1024K)]
Total: 24

Other Threads:
  0x0000022396f3fc20 VMThread "VM Thread"                           [id=25308, stack(0x0000005cb8e00000,0x0000005cb8f00000) (1024K)]
  0x00000223af42ca00 WatcherThread "VM Periodic Task Thread"        [id=29308, stack(0x0000005cb8d00000,0x0000005cb8e00000) (1024K)]
  0x0000022396ebb620 WorkerThread "GC Thread#0"                     [id=24148, stack(0x0000005cb8c00000,0x0000005cb8d00000) (1024K)]
  0x00000223f35dc6f0 WorkerThread "GC Thread#1"                     [id=7152, stack(0x0000005cb9f00000,0x0000005cba000000) (1024K)]
  0x00000223f3ab0c40 WorkerThread "GC Thread#2"                     [id=10548, stack(0x0000005cba000000,0x0000005cba100000) (1024K)]
  0x00000223f3a1c100 WorkerThread "GC Thread#3"                     [id=29444, stack(0x0000005cba100000,0x0000005cba200000) (1024K)]
  0x00000223f815ea00 WorkerThread "GC Thread#4"                     [id=29812, stack(0x0000005cba200000,0x0000005cba300000) (1024K)]
  0x00000223f815eda0 WorkerThread "GC Thread#5"                     [id=30268, stack(0x0000005cba300000,0x0000005cba400000) (1024K)]
  0x00000223f39ef110 WorkerThread "GC Thread#6"                     [id=27652, stack(0x0000005cba400000,0x0000005cba500000) (1024K)]
  0x00000223f830d0a0 WorkerThread "GC Thread#7"                     [id=21012, stack(0x0000005cba700000,0x0000005cba800000) (1024K)]
  0x00000223f8548840 WorkerThread "GC Thread#8"                     [id=28372, stack(0x0000005cbab00000,0x0000005cbac00000) (1024K)]
  0x00000223f8038d10 WorkerThread "GC Thread#9"                     [id=12608, stack(0x0000005cbac00000,0x0000005cbad00000) (1024K)]
  0x00000223f88e7cc0 WorkerThread "GC Thread#10"                    [id=11824, stack(0x0000005cbad00000,0x0000005cbae00000) (1024K)]
Total: 13

Threads with active compile tasks:
Total: 0

VM state: not at safepoint (normal execution)

VM Mutex/Monitor currently owned by a thread:  ([mutex/lock_event])
[0x00007ffdb7f6b4f0] Metaspace_lock - owner thread: 0x00000223f39c4590

Heap address: 0x0000000080000000, size: 2048 MB, Compressed Oops mode: 32-bit

CDS archive(s) mapped at: [0x00000223b0000000-0x00000223b0ba0000-0x00000223b0ba0000), size 12189696, SharedBaseAddress: 0x00000223b0000000, ArchiveRelocationMode: 1.
Compressed class space mapped at: 0x00000223b1000000-0x00000223f1000000, reserved size: 1073741824
Narrow klass base: 0x00000223b0000000, Narrow klass shift: 0, Narrow klass range: 0x100000000

GC Precious Log:
 CardTable entry size: 512
 CPUs: 16 total, 16 available
 Memory: 16107M
 Large Page Support: Disabled
 NUMA Support: Disabled
 Compressed Oops: Enabled (32-bit)
 Alignments: Space 512K, Generation 512K, Heap 2M
 Heap Min Capacity: 100M
 Heap Initial Capacity: 100M
 Heap Max Capacity: 2G
 Pre-touch: Disabled
 Parallel Workers: 13

Heap:
 PSYoungGen      total 29696K, used 21039K [0x00000000d5580000, 0x00000000d7680000, 0x0000000100000000)
  eden space 25600K, 66% used [0x00000000d5580000,0x00000000d6612fe8,0x00000000d6e80000)
  from space 4096K, 99% used [0x00000000d7280000,0x00000000d7678f98,0x00000000d7680000)
  to   space 4096K, 0% used [0x00000000d6e80000,0x00000000d6e80000,0x00000000d7280000)
 ParOldGen       total 68608K, used 6577K [0x0000000080000000, 0x0000000084300000, 0x00000000d5580000)
  object space 68608K, 9% used [0x0000000080000000,0x000000008066c748,0x0000000084300000)
 Metaspace       used 13997K, committed 14464K, reserved 1114112K
  class space    used 1449K, committed 1664K, reserved 1048576K

Card table byte_map: [0x00000223aa890000,0x00000223aaca0000] _byte_map_base: 0x00000223aa490000

Marking Bits: (ParMarkBitMap*) 0x00007ffdb7f72460
 Begin Bits: [0x00000223aaf50000, 0x00000223acf50000)
 End Bits:   [0x00000223acf50000, 0x00000223aef50000)

Polling page: 0x0000022396c40000

Metaspace:

Usage:
  Non-class:     12.25 MB used.
      Class:      1.42 MB used.
       Both:     13.67 MB used.

Virtual space:
  Non-class space:       64.00 MB reserved,      12.50 MB ( 20%) committed,  1 nodes.
      Class space:        1.00 GB reserved,       1.62 MB ( <1%) committed,  1 nodes.
             Both:        1.06 GB reserved,      14.12 MB (  1%) committed. 

Chunk freelists:
   Non-Class:  2.80 MB
       Class:  14.41 MB
        Both:  17.20 MB

MaxMetaspaceSize: unlimited
CompressedClassSpaceSize: 1.00 GB
Initial GC threshold: 21.00 MB
Current GC threshold: 21.00 MB
CDS: on
 - commit_granule_bytes: 65536.
 - commit_granule_words: 8192.
 - virtual_space_node_default_size: 8388608.
 - enlarge_chunks_in_place: 1.
 - use_allocation_guard: 0.


Internal statistics:

num_allocs_failed_limit: 0.
num_arena_births: 350.
num_arena_deaths: 0.
num_vsnodes_births: 2.
num_vsnodes_deaths: 0.
num_space_committed: 226.
num_space_uncommitted: 0.
num_chunks_returned_to_freelist: 0.
num_chunks_taken_from_freelist: 801.
num_chunk_merges: 0.
num_chunk_splits: 507.
num_chunks_enlarged: 343.
num_inconsistent_stats: 0.

CodeHeap 'non-profiled nmethods': size=119168Kb used=1295Kb max_used=1295Kb free=117872Kb
 bounds [0x00000223a3250000, 0x00000223a34c0000, 0x00000223aa6b0000]
CodeHeap 'profiled nmethods': size=119104Kb used=6247Kb max_used=6247Kb free=112856Kb
 bounds [0x000002239b6b0000, 0x000002239bcd0000, 0x00000223a2b00000]
CodeHeap 'non-nmethods': size=7488Kb used=2938Kb max_used=2960Kb free=4549Kb
 bounds [0x00000223a2b00000, 0x00000223a2df0000, 0x00000223a3250000]
CodeCache: size=245760Kb, used=10480Kb, max_used=10502Kb, free=235277Kb
 total_blobs=3568, nmethods=3050, adapters=421, full_count=0
Compilation: enabled, stopped_count=0, restarted_count=0

Compilation events (20 events):
Event: 1.506 Thread 0x0000022396f5c4e0 nmethod 3042 0x000002239bcc0a90 code [0x000002239bcc0c60, 0x000002239bcc0f40]
Event: 1.507 Thread 0x00000223f1b11140 3043   !   3       org.eclipse.osgi.internal.loader.classpath.ClasspathManager::defineClass (636 bytes)
Event: 1.508 Thread 0x00000223f1b11140 nmethod 3043 0x000002239bcc1010 code [0x000002239bcc15c0, 0x000002239bcc49e0]
Event: 1.509 Thread 0x00000223f1d1b710 3044       3       org.eclipse.osgi.internal.loader.BundleLoader::isTriggerSet (8 bytes)
Event: 1.509 Thread 0x00000223f1d1b710 nmethod 3044 0x000002239bcc5f10 code [0x000002239bcc60c0, 0x000002239bcc6290]
Event: 1.512 Thread 0x00000223f1b11140 3045       3       org.eclipse.osgi.internal.weaving.WovenClassImpl::setHooksComplete (37 bytes)
Event: 1.512 Thread 0x00000223f1b11140 nmethod 3045 0x000002239bcc6390 code [0x000002239bcc6540, 0x000002239bcc67b0]
Event: 1.512 Thread 0x0000022396f5c4e0 3046       3       org.eclipse.osgi.internal.weaving.WovenClassImpl::setWeavingCompleted (53 bytes)
Event: 1.513 Thread 0x0000022396f5c4e0 nmethod 3046 0x000002239bcc6890 code [0x000002239bcc6a60, 0x000002239bcc6ce0]
Event: 1.516 Thread 0x00000223f1d1b710 3047       3       java.lang.invoke.LambdaFormEditor$TransformKey::packedBytes (30 bytes)
Event: 1.516 Thread 0x0000022396f5c4e0 3048       3       java.lang.invoke.InnerClassLambdaMetafactory::getLoadOpcode (26 bytes)
Event: 1.516 Thread 0x00000223f1b1da40 3049       3       java.lang.invoke.InnerClassLambdaMetafactory::getParameterSize (27 bytes)
Event: 1.516 Thread 0x00000223f1d1b710 nmethod 3047 0x000002239bcc6d90 code [0x000002239bcc6f20, 0x000002239bcc7028]
Event: 1.517 Thread 0x00000223f1b1da40 nmethod 3049 0x000002239bcc7090 code [0x000002239bcc7240, 0x000002239bcc7438]
Event: 1.517 Thread 0x0000022396f5c4e0 nmethod 3048 0x000002239bcc7510 code [0x000002239bcc76e0, 0x000002239bcc78f0]
Event: 1.518 Thread 0x00000223f1b11140 3050       3       java.util.ImmutableCollections$Set12::<init> (53 bytes)
Event: 1.518 Thread 0x00000223f1b11140 nmethod 3050 0x000002239bcc7a10 code [0x000002239bcc7cc0, 0x000002239bcc8880]
Event: 1.522 Thread 0x0000022396f5c4e0 3051       3       org.eclipse.osgi.internal.hooks.EclipseLazyStarter::shouldActivateFor (123 bytes)
Event: 1.523 Thread 0x0000022396f5c4e0 nmethod 3051 0x000002239bcc8d10 code [0x000002239bcc8fa0, 0x000002239bcc9ab8]
Event: 1.532 Thread 0x00000223f3681d20 nmethod 3040% 0x00000223a3390a90 code [0x00000223a3390dc0, 0x00000223a3392c10]

GC Heap History (8 events):
Event: 0.457 GC heap before
{Heap before GC invocations=1 (full 0):
 PSYoungGen      total 29696K, used 25600K [0x00000000d5580000, 0x00000000d7680000, 0x0000000100000000)
  eden space 25600K, 100% used [0x00000000d5580000,0x00000000d6e80000,0x00000000d6e80000)
  from space 4096K, 0% used [0x00000000d7280000,0x00000000d7280000,0x00000000d7680000)
  to   space 4096K, 0% used [0x00000000d6e80000,0x00000000d6e80000,0x00000000d7280000)
 ParOldGen       total 68608K, used 0K [0x0000000080000000, 0x0000000084300000, 0x00000000d5580000)
  object space 68608K, 0% used [0x0000000080000000,0x0000000080000000,0x0000000084300000)
 Metaspace       used 4125K, committed 4416K, reserved 1114112K
  class space    used 452K, committed 576K, reserved 1048576K
}
Event: 0.462 GC heap after
{Heap after GC invocations=1 (full 0):
 PSYoungGen      total 29696K, used 3691K [0x00000000d5580000, 0x00000000d7680000, 0x0000000100000000)
  eden space 25600K, 0% used [0x00000000d5580000,0x00000000d5580000,0x00000000d6e80000)
  from space 4096K, 90% used [0x00000000d6e80000,0x00000000d721aff0,0x00000000d7280000)
  to   space 4096K, 0% used [0x00000000d7280000,0x00000000d7280000,0x00000000d7680000)
 ParOldGen       total 68608K, used 16K [0x0000000080000000, 0x0000000084300000, 0x00000000d5580000)
  object space 68608K, 0% used [0x0000000080000000,0x0000000080004000,0x0000000084300000)
 Metaspace       used 4125K, committed 4416K, reserved 1114112K
  class space    used 452K, committed 576K, reserved 1048576K
}
Event: 0.777 GC heap before
{Heap before GC invocations=2 (full 0):
 PSYoungGen      total 29696K, used 29291K [0x00000000d5580000, 0x00000000d7680000, 0x0000000100000000)
  eden space 25600K, 100% used [0x00000000d5580000,0x00000000d6e80000,0x00000000d6e80000)
  from space 4096K, 90% used [0x00000000d6e80000,0x00000000d721aff0,0x00000000d7280000)
  to   space 4096K, 0% used [0x00000000d7280000,0x00000000d7280000,0x00000000d7680000)
 ParOldGen       total 68608K, used 16K [0x0000000080000000, 0x0000000084300000, 0x00000000d5580000)
  object space 68608K, 0% used [0x0000000080000000,0x0000000080004000,0x0000000084300000)
 Metaspace       used 7808K, committed 8128K, reserved 1114112K
  class space    used 808K, committed 960K, reserved 1048576K
}
Event: 0.783 GC heap after
{Heap after GC invocations=2 (full 0):
 PSYoungGen      total 29696K, used 4080K [0x00000000d5580000, 0x00000000d7680000, 0x0000000100000000)
  eden space 25600K, 0% used [0x00000000d5580000,0x00000000d5580000,0x00000000d6e80000)
  from space 4096K, 99% used [0x00000000d7280000,0x00000000d767c148,0x00000000d7680000)
  to   space 4096K, 0% used [0x00000000d6e80000,0x00000000d6e80000,0x00000000d7280000)
 ParOldGen       total 68608K, used 1912K [0x0000000080000000, 0x0000000084300000, 0x00000000d5580000)
  object space 68608K, 2% used [0x0000000080000000,0x00000000801de020,0x0000000084300000)
 Metaspace       used 7808K, committed 8128K, reserved 1114112K
  class space    used 808K, committed 960K, reserved 1048576K
}
Event: 1.063 GC heap before
{Heap before GC invocations=3 (full 0):
 PSYoungGen      total 29696K, used 29680K [0x00000000d5580000, 0x00000000d7680000, 0x0000000100000000)
  eden space 25600K, 100% used [0x00000000d5580000,0x00000000d6e80000,0x00000000d6e80000)
  from space 4096K, 99% used [0x00000000d7280000,0x00000000d767c148,0x00000000d7680000)
  to   space 4096K, 0% used [0x00000000d6e80000,0x00000000d6e80000,0x00000000d7280000)
 ParOldGen       total 68608K, used 1912K [0x0000000080000000, 0x0000000084300000, 0x00000000d5580000)
  object space 68608K, 2% used [0x0000000080000000,0x00000000801de020,0x0000000084300000)
 Metaspace       used 9434K, committed 9728K, reserved 1114112K
  class space    used 1004K, committed 1152K, reserved 1048576K
}
Event: 1.067 GC heap after
{Heap after GC invocations=3 (full 0):
 PSYoungGen      total 29696K, used 4088K [0x00000000d5580000, 0x00000000d7680000, 0x0000000100000000)
  eden space 25600K, 0% used [0x00000000d5580000,0x00000000d5580000,0x00000000d6e80000)
  from space 4096K, 99% used [0x00000000d6e80000,0x00000000d727e398,0x00000000d7280000)
  to   space 4096K, 0% used [0x00000000d7280000,0x00000000d7280000,0x00000000d7680000)
 ParOldGen       total 68608K, used 4232K [0x0000000080000000, 0x0000000084300000, 0x00000000d5580000)
  object space 68608K, 6% used [0x0000000080000000,0x00000000804221f8,0x0000000084300000)
 Metaspace       used 9434K, committed 9728K, reserved 1114112K
  class space    used 1004K, committed 1152K, reserved 1048576K
}
Event: 1.257 GC heap before
{Heap before GC invocations=4 (full 0):
 PSYoungGen      total 29696K, used 29688K [0x00000000d5580000, 0x00000000d7680000, 0x0000000100000000)
  eden space 25600K, 100% used [0x00000000d5580000,0x00000000d6e80000,0x00000000d6e80000)
  from space 4096K, 99% used [0x00000000d6e80000,0x00000000d727e398,0x00000000d7280000)
  to   space 4096K, 0% used [0x00000000d7280000,0x00000000d7280000,0x00000000d7680000)
 ParOldGen       total 68608K, used 4232K [0x0000000080000000, 0x0000000084300000, 0x00000000d5580000)
  object space 68608K, 6% used [0x0000000080000000,0x00000000804221f8,0x0000000084300000)
 Metaspace       used 11415K, committed 11776K, reserved 1114112K
  class space    used 1197K, committed 1344K, reserved 1048576K
}
Event: 1.262 GC heap after
{Heap after GC invocations=4 (full 0):
 PSYoungGen      total 29696K, used 4067K [0x00000000d5580000, 0x00000000d7680000, 0x0000000100000000)
  eden space 25600K, 0% used [0x00000000d5580000,0x00000000d5580000,0x00000000d6e80000)
  from space 4096K, 99% used [0x00000000d7280000,0x00000000d7678f98,0x00000000d7680000)
  to   space 4096K, 0% used [0x00000000d6e80000,0x00000000d6e80000,0x00000000d7280000)
 ParOldGen       total 68608K, used 6577K [0x0000000080000000, 0x0000000084300000, 0x00000000d5580000)
  object space 68608K, 9% used [0x0000000080000000,0x000000008066c748,0x0000000084300000)
 Metaspace       used 11415K, committed 11776K, reserved 1114112K
  class space    used 1197K, committed 1344K, reserved 1048576K
}

Dll operation events (9 events):
Event: 0.010 Loaded shared library c:\Users\arnav\.antigravity\extensions\redhat.java-1.52.0-win32-x64\jre\21.0.9-win32-x86_64\bin\java.dll
Event: 0.055 Loaded shared library c:\Users\arnav\.antigravity\extensions\redhat.java-1.52.0-win32-x64\jre\21.0.9-win32-x86_64\bin\zip.dll
Event: 0.073 Loaded shared library C:\Users\arnav\.antigravity\extensions\redhat.java-1.52.0-win32-x64\jre\21.0.9-win32-x86_64\bin\instrument.dll
Event: 0.076 Loaded shared library C:\Users\arnav\.antigravity\extensions\redhat.java-1.52.0-win32-x64\jre\21.0.9-win32-x86_64\bin\net.dll
Event: 0.078 Loaded shared library C:\Users\arnav\.antigravity\extensions\redhat.java-1.52.0-win32-x64\jre\21.0.9-win32-x86_64\bin\nio.dll
Event: 0.081 Loaded shared library C:\Users\arnav\.antigravity\extensions\redhat.java-1.52.0-win32-x64\jre\21.0.9-win32-x86_64\bin\zip.dll
Event: 0.099 Loaded shared library C:\Users\arnav\.antigravity\extensions\redhat.java-1.52.0-win32-x64\jre\21.0.9-win32-x86_64\bin\jimage.dll
Event: 0.152 Loaded shared library c:\Users\arnav\.antigravity\extensions\redhat.java-1.52.0-win32-x64\jre\21.0.9-win32-x86_64\bin\verify.dll
Event: 0.840 Loaded shared library C:\Users\arnav\AppData\Roaming\Antigravity\User\globalStorage\redhat.java\1.52.0\config_win\org.eclipse.equinox.launcher\org.eclipse.equinox.launcher.win32.win32.x86_64_1.2.1500.v20260121-1430\eclipse_11919.dll

Deoptimization events (20 events):
Event: 1.363 Thread 0x00000223f39c4590 Uncommon trap: trap_request=0xffffffc6 fr.pc=0x00000223a3370840 relative=0x0000000000000600
Event: 1.363 Thread 0x00000223f39c4590 Uncommon trap: reason=bimorphic_or_optimized_type_check action=maybe_recompile pc=0x00000223a3370840 method=java.io.DataInputStream.readUnsignedByte()I @ 4 c2
Event: 1.363 Thread 0x00000223f39c4590 DEOPT PACKING pc=0x00000223a3370840 sp=0x0000005cbaafb300
Event: 1.363 Thread 0x00000223f39c4590 DEOPT UNPACKING pc=0x00000223a2b53aa2 sp=0x0000005cbaafb268 mode 2
Event: 1.363 Thread 0x00000223f39c4590 Uncommon trap: trap_request=0xffffffc6 fr.pc=0x00000223a3370840 relative=0x0000000000000600
Event: 1.363 Thread 0x00000223f39c4590 Uncommon trap: reason=bimorphic_or_optimized_type_check action=maybe_recompile pc=0x00000223a3370840 method=java.io.DataInputStream.readUnsignedByte()I @ 4 c2
Event: 1.363 Thread 0x00000223f39c4590 DEOPT PACKING pc=0x00000223a3370840 sp=0x0000005cbaafb300
Event: 1.363 Thread 0x00000223f39c4590 DEOPT UNPACKING pc=0x00000223a2b53aa2 sp=0x0000005cbaafb268 mode 2
Event: 1.363 Thread 0x00000223f39c4590 Uncommon trap: trap_request=0xffffffc6 fr.pc=0x00000223a3370840 relative=0x0000000000000600
Event: 1.363 Thread 0x00000223f39c4590 Uncommon trap: reason=bimorphic_or_optimized_type_check action=maybe_recompile pc=0x00000223a3370840 method=java.io.DataInputStream.readUnsignedByte()I @ 4 c2
Event: 1.363 Thread 0x00000223f39c4590 DEOPT PACKING pc=0x00000223a3370840 sp=0x0000005cbaafb300
Event: 1.363 Thread 0x00000223f39c4590 DEOPT UNPACKING pc=0x00000223a2b53aa2 sp=0x0000005cbaafb268 mode 2
Event: 1.401 Thread 0x00000223f39c4590 Uncommon trap: trap_request=0xffffffcc fr.pc=0x00000223a3382ec4 relative=0x0000000000000204
Event: 1.401 Thread 0x00000223f39c4590 Uncommon trap: reason=intrinsic_or_type_checked_inlining action=make_not_entrant pc=0x00000223a3382ec4 method=java.util.Arrays.copyOf([Ljava/lang/Object;ILjava/lang/Class;)[Ljava/lang/Object; @ 35 c2
Event: 1.401 Thread 0x00000223f39c4590 DEOPT PACKING pc=0x00000223a3382ec4 sp=0x0000005cbaafd330
Event: 1.401 Thread 0x00000223f39c4590 DEOPT UNPACKING pc=0x00000223a2b53aa2 sp=0x0000005cbaafd2c0 mode 2
Event: 1.499 Thread 0x00000223f39c4590 Uncommon trap: trap_request=0xffffff45 fr.pc=0x00000223a3343f94 relative=0x0000000000000a14
Event: 1.499 Thread 0x00000223f39c4590 Uncommon trap: reason=unstable_if action=reinterpret pc=0x00000223a3343f94 method=java.util.LinkedHashMap.afterNodeInsertion(Z)V @ 1 c2
Event: 1.499 Thread 0x00000223f39c4590 DEOPT PACKING pc=0x00000223a3343f94 sp=0x0000005cbaaf7c20
Event: 1.499 Thread 0x00000223f39c4590 DEOPT UNPACKING pc=0x00000223a2b53aa2 sp=0x0000005cbaaf7b40 mode 2

Classes loaded (20 events):
Event: 1.308 Loading class java/util/stream/LongPipeline$StatelessOp done
Event: 1.308 Loading class java/util/stream/ReferencePipeline$5 done
Event: 1.308 Loading class java/util/function/LongBinaryOperator
Event: 1.308 Loading class java/util/function/LongBinaryOperator done
Event: 1.309 Loading class java/util/stream/ReduceOps$10
Event: 1.309 Loading class java/util/stream/ReduceOps$10 done
Event: 1.309 Loading class java/util/stream/ReduceOps$8ReducingSink
Event: 1.309 Loading class java/util/stream/Sink$OfLong
Event: 1.309 Loading class java/util/stream/Sink$OfLong done
Event: 1.309 Loading class java/util/stream/ReduceOps$8ReducingSink done
Event: 1.309 Loading class java/util/stream/ReferencePipeline$5$1
Event: 1.310 Loading class java/util/stream/ReferencePipeline$5$1 done
Event: 1.349 Loading class java/nio/file/NoSuchFileException
Event: 1.350 Loading class java/nio/file/FileSystemException
Event: 1.350 Loading class java/nio/file/FileSystemException done
Event: 1.350 Loading class java/nio/file/NoSuchFileException done
Event: 1.393 Loading class java/lang/Process
Event: 1.393 Loading class java/lang/Process done
Event: 1.515 Loading class java/util/concurrent/TimeoutException
Event: 1.515 Loading class java/util/concurrent/TimeoutException done

Classes unloaded (0 events):
No events

Classes redefined (0 events):
No events

Internal exceptions (20 events):
Event: 0.535 Thread 0x0000022396e9d250 Exception <a 'java/lang/NoSuchMethodError'{0x00000000d5c163c0}: 'void java.lang.invoke.DirectMethodHandle$Holder.invokeSpecial(java.lang.Object, java.lang.Object, java.lang.Object)'> (0x00000000d5c163c0) 
thrown [s\src\hotspot\share\interpreter\linkResolver.cpp, line 773]
Event: 0.679 Thread 0x0000022396e9d250 Exception <a 'java/lang/NoSuchMethodError'{0x00000000d667ab90}: 'int java.lang.invoke.DirectMethodHandle$Holder.invokeVirtual(java.lang.Object, java.lang.Object)'> (0x00000000d667ab90) 
thrown [s\src\hotspot\share\interpreter\linkResolver.cpp, line 773]
Event: 0.710 Thread 0x0000022396e9d250 Exception <a 'java/lang/NoSuchMethodError'{0x00000000d67f12e0}: 'int java.lang.invoke.DirectMethodHandle$Holder.invokeStaticInit(java.lang.Object, java.lang.Object, java.lang.Object, java.lang.Object)'> (0x00000000d67f12e0) 
thrown [s\src\hotspot\share\interpreter\linkResolver.cpp, line 773]
Event: 0.710 Thread 0x0000022396e9d250 Exception <a 'java/lang/IncompatibleClassChangeError'{0x00000000d67f96e8}: Found class java.lang.Object, but interface was expected> (0x00000000d67f96e8) 
thrown [s\src\hotspot\share\interpreter\linkResolver.cpp, line 840]
Event: 0.711 Thread 0x0000022396e9d250 Exception <a 'java/lang/NoSuchMethodError'{0x00000000d67ffc98}: 'void java.lang.invoke.DirectMethodHandle$Holder.invokeStaticInit(java.lang.Object, java.lang.Object)'> (0x00000000d67ffc98) 
thrown [s\src\hotspot\share\interpreter\linkResolver.cpp, line 773]
Event: 0.711 Thread 0x0000022396e9d250 Exception <a 'java/lang/NoSuchMethodError'{0x00000000d6808e90}: 'int java.lang.invoke.DirectMethodHandle$Holder.invokeStaticInit(java.lang.Object, java.lang.Object)'> (0x00000000d6808e90) 
thrown [s\src\hotspot\share\interpreter\linkResolver.cpp, line 773]
Event: 0.732 Thread 0x0000022396e9d250 Exception <a 'java/lang/NoSuchMethodError'{0x00000000d6a5bce0}: 'java.lang.Object java.lang.invoke.DirectMethodHandle$Holder.newInvokeSpecial(java.lang.Object, int, java.lang.Object)'> (0x00000000d6a5bce0) 
thrown [s\src\hotspot\share\interpreter\linkResolver.cpp, line 773]
Event: 0.750 Thread 0x0000022396e9d250 Exception <a 'java/lang/ClassNotFoundException'{0x00000000d6c72f00}: sun/net/www/protocol/plurl/Handler> (0x00000000d6c72f00) 
thrown [s\src\hotspot\share\classfile\systemDictionary.cpp, line 312]
Event: 0.750 Thread 0x0000022396e9d250 Exception <a 'java/lang/ClassNotFoundException'{0x00000000d6c73d80}: sun/net/www/protocol/plurl/Handler> (0x00000000d6c73d80) 
thrown [s\src\hotspot\share\classfile\systemDictionary.cpp, line 312]
Event: 0.838 Thread 0x0000022396e9d250 Exception <a 'java/lang/UnsatisfiedLinkError'{0x00000000d5876d18}: 'void org.eclipse.equinox.launcher.JNIBridge._update_splash()'> (0x00000000d5876d18) 
thrown [s\src\hotspot\share\prims\nativeLookup.cpp, line 415]
Event: 0.854 Thread 0x00000223f3392750 Exception <a 'java/lang/NoSuchMethodError'{0x00000000d5b1d868}: 'void java.lang.invoke.DirectMethodHandle$Holder.invokeInterface(java.lang.Object, java.lang.Object, java.lang.Object)'> (0x00000000d5b1d868) 
thrown [s\src\hotspot\share\interpreter\linkResolver.cpp, line 773]
Event: 0.931 Thread 0x00000223f39c4590 Exception <a 'java/lang/NoSuchMethodError'{0x00000000d5f06540}: 'java.lang.Object java.lang.invoke.DirectMethodHandle$Holder.newInvokeSpecial(java.lang.Object, java.lang.Object, int, java.lang.Object)'> (0x00000000d5f06540) 
thrown [s\src\hotspot\share\interpreter\linkResolver.cpp, line 773]
Event: 0.932 Thread 0x00000223f39c4590 Exception <a 'java/lang/NoSuchMethodError'{0x00000000d5f0a370}: 'java.lang.Object java.lang.invoke.DirectMethodHandle$Holder.invokeSpecial(java.lang.Object, java.lang.Object, java.lang.Object, int, java.lang.Object)'> (0x00000000d5f0a370) 
thrown [s\src\hotspot\share\interpreter\linkResolver.cpp, line 773]
Event: 0.954 Thread 0x00000223f39c4590 Exception <a 'java/lang/NoClassDefFoundError'{0x00000000d5fb2670}: jakarta/servlet/ServletContainerInitializer> (0x00000000d5fb2670) 
thrown [s\src\hotspot\share\classfile\systemDictionary.cpp, line 301]
Event: 0.975 Thread 0x00000223f39c4590 Exception <a 'java/lang/ClassNotFoundException'{0x00000000d610eea0}: sun/util/logging/resources/spi/loggingProvider> (0x00000000d610eea0) 
thrown [s\src\hotspot\share\classfile\systemDictionary.cpp, line 312]
Event: 1.218 Thread 0x00000223f39c4590 Exception <a 'java/lang/NullPointerException'{0x00000000d6907850}> (0x00000000d6907850) 
thrown [s\src\hotspot\share\interpreter\linkResolver.cpp, line 1372]
Event: 1.218 Thread 0x00000223f39c4590 Exception <a 'java/lang/NullPointerException'{0x00000000d6907b30}> (0x00000000d6907b30) 
thrown [s\src\hotspot\share\interpreter\linkResolver.cpp, line 1372]
Event: 1.307 Thread 0x00000223f39c4590 Exception <a 'java/lang/NoSuchMethodError'{0x00000000d5a03810}: 'long java.lang.invoke.DirectMethodHandle$Holder.invokeSpecial(java.lang.Object, java.lang.Object)'> (0x00000000d5a03810) 
thrown [s\src\hotspot\share\interpreter\linkResolver.cpp, line 773]
Event: 1.357 Thread 0x00000223f39c4590 Exception <a 'java/io/FileNotFoundException'{0x00000000d5c3ade8}> (0x00000000d5c3ade8) 
thrown [s\src\hotspot\share\prims\jni.cpp, line 520]
Event: 1.484 Thread 0x00000223f39c4590 Exception <a 'java/lang/NoSuchMethodError'{0x00000000d6152110}: 'java.lang.Object java.lang.invoke.Invokers$Holder.linkToTargetMethod(java.lang.Object, long, java.lang.Object)'> (0x00000000d6152110) 
thrown [s\src\hotspot\share\interpreter\linkResolver.cpp, line 773]

ZGC Phase Switch (0 events):
No events

VM Operations (20 events):
Event: 0.759 Executing VM operation: ICBufferFull
Event: 0.759 Executing VM operation: ICBufferFull done
Event: 0.777 Executing VM operation: ParallelGCFailedAllocation (Allocation Failure)
Event: 0.783 Executing VM operation: ParallelGCFailedAllocation (Allocation Failure) done
Event: 0.963 Executing VM operation: HandshakeAllThreads (Deoptimize)
Event: 0.963 Executing VM operation: HandshakeAllThreads (Deoptimize) done
Event: 0.985 Executing VM operation: HandshakeAllThreads (Deoptimize)
Event: 0.985 Executing VM operation: HandshakeAllThreads (Deoptimize) done
Event: 0.994 Executing VM operation: HandshakeAllThreads (Deoptimize)
Event: 0.994 Executing VM operation: HandshakeAllThreads (Deoptimize) done
Event: 1.007 Executing VM operation: HandshakeAllThreads (Deoptimize)
Event: 1.007 Executing VM operation: HandshakeAllThreads (Deoptimize) done
Event: 1.063 Executing VM operation: ParallelGCFailedAllocation (Allocation Failure)
Event: 1.067 Executing VM operation: ParallelGCFailedAllocation (Allocation Failure) done
Event: 1.103 Executing VM operation: HandshakeAllThreads (Deoptimize)
Event: 1.103 Executing VM operation: HandshakeAllThreads (Deoptimize) done
Event: 1.257 Executing VM operation: ParallelGCFailedAllocation (Allocation Failure)
Event: 1.262 Executing VM operation: ParallelGCFailedAllocation (Allocation Failure) done
Event: 1.266 Executing VM operation: HandshakeAllThreads (Deoptimize)
Event: 1.266 Executing VM operation: HandshakeAllThreads (Deoptimize) done

Memory protections (0 events):
No events

Nmethod flushes (0 events):
No events

Events (20 events):
Event: 0.037 Thread 0x0000022396e9d250 Thread added: 0x0000022396f572a0
Event: 0.037 Thread 0x0000022396e9d250 Thread added: 0x0000022396f58800
Event: 0.037 Thread 0x0000022396e9d250 Thread added: 0x0000022396f5c4e0
Event: 0.039 Thread 0x0000022396f5c4e0 Thread added: 0x00000223f1b11140
Event: 0.040 Thread 0x0000022396f5c4e0 Thread added: 0x00000223f1b1da40
Event: 0.061 Thread 0x0000022396f5c4e0 Thread added: 0x00000223f1b9be70
Event: 0.074 Thread 0x0000022396e9d250 Thread added: 0x00000223f1ce8cf0
Event: 0.105 Thread 0x00000223f1b11140 Thread added: 0x00000223f1d1b710
Event: 0.205 Thread 0x0000022396e9d250 Thread added: 0x00000223f336a000
Event: 0.269 Thread 0x0000022396f5c4e0 Thread added: 0x00000223f349d130
Event: 0.355 Thread 0x00000223f1d1b710 Thread added: 0x00000223f3681d20
Event: 0.566 Thread 0x0000022396f58800 Thread added: 0x00000223f81a7920
Event: 0.716 Thread 0x0000022396e9d250 Thread added: 0x00000223f886e310
Event: 0.837 Thread 0x0000022396e9d250 Thread added: 0x00000223f3392750
Event: 0.856 Thread 0x00000223f3392750 Thread added: 0x00000223f39c3b60
Event: 0.857 Thread 0x0000022396e9d250 Thread added: 0x00000223f39c4590
Event: 1.101 Thread 0x00000223f39c4590 Thread added: 0x00000223f8b74cf0
Event: 1.253 Thread 0x00000223f39c4590 Thread added: 0x00000223f8c5e070
Event: 1.512 Thread 0x00000223f81a7920 Thread exited: 0x00000223f81a7920
Event: 1.522 Thread 0x00000223f39c4590 Thread added: 0x00000223f81a7920


Dynamic libraries:
0x00007ff737a80000 - 0x00007ff737a8e000 	c:\Users\arnav\.antigravity\extensions\redhat.java-1.52.0-win32-x64\jre\21.0.9-win32-x86_64\bin\java.exe
0x00007ffea4f20000 - 0x00007ffea5188000 	C:\WINDOWS\SYSTEM32\ntdll.dll
0x00007ffea3b40000 - 0x00007ffea3c09000 	C:\WINDOWS\System32\KERNEL32.DLL
0x00007ffea2810000 - 0x00007ffea2c01000 	C:\WINDOWS\System32\KERNELBASE.dll
0x00007ffea1b30000 - 0x00007ffea1c7b000 	C:\WINDOWS\System32\ucrtbase.dll
0x00007ffe69890000 - 0x00007ffe698a8000 	c:\Users\arnav\.antigravity\extensions\redhat.java-1.52.0-win32-x64\jre\21.0.9-win32-x86_64\bin\jli.dll
0x00007ffe72720000 - 0x00007ffe7273e000 	c:\Users\arnav\.antigravity\extensions\redhat.java-1.52.0-win32-x64\jre\21.0.9-win32-x86_64\bin\VCRUNTIME140.dll
0x00007ffea4ab0000 - 0x00007ffea4c76000 	C:\WINDOWS\System32\USER32.dll
0x00007ffe834c0000 - 0x00007ffe83753000 	C:\WINDOWS\WinSxS\amd64_microsoft.windows.common-controls_6595b64144ccf1df_6.0.26100.7824_none_3e0870b2e3345462\COMCTL32.dll
0x00007ffea1e00000 - 0x00007ffea1e27000 	C:\WINDOWS\System32\win32u.dll
0x00007ffea4c80000 - 0x00007ffea4d29000 	C:\WINDOWS\System32\msvcrt.dll
0x00007ffea2f90000 - 0x00007ffea2fbb000 	C:\WINDOWS\System32\GDI32.dll
0x00007ffea18c0000 - 0x00007ffea19eb000 	C:\WINDOWS\System32\gdi32full.dll
0x00007ffea19f0000 - 0x00007ffea1a93000 	C:\WINDOWS\System32\msvcp_win.dll
0x00007ffea2eb0000 - 0x00007ffea2ee1000 	C:\WINDOWS\System32\IMM32.DLL
0x00007ffe9cb70000 - 0x00007ffe9cb7c000 	c:\Users\arnav\.antigravity\extensions\redhat.java-1.52.0-win32-x64\jre\21.0.9-win32-x86_64\bin\vcruntime140_1.dll
0x00007ffe41410000 - 0x00007ffe4149d000 	c:\Users\arnav\.antigravity\extensions\redhat.java-1.52.0-win32-x64\jre\21.0.9-win32-x86_64\bin\msvcp140.dll
0x00007ffdb72b0000 - 0x00007ffdb8050000 	c:\Users\arnav\.antigravity\extensions\redhat.java-1.52.0-win32-x64\jre\21.0.9-win32-x86_64\bin\server\jvm.dll
0x00007ffea4230000 - 0x00007ffea42e4000 	C:\WINDOWS\System32\ADVAPI32.dll
0x00007ffea3df0000 - 0x00007ffea3e96000 	C:\WINDOWS\System32\sechost.dll
0x00007ffea4110000 - 0x00007ffea4228000 	C:\WINDOWS\System32\RPCRT4.dll
0x00007ffea42f0000 - 0x00007ffea4364000 	C:\WINDOWS\System32\WS2_32.dll
0x00007ffea1660000 - 0x00007ffea16be000 	C:\WINDOWS\SYSTEM32\POWRPROF.dll
0x00007ffe99670000 - 0x00007ffe996a5000 	C:\WINDOWS\SYSTEM32\WINMM.dll
0x00007ffe8f900000 - 0x00007ffe8f90b000 	C:\WINDOWS\SYSTEM32\VERSION.dll
0x00007ffea1640000 - 0x00007ffea1654000 	C:\WINDOWS\SYSTEM32\UMPDC.dll
0x00007ffea0560000 - 0x00007ffea057b000 	C:\WINDOWS\SYSTEM32\kernel.appcore.dll
0x00007ffe892f0000 - 0x00007ffe892fa000 	c:\Users\arnav\.antigravity\extensions\redhat.java-1.52.0-win32-x64\jre\21.0.9-win32-x86_64\bin\jimage.dll
0x00007ffe9f330000 - 0x00007ffe9f572000 	C:\WINDOWS\SYSTEM32\DBGHELP.DLL
0x00007ffea37b0000 - 0x00007ffea3b36000 	C:\WINDOWS\System32\combase.dll
0x00007ffea3ea0000 - 0x00007ffea3f77000 	C:\WINDOWS\System32\OLEAUT32.dll
0x00007ffe88e00000 - 0x00007ffe88e3b000 	C:\WINDOWS\SYSTEM32\dbgcore.DLL
0x00007ffea2c10000 - 0x00007ffea2cb5000 	C:\WINDOWS\System32\bcryptPrimitives.dll
0x00007ffe8a9e0000 - 0x00007ffe8a9ef000 	c:\Users\arnav\.antigravity\extensions\redhat.java-1.52.0-win32-x64\jre\21.0.9-win32-x86_64\bin\instrument.dll
0x00007ffe66520000 - 0x00007ffe66540000 	c:\Users\arnav\.antigravity\extensions\redhat.java-1.52.0-win32-x64\jre\21.0.9-win32-x86_64\bin\java.dll
0x00007ffea3050000 - 0x00007ffea37a2000 	C:\WINDOWS\System32\SHELL32.dll
0x00007ffea1e30000 - 0x00007ffea1f9a000 	C:\WINDOWS\System32\wintypes.dll
0x00007ffea1fa0000 - 0x00007ffea2803000 	C:\WINDOWS\System32\windows.storage.dll
0x00007ffea4010000 - 0x00007ffea4106000 	C:\WINDOWS\System32\SHCORE.dll
0x00007ffea2cc0000 - 0x00007ffea2d27000 	C:\WINDOWS\System32\shlwapi.dll
0x00007ffea1720000 - 0x00007ffea1749000 	C:\WINDOWS\SYSTEM32\profapi.dll
0x00007ffe65440000 - 0x00007ffe65458000 	c:\Users\arnav\.antigravity\extensions\redhat.java-1.52.0-win32-x64\jre\21.0.9-win32-x86_64\bin\zip.dll
0x00007ffe86f20000 - 0x00007ffe86f30000 	C:\Users\arnav\.antigravity\extensions\redhat.java-1.52.0-win32-x64\jre\21.0.9-win32-x86_64\bin\net.dll
0x00007ffe945e0000 - 0x00007ffe94707000 	C:\WINDOWS\SYSTEM32\WINHTTP.dll
0x00007ffea0ab0000 - 0x00007ffea0b1b000 	C:\WINDOWS\system32\mswsock.dll
0x00007ffe65420000 - 0x00007ffe65436000 	C:\Users\arnav\.antigravity\extensions\redhat.java-1.52.0-win32-x64\jre\21.0.9-win32-x86_64\bin\nio.dll
0x00007ffe6fc70000 - 0x00007ffe6fc80000 	c:\Users\arnav\.antigravity\extensions\redhat.java-1.52.0-win32-x64\jre\21.0.9-win32-x86_64\bin\verify.dll
0x00007ffe88e50000 - 0x00007ffe88e95000 	C:\Users\arnav\AppData\Roaming\Antigravity\User\globalStorage\redhat.java\1.52.0\config_win\org.eclipse.equinox.launcher\org.eclipse.equinox.launcher.win32.win32.x86_64_1.2.1500.v20260121-1430\eclipse_11919.dll
0x00007ffea4d40000 - 0x00007ffea4ed7000 	C:\WINDOWS\System32\ole32.dll

JVMTI agents:
c:\Users\arnav\.antigravity\extensions\redhat.java-1.52.0-win32-x64\lombok\lombok-1.18.39-4050.jar path:c:\Users\arnav\.antigravity\extensions\redhat.java-1.52.0-win32-x64\jre\21.0.9-win32-x86_64\bin\instrument.dll, loaded, initialized, instrumentlib options:none

dbghelp: loaded successfully - version: 4.0.5 - missing functions: none
symbol engine: initialized successfully - sym options: 0x614 - pdb path: .;c:\Users\arnav\.antigravity\extensions\redhat.java-1.52.0-win32-x64\jre\21.0.9-win32-x86_64\bin;C:\WINDOWS\SYSTEM32;C:\WINDOWS\WinSxS\amd64_microsoft.windows.common-controls_6595b64144ccf1df_6.0.26100.7824_none_3e0870b2e3345462;c:\Users\arnav\.antigravity\extensions\redhat.java-1.52.0-win32-x64\jre\21.0.9-win32-x86_64\bin\server;C:\Users\arnav\AppData\Roaming\Antigravity\User\globalStorage\redhat.java\1.52.0\config_win\org.eclipse.equinox.launcher\org.eclipse.equinox.launcher.win32.win32.x86_64_1.2.1500.v20260121-1430

VM Arguments:
jvm_args: --add-modules=ALL-SYSTEM --add-opens=java.base/java.util=ALL-UNNAMED --add-opens=java.base/java.lang=ALL-UNNAMED --add-opens=java.base/sun.nio.fs=ALL-UNNAMED -Declipse.application=org.eclipse.jdt.ls.core.id1 -Dosgi.bundles.defaultStartLevel=4 -Declipse.product=org.eclipse.jdt.ls.core.product -Djava.import.generatesMetadataFilesAtProjectRoot=false -DDetectVMInstallationsJob.disabled=true -Dfile.encoding=utf8 -XX:+UseParallelGC -XX:GCTimeRatio=4 -XX:AdaptiveSizePolicyWeight=90 -Dsun.zip.disableMemoryMapping=true -Xmx2G -Xms100m -Xlog:disable -javaagent:c:\Users\arnav\.antigravity\extensions\redhat.java-1.52.0-win32-x64\lombok\lombok-1.18.39-4050.jar -XX:+HeapDumpOnOutOfMemoryError -XX:HeapDumpPath=c:\Users\arnav\AppData\Roaming\Antigravity\User\workspaceStorage\603311cd6a88f2ee341e435dc5e43a0b\redhat.java -Daether.dependencyCollector.impl=bf 
java_command: c:\Users\arnav\.antigravity\extensions\redhat.java-1.52.0-win32-x64\server\plugins\org.eclipse.equinox.launcher_1.7.100.v20251111-0406.jar -configuration c:\Users\arnav\AppData\Roaming\Antigravity\User\globalStorage\redhat.java\1.52.0\config_win -data c:\Users\arnav\AppData\Roaming\Antigravity\User\workspaceStorage\603311cd6a88f2ee341e435dc5e43a0b\redhat.java\jdt_ws --pipe=\\.\pipe\lsp-76dd976dd4a46593c990192a2d1f66b8-sock
java_class_path (initial): c:\Users\arnav\.antigravity\extensions\redhat.java-1.52.0-win32-x64\server\plugins\org.eclipse.equinox.launcher_1.7.100.v20251111-0406.jar
Launcher Type: SUN_STANDARD

[Global flags]
    uintx AdaptiveSizePolicyWeight                 = 90                                        {product} {command line}
     intx CICompilerCount                          = 12                                        {product} {ergonomic}
    uintx GCTimeRatio                              = 4                                         {product} {command line}
     bool HeapDumpOnOutOfMemoryError               = true                                   {manageable} {command line}
    ccstr HeapDumpPath                             = c:\Users\arnav\AppData\Roaming\Antigravity\User\workspaceStorage\603311cd6a88f2ee341e435dc5e43a0b\redhat.java         {manageable} {command line}
   size_t InitialHeapSize                          = 104857600                                 {product} {command line}
   size_t MaxHeapSize                              = 2147483648                                {product} {command line}
   size_t MaxNewSize                               = 715653120                                 {product} {ergonomic}
   size_t MinHeapDeltaBytes                        = 524288                                    {product} {ergonomic}
   size_t MinHeapSize                              = 104857600                                 {product} {command line}
   size_t NewSize                                  = 34603008                                  {product} {ergonomic}
    uintx NonNMethodCodeHeapSize                   = 7602480                                {pd product} {ergonomic}
    uintx NonProfiledCodeHeapSize                  = 122027880                              {pd product} {ergonomic}
   size_t OldSize                                  = 70254592                                  {product} {ergonomic}
    uintx ProfiledCodeHeapSize                     = 122027880                              {pd product} {ergonomic}
    uintx ReservedCodeCacheSize                    = 251658240                              {pd product} {ergonomic}
     bool SegmentedCodeCache                       = true                                      {product} {ergonomic}
   size_t SoftMaxHeapSize                          = 2147483648                             {manageable} {ergonomic}
     bool UseCompressedOops                        = true                           {product lp64_product} {ergonomic}
     bool UseLargePagesIndividualAllocation        = false                                  {pd product} {ergonomic}
     bool UseParallelGC                            = true                                      {product} {command line}

Logging:
Log output configuration:
 #0: stdout all=off uptime,level,tags foldmultilines=false
 #1: stderr all=off uptime,level,tags foldmultilines=false

Release file:
JAVA_VERSION="21.0.9" 
MODULES="java.base java.compiler java.datatransfer java.xml java.prefs java.desktop java.instrument java.logging java.management java.security.sasl java.naming java.rmi java.management.rmi java.net.http java.scripting java.security.jgss java.transaction.xa java.sql java.sql.rowset java.xml.crypto java.se java.smartcardio jdk.accessibility jdk.internal.jvmstat jdk.attach jdk.charsets jdk.internal.opt jdk.zipfs jdk.compiler jdk.crypto.ec jdk.crypto.cryptoki jdk.crypto.mscapi jdk.dynalink jdk.internal.ed jdk.editpad jdk.hotspot.agent jdk.httpserver jdk.internal.le jdk.internal.vm.ci jdk.internal.vm.compiler jdk.internal.vm.compiler.management jdk.jartool jdk.javadoc jdk.jcmd jdk.management jdk.management.agent jdk.jconsole jdk.jdeps jdk.jdwp.agent jdk.jdi jdk.jfr jdk.jshell jdk.jsobject jdk.jstatd jdk.localedata jdk.management.jfr jdk.naming.dns jdk.naming.rmi jdk.net jdk.nio.mapmode jdk.random jdk.sctp jdk.security.auth jdk.security.jgss jdk.unsupported jdk.unsupported.desktop jdk.xml.dom" 

Environment Variables:
JAVA_HOME=C:\Program Files\Eclipse Adoptium\jdk-17.0.10.7-hotspot\
PATH=C:\Program Files\Eclipse Adoptium\jdk-17.0.10.7-hotspot\bin;C:\Program Files (x86)\NVIDIA Corporation\PhysX\Common;C:\WINDOWS\system32;C:\WINDOWS;C:\WINDOWS\System32\Wbem;C:\WINDOWS\System32\WindowsPowerShell\v1.0\;C:\WINDOWS\System32\OpenSSH\;C:\Program Files\dotnet\;C:\Program Files\Git\cmd;C:\Program Files\Microsoft SQL Server\170\Tools\Binn\;C:\Program Files\nodejs\;C:\Program Files\Docker\Docker\resources\bin;C:\Users\arnav\miniconda3;C:\Users\arnav\miniconda3\Library\mingw-w64\bin;C:\Users\arnav\miniconda3\Library\usr\bin;C:\Users\arnav\miniconda3\Library\bin;C:\Users\arnav\miniconda3\Scripts;C:\Users\arnav\AppData\Local\Programs\Python\Python310\;C:\Users\arnav\AppData\Local\Programs\Python\Python310\Scripts\;"C:\Users\arnav\AppData\Roaming\Microsoft\Windows\Start Menu\Programs\Python 3.10\Python 3.10 (64-bit).lnk;C:\Users\arnav\AppData\Local\Programs\Microsoft VS Code\bin";C:\Program Files\Tesseract-OCR;C:\Users\arnav\AppData\Local\Programs\Microsoft VS Code\bin;E:\Stuff\Antigravity\bin;C:\Users\arnav\AppData\Roaming\npm;E:\ffmpeg\bin;C:\Users\arnav\AppData\Local\Programs\Windsurf\bin;C:\Users\arnav\AppData\Local\Programs\Ollama;C:\Users\arnav\AppData\Roaming\Microsoft\Windows\Start Menu\Programs\Python 3.10;C:\Users\arnav\AppData\Roaming\Microsoft\Windows\Start Menu\Programs\Python 3.10\Python 3.10 (64-bit).lnk;C:\Users\arnav\AppData\Roaming\Microsoft\Windows\Start Menu\Programs\Python 3.10\Python 3.10 (64-bit).lnk;C:\Users\arnav\.local\bin;
USERNAME=arnav
OS=Windows_NT
PROCESSOR_IDENTIFIER=Intel64 Family 6 Model 186 Stepping 2, GenuineIntel
TMP=C:\Users\arnav\AppData\Local\Temp
TEMP=C:\Users\arnav\AppData\Local\Temp




Periodic native trim disabled

---------------  S Y S T E M  ---------------

OS:
 Windows 11 , 64 bit Build 26100 (10.0.26100.7705)
OS uptime: 0 days 16:37 hours
Hyper-V role detected

CPU: total 16 (initial active 16) (8 cores per cpu, 2 threads per core) family 6 model 186 stepping 2 microcode 0x4128, cx8, cmov, fxsr, ht, mmx, 3dnowpref, sse, sse2, sse3, ssse3, sse4.1, sse4.2, popcnt, lzcnt, tsc, tscinvbit, avx, avx2, aes, erms, clmul, bmi1, bmi2, adx, sha, fma, vzeroupper, clflush, clflushopt, clwb, hv, serialize, rdtscp, rdpid, fsrm, f16c, cet_ibt, cet_ss
Processor Information for processor 0
  Max Mhz: 2600, Current Mhz: 2600, Mhz Limit: 2600
Processor Information for processor 1
  Max Mhz: 2600, Current Mhz: 1024, Mhz Limit: 2600
Processor Information for processor 2
  Max Mhz: 2600, Current Mhz: 1024, Mhz Limit: 2600
Processor Information for processor 3
  Max Mhz: 2600, Current Mhz: 2600, Mhz Limit: 2600
Processor Information for processor 4
  Max Mhz: 2600, Current Mhz: 2600, Mhz Limit: 2600
Processor Information for processor 5
  Max Mhz: 2600, Current Mhz: 2600, Mhz Limit: 2600
Processor Information for processor 6
  Max Mhz: 2600, Current Mhz: 2600, Mhz Limit: 2600
Processor Information for processor 7
  Max Mhz: 2600, Current Mhz: 1024, Mhz Limit: 2600
Processor Information for processor 8
  Max Mhz: 2600, Current Mhz: 1300, Mhz Limit: 1898
Processor Information for processor 9
  Max Mhz: 2600, Current Mhz: 1300, Mhz Limit: 1898
Processor Information for processor 10
  Max Mhz: 2600, Current Mhz: 1900, Mhz Limit: 1898
Processor Information for processor 11
  Max Mhz: 2600, Current Mhz: 1900, Mhz Limit: 1898
Processor Information for processor 12
  Max Mhz: 2600, Current Mhz: 1900, Mhz Limit: 1898
Processor Information for processor 13
  Max Mhz: 2600, Current Mhz: 1900, Mhz Limit: 1898
Processor Information for processor 14
  Max Mhz: 2600, Current Mhz: 1900, Mhz Limit: 1898
Processor Information for processor 15
  Max Mhz: 2600, Current Mhz: 1900, Mhz Limit: 1898

Memory: 4k page, system-wide physical 16107M (2334M free)
TotalPageFile size 27912M (AvailPageFile size 0M)
current process WorkingSet (physical memory assigned to process): 128M, peak: 128M
current process commit charge ("private bytes"): 282M, peak: 282M

vm_info: OpenJDK 64-Bit Server VM (21.0.9+10-LTS) for windows-amd64 JRE (21.0.9+10-LTS), built on 2025-10-21T00:00:00Z by "admin" with unknown MS VC++:1942

END.
